0.0409546 16384
1 5662
0 15294
0.848113 12562
0 11801
0.119304 7703
1 4335
1 6687
1 16384
1 16384
1 8011
1 16384
1 5228
1 15170
0 16384
0.926103 7524
0.217979 9166
0 14074
0.956295 14758
0.330101 9282
1 16384
0.785043 7983
1 5589
1 13863
0.113647 16384
1 9540
1 8337
0.830018 7389
1 5029
0 4879
0.526932 8373
1 16384
1 9820
1 16384
1 7344
1 16384
0.834294 11273
1 8426
0.686475 5183
0 4641
0 7052
0.957476 10300
1 15154
1 16384
1 8199
0 13823
0.255824 16054
0 9009
0.921626 4134
1 6908
1 15650
0 6552
0.554003 6083
0 5414
0.968821 15427
0 9341
0 7716
0 5220
0 4377
0.518226 13442
1 6195
1 6400
0.306213 16384
1 8815
1 13547
0 13413
0 13694
0 5472
0 11546
0 13539
0 5822
0 11001
0 5106
0 10710
0 10371
0 4774
0 6503
0 16384
0 10474
0 5066
0 11362
0.372464 6653
1 16384
0 8645
0 6460
0 6823
0 5459
0.479947 4563
1 9851
1 12981
1 14045
1 12867
0.238541 5236
0 16384
0 4364
0 9213
0.0909424 16384
1 10343
1 16384
0 7252
0.0737656 10086
1 16384
0.0213592 14935
0 4719
0 4648
0 16384
0.849539 14316
0 10659
1 6212
0 6446
0 16384
0 6860
0 7135
0 6477
0.297759 13296
1 16384
0 4151
0 11859
0.10268 4441
1 4823
1 4824
1 11228
0 14466
0.90591 8630
0.115836 14745
1 16384
0 4199
0 6473
0 4463
0 4308
0 5512
0.921097 14765
1 8591
0 4452
0.31783 7891
1 16384
1 11251
1 8995
0.145337 11635
0.716614 16384
1 7850
0 8864
0.13151 6471
0 16384
0 5464
0.87834 13883
1 16384
1 7946
0.204261 6384
0 4393
0 5041
0.917219 9664
0.284312 6827
1 7284
1 16384
0 5957
0.781677 16384
1 6262
1 16384
0.723457 10888
1 16384
0.523254 16384
1 8795
0.291489 8460
1 16384
0 5515
0.780336 14636
1 7297
0.360354 5650
1 6104
0.918263 6056
0.760644 10992
0 6734
0.634794 14830
0 6771
0 10011
0 7327
0.397664 6508
1 8588
1 6990
1 7714
0.280969 9784
1 13265
0 12871
0.627075 16384
0 11960
0.655327 6702
0.433264 13029
1 5964
1 12073
0 5751
0.0275444 7261
1 16384
1 7103
1 16384
1 16384
0.727475 4484
1 7836
1 7631
0.677298 12008
1 8621
0.941212 9849
0.972046 16384
1 5299
1 13666
1 4110
0.778723 4230
1 12809
1 11536
1 6021
0 4140
0.811862 4704
0.539548 6018
1 16384
1 5450
1 9719
1 11231
1 14411
0.947844 12616
1 10332
1 16384
0.909491 5679
1 10205
1 12179
0.925171 16384
0.478563 4315
1 5770
0.964415 9358
1 9103
1 16384
1 5951
1 8506
1 9264
1 7666
1 8455
1 5850
1 14230
0 5426
0.713368 9029
0 10964
0.985291 16384
1 4325
1 14348
0.625822 8210
1 9566
1 12516
1 12053
1 16384
1 8946
1 13142
1 14892
1 16384
1 5176
1 16384
1 16384
1 7643
1 16384
1 6265
1 4161
1 9006
0.963796 10275
0.802909 12101
1 14659
1 13108
0.801575 16384
0.127124 8417
1 6753
0.33563 5950
0 5723
0.532616 10869
1 16384
0.584535 13178
1 8811
0.789185 16384
1 4856
1 7438
0.462314 10017
1 16384
0.629302 5433
0.885168 13916
1 16384
1 4862
0.538779 7994
0 6636
0.431639 15879
1 16384
1 16384
1 8866
0.898213 8675
0.729032 7905
0.241754 7640
1 8236
0.0551217 6658
1 16384
1 16384
1 5930
1 16384
0.507102 9434
1 8891
1 8549
0.0158917 10194
1 12083
0.396656 7475
0.805078 8429
1 5052
1 12821
1 11342
1 8165
1 5740
1 16384
1 8239
1 16228
1 11225
1 10996
1 10194
1 12373
0.923787 14840
0 10267
0.650879 16384
1 4198
1 16384
1 7611
1 11495
1 12036
1 13605
1 16384
1 16384
0.815543 12713
0.892347 8323
1 10560
1 16384
1 10884
0.805273 4817
0.789411 5893
1 9141
1 15371
1 4309
1 8241
0.747925 16384
1 9864
0.972792 15069
1 16384
1 11312
1 4478
1 8313
1 6694
1 12318
1 16384
0.55717 4819
1 6164
0.864615 10075
1 7404
1 8708
1 16384
1 16384
1 9042
0 16384
0.907265 5478
1 12420
0.659109 5028
1 7950
1 7815
1 16384
0.85199 16384
1 5345
1 5064
0.325209 5744
1 16384
1 11876
0.936055 9258
1 12250
1 7356
1 10851
0.527466 16384
1 16384
1 8817
0.812661 4281
0 4242
0.699164 15437
0 6086
0.459137 15760
0.788389 7717
0.518823 8022
1 5294
0.736139 12806
1 16384
1 16384
1 16384
1 16384
1 8950
0.382068 5889
1 8271
1 16384
1 6268
0.253518 4193
1 14965
1 16384
1 6306
1 6588
0 4612
0 5116
0 4403
0 6050
0 4629
1 16384
1 12378
1 7092
1 6310
1 8814
0 4219
0.29737 9695
0.0792279 8911
0 7735
0.81384 11705
1 11786
1 16384
0 4404
0.63017 8777
1 6821
1 9190
1 13286
0.673465 4952
1 9731
0.398359 11457
1 16365
1 13435
1 11756
0.801351 6514
1 7273
0.96165 8240
1 10400
0.849388 7516
0.649017 6610
1 7211
0.670444 5471
1 4522
0.463252 15266
0.218811 6677
1 6605
0.836903 7051
1 16384
0 4841
0.603755 12038
1 5647
1 11843
1 8342
0.21776 6250
1 6373
0.709772 13927
1 8025
0.626133 12352
0.838156 15484
1 13254
1 5662
0.690618 6555
1 16384
1 9998
1 16384
1 16384
1 13123
1 12997
0.181147 9070
1 12524
1 4639
1 10356
0.959233 14865
1 14246
0 16384
0 4194
0.93211 9427
0 6876
0.957214 16384
1 16384
1 5343
0.278117 11301
1 8681
0.0951562 6400
1 16384
1 7331
0.926252 5112
1 16384
0 5981
0.729246 5806
1 16384
1 16384
0.649007 5587
1 4470
1 7307
0.873217 7643
1 5760
1 8702
1 16384
0.93172 8553
1 12805
1 11623
1 5057
1 16384
1 7486
1 4694
0.886632 7877
1 16384
0.390625 8128
1 4424
0 7048
0.254781 4392
1 6832
0 5583
0.571815 6656
1 16384
1 7136
0.151609 5811
1 5699
0.846791 10750
1 13158
0 4294
0.157207 7576
1 16384
1 7754
1 5005
0.764709 16384
1 16384
0.832519 8395
0.850406 14887
1 9661
0.908014 6164
0 4490
0 4656
0.864693 4560
1 7104
0.835845 5507
1 9049
0.372229 4602
1 5163
0 5091
0.868281 7144
1 10227
0.487434 8157
1 16384
1 6202
1 12532
1 10076
1 9848
0.947699 15927
1 8095
1 4943
1 10260
1 13691
1 9899
1 13612
1 15750
1 6739
0.23835 12532
1 13969
1 8850
0.984497 16384
1 5280
1 16384
1 16384
1 7889
1 16384
1 5496
1 10112
1 11345
1 6513
0.974609 16384
1 9642
1 5346
0.932572 5339
1 10054
1 4228
0 5542
0 5463
0.548824 4209
1 9840
1 15253
1 12344
1 8003
0.812333 10865
1 12413
1 16384
1 16384
1 8576
1 16384
0.820495 5894
0.918634 9783
0.615667 8987
1 10519
0.162532 4676
1 6094
1 8314
1 16384
0.0551671 11583
1 6681
1 7082
0.311225 10343
1 15982
1 4771
1 15293
0.749729 6465
1 8372
1 6165
0.630816 8619
1 6800
0.627403 6605
0.87793 16384
0.633445 4174
1 4812
0.877491 10187
1 11233
0.130416 6901
1 5727
1 8649
1 5538
0 4988
0.512204 10529
1 15683
1 10410
1 13131
1 12972
1 5262
0.924438 16384
1 4845
1 10789
1 16384
1 5975
1 4612
1 8817
1 16384
1 5078
1 4815
1 5425
1 10022
1 6610
1 15673
0 6201
0.862096 10297
1 9580
0.675244 10959
1 16384
1 13071
0 4295
0.299155 7334
1 14265
1 5824
1 5665
1 16384
1 7123
0.587791 5029
1 9978
1 14204
0 4592
0 5140
0.825543 13115
1 6174
0.965149 16384
1 13034
1 14923
1 15108
1 14854
0.0433655 10792
1 10587
0.887541 10964
1 9261
0.517925 10795
0.422986 8057
1 10248
1 9910
1 15569
0.700428 14267
1 9355
1 5481
0.743103 16384
0.430169 15473
1 16384
0 5142
0.177049 6710
1 7108
0.823624 8119
0.324694 11768
1 12814
0 6193
0 5053
0 5415
0 9765
0.10928 10862
1 16384
1 16384
1 9963
0.344327 6337
0.188242 8505
1 16384
1 16384
1 6931
1 12945
0.55489 4509
1 16384
0.0506898 6234
1 4227
0 4166
0 4448
0.0485315 15969
1 16384
1 7981
0.253834 5803
1 16384
1 4318
1 8489
1 5890
1 10273
1 16384
1 16384
0 7311
0 5876
0 4461
1 9778
0.387904 13145
0 9132
0.567654 6245
1 8475
0 4272
0.929549 4528
0 8994
0 6540
0 13609
0.579224 16384
1 16384
1 9117
0 4336
0.0527285 5974
0.208226 12448
1 6975
0.876265 9884
0 12893
0.0944882 8509
0 16384
0 4181
0.392219 10359
1 11881
0.62738 16384
1 11589
1 11363
0 4668
0.175149 6366
0 7369
0.789057 4551
0.259605 4711
1 7897
0.948321 7682
0.699555 4723
1 12520
0.904453 5861
1 6719
1 10768
0 4687
0.438991 8720
1 5490
0.967224 16384
1 16384
1 12555
1 16384
1 9474
1 7862
1 4633
1 9153
0.283248 7993
1 5025
0.0771337 6573
0.59021 16384
0.373489 9015
1 7689
0 6367
0.800283 14110
1 4469
0.91271 11204
0.89563 16384
1 15377
1 12184
1 4837
0 12650
0 4424
0.715088 16384
1 13353
1 4290
1 14590
1 4460
0.0648622 4101
1 10497
1 16384
0 4730
0 9155
0 5137
0 7117
0 4608
0 5676
0 14158
0 4118
0 6483
0 7982
0.941477 6664
1 5619
0 6600
0 16317
0.833776 15437
0 9313
0.0172892 6131
0.233118 4946
1 12441
0.379527 7952
1 16384
1 6937
1 8316
0 10596
0.885765 12308
1 13340
0 10561
0 16384
0 4630
0 6397
0 7260
0.962506 10535
0.135893 8411
0 14465
0.21901 9374
0 10590
0.0187177 4648
1 9647
1 10341
0 5490
0.599812 4248
1 12092
1 7598
0.196883 5069
1 12967
0 9343
0.569615 7089
0 7345
0 7297
0.280109 11724
1 5606
0 4476
0 8350
0 10608
0 6988
0.0673921 5238
1 8526
0 5171
0 11285
0 7349
0.307503 5691
0 16384
0 7114
0.727112 16384
0.62085 7741
1 5640
0.895752 12758
1 9920
0 5003
0.424199 10356
1 16384
0 16384
0.59491 16384
1 6688
1 7879
1 7828
1 16384
0 10882
0.206914 8129
1 8923
0.227583 6156
1 5864
1 10094
0.565182 4963
1 13061
0.290464 7760
0.280131 15325
1 6764
1 8004
0 9394
0.657288 16384
0 10428
0.913865 8626
1 5222
0 8559
0.565936 13786
1 8441
1 6776
1 4274
0.801959 11947
1 7063
0 8211
0.297858 5741
1 11004
1 16384
1 12947
0 6824
0 16384
0 4510
0 6435
0 10116
0 6362
0 11455
0.441707 6373
0 7136
0.924245 10402
1 15645
1 14786
0.281828 6543
1 11274
1 7307
0 12632
0 6780
0 16384
0 5040
0 4345
0 7369
0.73673 5614
1 15803
0 9865
0 8282
0 5106
0.556538 15494
1 11081
0.421653 13938
0 7966
0.226379 16384
0.272207 6811
1 16384
0 8522
0 16384
0 4531
0 11700
0.9265 7102
1 16384
0 10071
0 4458
0 6892
0.92245 5893
0 7814
0 7142
0 16384
0 4477
0 12908
0.4192 9177
1 9049
0.396057 11261
0 10728
0 7699
0 6589
0 5082
0 4586
0 5481
0 13022
0 4968
0 8168
0.6409 5912
1 9515
0 7325
0.914442 6931
1 12265
0.472258 6236
1 7146
1 10475
0 16384
0.638122 7754
0 15762
0.939241 7900
0 16384
0.835566 14334
0.323285 5540
1 16384
0 6871
0.820287 11702
1 9983
1 9110
0 6109
0 5502
0.898699 10454
1 10796
0 9729
0 8289
0.591814 5277
1 14448
0 5380
0 6377
0.280165 10194
0 11508
1 10544
1 15510
0 10323
0.865038 10603
1 10076
0 4158
0 11905
0 5399
0 14086
0 7943
0 16384
0 11164
0 7846
0 9222
0 5261
0 4393
0 10055
0 4170
0 10393
0 15783
0 10993
0 16384
0 12269
0 5807
0 6930
0 4677
0 7962
0 8888
0 14860
0 5580
0 5738
0 4428
0 6348
0 10781
0 8192
0 10801
0 4688
0 8924
0 4627
0 6262
0 4535
0 7120
0 7844
0 12148
0 7044
0 6138
0 8070
0 6450
0 10410
0 4831
0 9509
0 7146
0 5352
0 5297
0 12988
0 7377
0 4963
0 9735
0 5464
0 12525
0 4861
0 6450
0 11516
0 13734
0 11347
0 4964
0 9452
0 4584
0 7696
0 4225
0 7925
0 11006
0 5452
0 5825
0 5118
0 5429
0 5485
0.0578842 6012
1 5359
0 6274
0 4118
0 5059
0 10971
0 8714
0.961705 9923
0.0807716 13012
1 16384
1 12132
1 9793
0.403809 16384
0 4368
0.66721 10424
0.706845 12461
1 7838
0.900355 5349
1 8291
0.749456 8733
1 16384
0.905273 16384
1 6394
0.134166 8646
1 4423
1 7322
0.906938 13679
1 12795
0.43019 8917
1 11441
0 4284
0.40646 16223
1 16384
1 16384
0.515943 7621
1 6110
0.886181 6238
1 9791
0.070414 14855
1 6168
1 6665
0.178874 6144
0 6146
0.699983 5913
1 8694
0 9723
0.473006 4112
1 5745
0 13491
0.382263 16384
1 5636
1 6063
0 5244
0.181563 5695
1 15203
1 5904
1 6691
1 10989
0.293172 13620
0.399597 16384
1 15657
1 15699
1 4690
0 4834
0.958614 5799
1 16384
1 10751
1 16384
1 16384
1 12540
1 8482
1 8451
1 11730
0.841187 16384
1 4193
1 4425
0.3899 13347
1 16384
0.481737 12046
0.0801176 8163
1 8498
1 12615
1 9606
0.567139 16384
0.785889 16384
0.531289 6392
0 12577
0 6812
0 7719
0.713069 6106
1 6392
0.417498 7921
0.233472 5037
1 6868
1 10840
0 10239
0.0890116 5797
1 5581
1 16384
1 7552
1 4554
1 12751
1 7874
1 15559
0 16384
0.176758 16384
1 16384
1 12519
1 4865
1 4896
1 16384
1 16384
1 15094
1 10072
1 5453
1 12194
1 6221
0.914888 7214
1 16384
0.869337 9536
0.265619 5026
1 12176
1 16384
0.621815 10204
1 8367
1 13754
1 4478
1 9499
1 6564
1 6254
1 4487
1 8357
1 5368
0 16384
0 16384
0.0498303 14730
1 6173
1 7661
1 8095
1 16384
1 8779
0.81311 16384
0 8824
0.897685 6392
0 4169
0 5502
0.425476 16384
0.503586 5020
1 10627
1 16384
0.017158 6411
0 5826
0 14387
0.500549 16384
0 10285
0.104196 13657
1 9544
0 4458
0.738163 5618
1 12565
0.0784302 16384
1 6365
1 9992
0.546824 8959
0 7249
0.928955 16384
0.087437 11311
1 16384
0.772406 7632
1 15202
1 8922
1 10483
0 9084
0.135877 9619
1 11607
0 7442
0.205797 6521
0.407338 14472
0.921265 16384
1 7568
0 16384
0 15294
0.816793 7134
0 4455
0.665222 16384
0.852722 16384
1 9434
1 9012
0.917241 11032
0.0303955 16384
0.287359 4952
1 16384
0.524963 16384
1 4182
1 4761
1 4817
1 16384
1 16088
1 8127
0.569007 10738
1 16384
0 12030
0 16384
0.875827 4985
0.186353 5232
1 13837
0.238177 6407
0.372517 9060
1 15109
0 9692
0 4425
0 4268
0 4902
0 8095
0 5973
0.82333 4132
0 6012
0 4258
0.732361 6307
1 5195
0.894147 5536
0.0773255 12234
0 7916
0 9375
0.695735 7362
0 4293
0.951861 6689
0 4734
0.19996 5031
0 5055
0.525441 7704
0 7807
0.686479 9859
0 5608
1 9156
1 10100
0 10526
0.824327 13935
0 12649
0.710217 7057
0 9326
0.877702 12167
0 4951
0.240083 4361
1 7740
0 4332
0.406236 8948
0 4118
0 6774
0.523631 15721
1 4690
0 6073
0 4635
0.604653 9971
0.655573 6460
0.535703 6414
0 5468
1 10624
1 11505
0.190147 14310
1 12607
0 5682
0 7902
0 4802
0.367597 4981
1 4230
0.687753 5185
0 4465
0 7520
0 6870
0.485184 10192
0.0855467 5798
1 14502
1 6652
0.386108 16384
1 11997
1 4892
0.976583 10676
1 7934
0.430157 11354
1 13730
0 14804
0 9722
0.763883 4574
0.517689 4240
1 6963
0.990819 9476
0.0111777 8678
0.166143 7319
0 16384
0 12757
0 7882
0.563529 14033
1 5598
0 16261
0 14018
0.923979 10655
1 14239
0.523014 4128
1 5732
1 7348
0.553895 9370
1 10937
0.6875 16384
0 10838
0.699027 8220
0 6998
0 6044
0 4783
0.062439 16384
1 15527
1 5836
0 13742
0.65243 9178
0.166515 8810
1 7038
0.906362 16158
1 8556
0 4473
0 5753
0 4293
0.693284 10557
1 6130
0.928245 5909
1 6934
1 5905
1 8910
0.104325 8972
1 5385
0 4231
0.41665 5105
0 6737
0.200672 6543
1 6138
0.240073 5490
0.978022 9919
1 16384
0.0975075 10953
1 16384
0 13909
0.114281 11918
0 6147
0 4169
0 7399
0.943893 8359
0.522623 15648
0 5243
0 14343
0 6649
0.600403 16384
1 7465
1 9143
0.709067 4489
0.256426 14940
1 12397
0.0264822 5060
1 16384
0 6161
0.981647 14875
1 16251
0 6331
0.733604 4437
1 5275
1 16384
0 9295
0 4371
0.0821759 13824
0 16384
0 7844
0 12926
0 4376
0.0241495 4762
1 16384
0 4913
0 6051
0 6810
0.670546 9452
0 4315
0.853049 7642
1 16384
0 6431
0 6452
0 15337
0 4264
0.447128 13873
1 4990
1 16154
1 4817
1 4421
1 16384
1 6390
1 10376
1 16384
1 10332
0.239227 7658
1 16032
1 16384
1 16384
1 11178
0 9654
0.447802 7347
1 10890
0.792297 16384
1 13129
1 13672
1 16384
1 12647
1 16384
0.290222 16384
1 4450
0.757738 11987
0.596588 16120
1 16384
0.103271 16384
1 14556
0 6664
0.535509 8364
1 6103
1 7531
1 10934
0.265846 6500
1 11395
0 16384
0 16384
0 10212
0 7618
0.842795 6412
1 16384
0 4285
0.46637 16384
1 5000
0.240295 16384
0 13395
0 16384
0.783133 7387
1 14939
0.842894 13946
0 7840
0.167516 13736
1 9983
0.86947 13698
0.192668 7474
1 7304
1 4123
0.603711 9647
1 8612
0.457126 6694
1 5194
0.953751 9730
0.356506 15018
1 16384
1 8432
1 6516
1 10718
1 5957
1 16384
0 16384
0 16384
0.623288 5548
1 9390
1 6602
0.589813 7716
0.604695 5325
1 13117
0.7712 13632
0 9108
0 5830
0 5162
0 4971
0 16384
0 16384
0 13790
0 11224
0 9984
0 10167
0 8303
0 12301
0 4511
0 12791
0.72425 8272
0 16384
0 6574
0 4757
0 9135
0.897598 8408
0.176302 5916
1 6637
0 11867
0.175974 5927
1 5960
0.0723707 14329
1 5126
0 8192
0 8345
0.114888 9061
1 11533
0 11114
0 4380
0 8911
0 16384
0.8499 13531
0 8019
0 10420
0.839333 4861
1 16384
0.973304 13635
0.866105 7954
0.487858 10542
0 9233
0.67655 7791
0 14275
0.3397 13821
1 8214
0.475403 16384
0.161033 4142
1 16384
0 12119
0.450596 5617
0 12093
0.260902 16236
1 7918
1 16384
1 16384
1 16274
1 15923
1 16384
0.256795 9786
1 5265
0 4339
0 14848
0 5249
0.841187 16384
0.591187 16384
1 4541
0.899597 16384
1 13248
0 10101
0 7199
0 4753
0 16384
0 13026
0 12273
0.833801 16384
0 9659
0 5161
0.919277 5203
0 6480
0 11311
0 16384
0 6304
0 6151
0 16096
0 13701
0 8324
0 6269
0 5334
0 16384
0 8382
0 9438
0.885559 16384
0 11026
0 14422
0 13510
0 16384
0 16384
0 4764
0 5201
0.184082 16384
0 16384
0.865711 11855
0 7176
0 4514
0 15028
0 10629
0.489933 11473
0.840302 6481
0 4885
0 4402
0 5793
0.371194 16226
0 4099
0.355804 6349
1 12392
0 16384
0 5822
0 8132
0 11979
0.712662 10204
1 11440
0 11204
0 11582
0 7996
0 8503
0 7819
0 9117
0.617014 9110
1 6395
0 6292
0.0475802 7356
1 16384
1 4327
0.930747 13790
1 16384
0.315495 5008
1 16384
1 16384
0.801099 10372
1 14518
0.436157 16384
1 5393
0 4665
0 8413
1 4411
0 4099
0 5042
0 16384
1 4611
0.10654 13394
1 16384
0 4970
0.672094 6142
0 16384
0.924113 13072
0 6439
0.343318 10783
1 16384
1 16384
0 16384
0 8957
0.246515 4519
0.506297 8655
0 10416
0 11689
0 16384
0 6016
0.233826 16384
0.128411 13815
0 4225
0 7802
0 13651
0 6593
0 10522
0 5713
0.79101 6852
0 4928
0 8805
0 10767
0 9902
0.087709 6818
0.0181019 7734
1 16384
0.774926 10752
0.0169759 5066
1 4494
1 5715
0 5386
0 5365
0 5921
0.642906 16245
0 9624
0 13659
0.638989 5853
1 13357
0 9074
0.384921 6300
1 16384
0.715454 16384
0.621704 16384
0 7997
0.862982 5554
0 7917
0 7058
0 9262
0 4145
0 5778
0.75518 9991
1 16384
1 7899
1 12376
1 16384
0.733894 4284
1 9971
0.770186 5313
1 5256
0 4201
0.555751 6242
0 7068
0.612094 9046
1 7256
1 4707
1 16384
1 7401
0.908022 9611
1 11506
0.738647 16384
1 5085
1 16378
0 9230
0.310289 12440
1 14125
1 4383
0.91378 7794
0 6235
0.38549 8091
1 13052
1 14445
0 6599
0.0837919 11266
1 4636
1 15506
1 5284
1 4115
0.888617 5728
1 9718
0.794148 8647
1 13911
0 6919
0 8944
0 4970
0.174529 7970
1 12488
1 16384
1 15317
0.661388 5115
1 14090
0.314755 4683
1 9935
1 9051
0.556789 9729
1 10269
1 13372
0.650328 13873
0.718181 11589
0.812418 12949
1 5530
1 16384
1 6501
1 11250
0.439546 5285
1 16384
1 4620
1 12994
1 10861
1 16384
0.289253 6904
0.766392 12277
1 6069
1 14339
0 8271
0 9294
0.79311 5602
1 16384
0.718074 9389
1 5020
0 4301
0 16141
0.0430046 15696
1 7793
0 5018
0 4157
0.900918 8932
1 16384
0 7340
0 5778
0.707825 16384
0 5410
0 8141
0.896561 7734
1 14816
0.887939 16384
0 15581
0.576923 8658
0 7302
0.642334 16384
1 4189
0 4212
0 4692
0.556801 6778
1 16384
1 11747
0.389186 6732
1 4224
0.556802 5792
1 6507
1 5180
0.551224 9439
1 4391
0.929095 13906
1 13424
0.942434 4864
0.935808 16326
1 10920
0.744672 6991
0 8392
0.404687 6998
1 5494
1 11662
1 12890
0.76551 5416
1 4166
0.576049 6246
1 13493
0.746707 5922
1 11585
0.513585 12808
0 16384
0 5401
0 7492
0.54268 13402
1 6080
0.658835 10640
1 12032
0.607123 8873
1 16384
0 4102
0.620233 4300
1 8080
0.269666 7424
1 11678
0.752588 15068
0.82726 8452
1 16384
0 6436
0 5246
0.273432 6060
0 5544
0.627637 4313
1 16384
0.570463 5769
0 15630
0 5276
0.391181 5307
1 12566
1 8479
0 13338
0.885061 12598
1 6247
0.799192 8167
0.655124 7797
1 11186
0 10630
0.621519 11311
1 13333
1 9238
1 14674
1 4375
1 9654
1 7372
0.580449 7253
1 5271
0.206881 8604
1 7813
0.403497 7321
1 16384
0.444067 9422
1 15976
0 8709
0.305566 10168
0.378487 6489
1 11960
1 11338
0.742676 16384
0.22096 13903
1 4692
0.812925 7938
1 8138
1 6332
1 13094
0.904927 15283
1 16384
0 4667
0 6013
0.10292 6131
1 16384
0.707642 9762
1 6560
0.976206 4623
1 9679
0.579041 16384
0.829041 16384
0 15246
0.697083 16384
1 7295
0.558909 14446
1 7460
0.43189 12311
1 16384
0 9252
0 4511
0.604271 10022
1 5122
0.993576 13388
0.246226 7485
1 13938
0.186296 12974
1 7752
1 16384
0 6205
0.591659 4604
0 5099
0.414717 6754
0 5119
0 16384
0.824128 14158
1 4640
0 5180
0.695893 9010
1 8267
0.969856 10317
1 6579
0.676118 5925
0 4941
0 12292
0 8762
0 10543
0 10002
0 4384
0.567844 7613
0.63817 16353
0.959157 7737
1 7949
0 13463
0.4646 16384
1 7010
1 4166
0.0228048 5569
0.529541 16384
1 16384
1 16384
1 5694
0 5784
0.878501 10675
1 9851
1 6532
1 16384
0 7508
0.18456 5039
1 5687
0.1245 13510
1 8013
0 8468
0.541931 16384
1 13236
1 16384
1 9590
1 12771
0.0416054 4759
1 4270
0 6655
0 6656
0.501397 6444
1 12067
0.294429 10967
1 12239
0.358683 12242
0 12742
0.320599 5680
0.91683 6132
0.878473 13857
1 14848
0.383982 8141
1 16288
1 11050
0.353271 16384
1 6692
0 6570
0.423567 8393
0 7198
0.824317 16285
1 13700
1 4491
0.81704 5575
1 10141
0.936268 9838
1 7517
0.819776 7130
0 5405
0 4552
0.739954 9929
1 11350
0.629904 9865
0.527893 16384
0 4282
0.410461 9884
1 11463
0 16384
0 16384
1 11994
0.750578 5625
0 7160
0 4313
0 15816
0 16384
0 4847
0.4844 6218
1 16384
0 12286
0 7354
0 6339
0 8209
0 10111
0.545288 16384
1 13221
0 6947
0 4252
0 7520
0.743228 12626
0 14803
0 6931
0.0592624 11660
1 12701
0 7782
0 5870
0 4219
0 9906
0 8149
0.136351 10473
1 8513
0.681335 16384
1 16384
1 4864
1 10958
0.602982 5098
0 4460
0 5124
0 14979
0 9606
0.521726 9896
1 12342
0.39186 7666
0.796387 16384
1 9894
0 8320
0.127345 8049
1 16384
0.474055 4259
0 11692
0.891014 4340
0 13129
0 4851
0 15368
0 7690
0 5338
0 6851
0 16384
0.307617 16384
0.550484 14985
0.789004 15479
0 7217
0.0675044 10903
1 4686
0.0923359 4906
1 5946
1 8642
0 10807
0.955261 16384
1 9594
0 4595
0.755376 11254
1 16384
0.43052 5498
1 8267
0.117638 6826
1 16384
1 12625
0 6291
0 15512
0 4285
0.907317 15580
0 4353
0 6116
0 8204
0 6751
0.184038 7493
0.605969 5596
0 8005
0 8684
0 6348
0 8035
0.609403 6147
1 16384
0 16384
0 14490
0.812212 8893
1 16384
0.542631 7084
1 16384
1 11027
1 7655
1 6640
0 14935
0.840473 13446
1 6438
0 4452
0 6303
0 4167
0 7198
0 4771
0 5967
0 13603
0.278268 7712
0.771083 10755
0 4359
0.851257 16384
0 5388
0.205566 16384
0 7456
0 5410
0 5278
0.877784 6644
1 16384
0 4502
0 4102
0 5581
0 11724
0 16384
0 4366
0 4194
0 14995
0.565097 5077
1 12580
0.702912 5288
0 16384
0.679464 13961
0.578979 16384
0.573826 4172
1 6175
0.894367 6125
1 16384
0 16384
0 7529
0 12646
0 10082
0 4908
0 14588
0 10855
0 5292
0.768799 16384
0.987549 16384
0 5143
0 16384
0 16384
0 16384
0 16384
0 13844
0 9687
0 4472
0 6632
0.749448 5887
0 8982
0 13941
0.215987 6255
1 6123
0.153073 12334
0 16384
0.712452 14801
0 16384
0 4104
0 4338
0 4234
0 7550
0 16384
0 12693
0 14432
0 12944
0 7219
0 4844
0.936575 8719
0.345479 10209
0 6828
0 16384
0 8785
0 16384
0 8090
0 4691
0 8565
0 4665
0 10657
0 7549
0 9594
0 7645
0 9601
0 8877
0 5737
0.269502 6512
0 7448
0 9647
0 4985
0.223905 12483
1 16384
0 4821
0 4501
0 4737
1 15314
0 11241
0 7300
0.426819 16384
0 10185
0.35887 11539
0 7532
0 13727
0 16384
0 10859
0 4123
0 4667
0 6114
0 5845
0 6710
0.577461 7507
1 8729
0.525315 15623
0.280433 13472
0 6509
0 7128
0 7988
0 13831
0.945862 16384
1 16384
1 10132
1 16384
1 7333
1 9654
1 16384
1 5134
1 16384
0 4674
0 6555
0.913721 10721
1 16384
0 16384
0 4333
0 4894
0 4569
0.569686 6967
0 8281
0.836791 6507
0 11416
0.341614 16384
1 4640
0 5547
0 5242
0.830629 14914
1 13696
0 7242
0 14660
0 14973
0 4544
0 4365
0 4130
0 4536
0 4706
0 4356
0 4342
0 8494
0 4471
0 7135
0 5109
0 9697
0 8492
0 16384
0.423775 5123
1 7785
1 5263
0.43598 9911
0.631122 6330
0 10430
0 14168
0 15590
0 4807
0 9767
0 5314
0 10488
0.139491 10015
0 9899
0.566381 5491
0 9029
0 16384
0 5071
0 14145
0 7446
0 15977
0 4246
0 9842
0 8887
0 16384
0 16384
0 4138
0 16384
0 6509
0 5204
0 8759
0 11673
0 4344
0 15895
0 16384
0 11564
0.176789 6273
1 13894
0 11124
0 4631
0 8297
0 16384
0 4776
0 5614
0 5075
0 14872
0 4170
0.0343278 12905
0 13939
0 10367
0 5459
0 4776
0 4616
0 6172
0.0154584 8345
1 7836
0.50177 16384
0 8230
0 10129
0.829651 16384
0.186505 13501
0 10794
0 8165
0 10308
0.867665 5811
0.189967 12160
1 10630
0.696045 16384
0.849108 16038
0 10379
0 11229
0 9203
0 7588
0 10856
0 8579
0 5881
0 7857
0.472634 10323
1 10405
0 10260
0.371582 16384
0 4425
0 13825
0 16384
0 10193
0.360596 16384
1 16384
0 9149
0.794006 16384
0 6342
0 4924
0 8941
0 7856
0.24724 7155
1 9550
0 16309
0 16384
0.390819 12896
1 6764
0 6198
0 6540
0 11689
0 16384
0 9391
0 4844
0 14771
0 16384
0 6138
0 14921
0.743408 16384
1 16257
1 5686
0.515524 5701
0 5418
0.845052 12217
0 13373
0 8855
0 16384
0 4986
0 4908
0 5202
0 8428
0 4670
0 4980
0.0234876 16051
0 16384
0 9098
0 6154
0 12424
0 5675
0.0412702 9668
1 7453
0 14578
0 12348
0 6223
0 8320
0 16384
0 16384
0 16384
0 8647
0 16384
0 8720
0 4954
0 5071
0 11504
0 16384
0 5134
0.831302 4102
1 8241
1 7577
1 10629
0.880603 7228
0 14157
0.580174 12398
0 13564
0.0746558 5666
0 7329
0.587463 8758
0 15448
0.558048 11146
0 12800
0.0307925 6625
0 9003
0.397335 9005
0 12653
0.478752 9836
0 13038
0.673096 16384
1 6636
0 11909
0.371132 6755
0 6841
0.247223 5671
0 7317
0.787994 6047
1 12096
0 4128
0 13887
0 10337
0.453147 11184
1 5495
0 4128
0 14062
0 10410
0.398244 9793
1 11752
1 12314
1 12559
0.0834887 6971
0.48466 10756
1 10433
1 13270
1 16384
1 6745
1 7216
0 10093
0.923508 5713
1 7263
0 6916
0.484094 7387
0 16384
0 9809
0.403879 11189
0 16384
0.889846 5456
1 8243
0.424438 16384
0 5603
0.422668 16384
1 6939
0 16384
0 13903
0 4369
0.828805 12366
1 16384
1 16384
1 5069
0 4128
0.700623 16384
0.359262 5258
1 10926
0 16076
0 7422
0 6239
0 4860
0 8595
0 16289
0 4938
0 9371
0 4685
0 5011
0 4746
0 8097
0 6228
0 4293
0 11781
0.263672 16384
0 10119
0 5042
0 5482
0 4775
0.116821 16384
1 16384
0 7766
0 8807
0 5757
0 5579
0 7308
0 10761
0 14972
0 9647
0.587524 16384
0 7468
0 5820
0 4152
0 16342
0 6437
0 5225
0.429668 8986
0.307846 6997
0 16384
0.882111 7787
0.71749 10120
0 9401
0 12102
0 11801
0 5350
0 4727
0 8293
0 11469
0 16384
0 9483
0 6503
0 10535
0 15326
0 4284
0 15014
0 12002
0 6618
0 6633
0 7661
0 11789
0 8593
0 4176
0 5595
0 13697
0 7419
0 16384
0 16384
0 5678
0 9107
0 4597
0 5102
0 7732
0 9003
0 4491
0 4581
0 10418
0 7446
0 16384
0 8019
0 7611
0 10141
0 9778
0 7134
0 10621
0 5291
0 6238
0 7561
0.41033 14269
0.941521 9388
1 7790
0 15807
0 5929
0 4778
0 6792
0 4310
0 8213
0 6773
0 4225
0 13695
0 5252
0 11651
0 9536
0 9939
0 6113
0 5225
0 11478
0 4289
0 15247
0 14144
0 14108
0.698196 4768
0 5060
0 9746
0 13541
0.15971 8002
1 4713
0.217685 5485
1 16384
0.541163 5126
1 16384
1 4247
1 8536
0 5478
0 6277
0 5042
0.0324982 9939
1 10394
0.00837444 8717
1 6268
0 6165
0 10893
0 9945
0.659633 5829
0 8476
0 4855
0.812755 4657
1 9323
0 6835
0.372965 12288
0.46698 16384
1 4253
0.445312 16384
1 6521
1 4566
1 10919
1 7285
0.907988 8575
1 11780
1 15650
0 5714
0 5131
0 5853
0 8637
0 6178
0 7952
0 5598
0 7457
0 7947
0.214574 9167
1 4781
0 16384
0 7493
0.68739 8493
1 5369
0 4472
0.0186995 5936
0.496216 16384
0 4231
0.505018 7673
0 8127
0 5198
0.491012 8456
1 9072
1 5604
1 8744
1 16384
0 8066
0 9998
0.719691 9593
0 5338
0 14086
0.10502 4323
1 4416
1 11610
1 11187
1 16384
1 10145
0.587084 11087
1 6184
1 10888
0.500733 6822
0.284365 13662
0 16384
0 13137
0 11059
0 8359
0 7174
0 10915
0 11172
0 5245
0 15130
0 4141
0 5762
0 4486
0 4667
0.0178006 10112
1 7877
0.262473 9601
1 10749
0 11751
0 13619
0 8797
0 16384
0 4498
0 14815
0.0411987 16384
1 8900
0 6015
0 5132
0 5721
0.806018 4686
0.66803 16384
1 7204
0.946764 5316
1 8496
1 15502
0 5532
0 9152
0 5854
0 8861
0.415003 5812
0 8140
0 7669
0.694623 6212
0 16384
0.825303 8592
1 16384
0.871328 10383
0 12703
0 4382
0.778672 9696
1 10612
0.50817 6242
1 4217
1 10904
0 4410
0 5342
0 5390
0 7901
0 16384
0 6013
0 7064
0 5171
0 6737
0 14673
0.451669 4583
0.651451 13298
0 4688
0 8090
0 4388
0 4984
0.390947 5722
1 6046
1 13305
0 4313
0 5069
0 6175
0.745021 8887
1 4731
0 16384
0 4592
0.615509 7415
0 5364
0 4923
0.330734 5385
1 4260
0 9091
0.400753 5315
1 10160
0.471113 10645
0 9303
0.811887 8261
1 9258
0 6303
0 16384
0 16384
0 7260
0.989746 16384
1 7013
0.54142 15862
0.768716 4929
1 14990
0 4605
0 5249
0 4567
0 6784
0 8009
0 4298
0.131815 4787
1 11977
0.441589 16384
0 4765
0 14880
0 10961
0 16384
0 6677
0 5954
0 4444
0 7471
0 8963
0.622029 9088
1 4188
1 16384
0.242928 5409
0.0457554 6950
0 16384
0 9925
0.825583 6129
1 6079
0 4670
0 5527
0 6507
0.229876 8609
0 5998
0.661172 8190
0 10601
0 12548
0.895126 5416
1 6407
0.18544 6250
0 12092
0.0257047 6847
1 16384
0 6807
0 10914
0 11992
0.883922 7159
0.00675765 7547
0.605153 5278
1 6694
1 15564
0.710467 5761
1 16384
1 8678
1 9408
1 14336
1 8749
0.89363 9796
0.966664 12749
0.195402 5046
1 12577
1 12362
0 10498
0.0826641 13573
1 16384
0 4181
0.448245 4473
0 8283
0.313843 16384
1 6531
0.805182 10112
1 8569
0 4689
0.687096 8517
1 7446
0 16384
0.513073 4475
0.416174 6591
1 6511
1 6535
0 16384
0 8518
0.0232884 7858
1 7620
0 4319
0 6987
0.854191 5034
1 16384
0 8509
0.804243 10416
1 4910
0 11286
0 7870
0.91198 15326
1 10237
0 5891
0 5519
0 11392
0.877581 8087
0.82752 12500
0.606318 4938
0 6064
0.537448 7437
1 12857
1 5198
0.668252 7358
1 14271
0.764399 7657
1 8711
0.946001 14741
1 5755
0.423983 8873
0 5218
0.860596 16384
0 10487
0.16291 4880
1 15911
0.71521 16384
0 4261
0.92518 5413
1 8631
0.872616 9491
1 15368
0 13120
0 4801
0.0420284 12325
1 15477
0 5600
0 16384
0 5982
0 16384
0.0817288 9556
1 16384
0 15932
0 5966
0 4963
0.593384 16384
0 6568
0.15762 4974
1 11652
0.183064 7003
1 12092
0 5639
0 4396
0.851225 11104
1 8999
1 16384
1 16384
1 8254
1 4472
0.53384 6841
1 15440
0 4165
0 14999
0 15197
0 14820
0 15080
0.862876 12011
1 13964
0 12571
0 4506
0 14552
0 14864
0 15191
0.874756 16384
0 15996
0.525869 7306
1 9617
1 6779
1 6530
1 11535
1 5242
0.420163 5267
1 6981
0.307415 4437
1 4744
0.700796 14201
0.535418 7708
1 7174
0.772622 15129
1 7762
0 7103
0.669423 7136
0.708267 12556
0.439978 16119
1 16384
1 6836
0.100611 6550
1 10047
0.497192 16384
1 8862
1 7192
0.54951 5201
1 16384
0.543227 7426
1 9114
1 11914
0.563938 10565
0.637564 7193
1 6729
0.859375 16384
1 6769
1 4270
0 4367
0 4289
0 6798
0 7244
0.23254 10209
0 13740
0.17286 6647
0.863932 6607
1 9270
0 5052
0.46552 10818
0 4383
0.482495 7712
0.752691 13566
1 8354
0.63916 16384
1 11191
0 9903
0.0445313 13047
1 16384
1 16384
1 15398
0.747803 16384
0 8089
0.954171 14205
1 6271
0.891962 14208
0 6611
0.972555 6267
1 16384
1 15384
1 5460
0 6038
0 6365
0.427527 4926
1 4506
1 16384
1 5174
0.310352 9834
1 6930
1 12576
0.808529 4737
1 16384
0 4940
0 10652
0 5523
0 5643
0 6107
0.88317 5829
1 6729
0 8356
0 6965
0 6903
0.704574 5619
1 10543
0 11713
0 9860
0 4953
0 4628
0 4634
0 4649
0 4502
0 9895
0 6767
0.641355 9034
0 10978
0.0445881 6033
1 5556
0.822588 4684
1 16384
1 16384
1 5603
1 7603
0.283807 7491
1 4243
0.932899 8912
0 11985
0 5321
0.515003 7732
1 6007
0.683843 10014
1 5157
1 5534
0.0141715 7127
1 8204
0 7068
0.16384 10083
0.443054 16384
1 6004
1 6779
1 4843
1 4477
0.484137 4728
0 5891
0.948415 10158
1 11643
0.844513 8438
0 8112
0 4219
0 4209
0 4577
0.889937 8795
0.543664 9241
1 10517
0.335392 9714
0 8088
0.533386 16384
1 16279
1 9168
0.543889 4238
1 9038
0 6029
0 7889
0 4618
0 4295
0.57554 8340
0.105469 16384
1 4586
0 8953
0 9709
0.966674 13353
1 16384
0 4152
0 4373
0 7443
0.332299 16118
1 11777
1 13041
0 10112
0 4307
0.597426 11188
0 8720
0 5709
0 10061
0.293214 12762
1 5266
0 6873
0 4280
0 16384
0 7643
0 15662
0 12700
0 7357
0.236532 11026
1 6309
1 16384
1 4589
1 16384
1 4508
0.424177 5071
1 16384
1 10369
0 11871
0.637097 5456
0 4648
0.230665 14016
0.239964 5505
0.0904106 7842
1 5105
1 7496
1 6546
0 5148
0.121644 5960
1 4609
0 5060
0.707732 9984
1 16384
1 4395
0.749027 13109
1 11656
1 10252
0.79187 16384
1 9889
1 12660
0 4688
0.264923 4473
1 6917
0 5890
0.210784 10831
1 9716
0 7812
0.910791 9091
0.134485 6945
1 4349
1 11287
1 12609
0.526981 4985
0 6782
0.907102 10011
0.309121 5383
1 7321
1 11965
0.267389 4428
1 16295
1 14700
0 7173
0 4270
0 16384
0 4716
0 7381
0.442078 16384
1 7511
0 7904
0 9379
0 7208
0 5692
0 6236
0.409481 9788
1 5165
0 8204
0.51895 9868
0.623352 16384
0 4337
0 4870
0.754787 7834
1 13026
0 15093
0.763715 7127
1 11360
0 5753
0.754641 12928
1 5611
0 4822
0 14704
0.0416667 4944
0.264788 9619
0.220424 8960
0.592957 16384
1 16384
0 5495
0 5105
0 5117
0 13020
0.994402 10182
1 12404
0 4313
0.148439 4197
1 5859
0.0178387 12613
1 9829
0 13042
0 5590
0 16192
0 4630
0.349213 10223
1 12849
0 8617
0.868225 16384
1 10676
1 14015
1 7172
1 8590
0.722609 10642
1 16384
1 9501
1 16384
1 15634
0.876465 16384
1 11810
1 4737
1 6893
0.871162 4657
1 4621
1 5504
1 5129
0.959557 5415
0.870527 7322
1 4314
0.887723 5050
1 8950
0.810316 10159
1 16384
0.524632 7064
1 12244
0.0325384 10357
1 10293
0 16384
0.889153 6306
1 10293
0.43593 7843
1 16384
0.905403 11142
0 16384
0 8436
0.16264 10016
1 16384
1 14358
1 11435
0 4690
0 7662
0.506949 15325
1 6442
1 9999
0 5229
0.656616 16384
0 8232
0.565308 16384
0.50524 13360
0 5591
0.309822 5345
0 4890
0 7976
0.685547 16384
1 13952
1 16384
0.799705 10854
0.106369 4522
1 9293
1 16384
0 6191
0.831867 4889
1 4478
0.301335 5542
1 16384
0.178947 13138
0 5799
0.97129 9091
1 8870
0 4263
0.981548 5853
1 5447
0 8613
0.33489 6211
0 14585
0.315096 4405
1 14104
1 15922
0 14096
0 8024
0 5657
0 5531
0 6250
0 4556
0.730802 6980
1 4261
0 4495
0.918979 14021
1 16384
0 5470
0.611281 15726
1 5009
1 4840
1 7655
0 5266
0 5474
0.47706 4381
0 6097
0 7734
0.257597 5101
1 7958
0.378414 10618
0.0265591 6815
0.698852 9756
0 4543
0.721275 13838
1 7902
0.735881 4657
1 16384
0.494787 7482
0 4313
0.740897 4971
0 6821
0.0534879 4917
1 6386
0 4375
0 5488
0.0147462 11664
0 8210
0.523281 9192
1 16384
1 13699
0 4880
0.640586 10915
0 12987
0 4832
0.669869 11032
1 10493
1 5825
0.766671 7453
1 13647
0 8292
0 4261
0.550103 5359
0 10903
0.967957 16384
1 9658
1 11933
0.751684 12170
0.496065 10420
0.645412 7073
1 9168
0.430882 7357
1 5691
1 10738
0.986147 12705
1 16384
1 5119
1 7642
1 6810
0.0220419 13066
1 5300
0 6153
0 16384
0 14715
0.475714 7103
1 11273
0.412609 8565
0 4936
0.272939 7727
0 5659
0.680585 8071
1 10140
0.914783 12521
1 11634
0 4765
0 4403
0 7270
0 10942
0 13718
0 5376
0 4221
0 5663
0 11459
0 5197
0 9102
0.766356 14903
0 7480
0.102143 4993
1 16384
0 16384
0 5348
0 10193
0.875928 6601
1 4218
0.738666 15264
0 16384
0.518726 9105
0 5032
0.271548 5244
1 10006
0 13108
0.44644 6348
1 13784
0 10444
0.706445 4810
0 5074
0 5596
0 9613
0 4216
0.85604 8940
0.640321 11463
1 9540
0 11462
0.282461 4567
1 16349
1 7974
0 16384
0.287361 12406
0.608278 13119
0.292832 4576
0.597127 5570
1 4829
0.903992 16384
0.404441 6080
1 10215
1 16384
0.589817 5617
0.397654 8100
1 5087
1 9792
1 5215
1 7242
0 6333
0.344799 4768
1 4346
0.770817 5140
1 16384
0 5431
0.468365 13150
1 6034
1 4493
1 11349
1 4429
0.900633 4106
1 12377
0.376689 4736
1 8065
0.0263678 4551
1 16384
1 10069
0.124987 9345
0.289837 4123
0.959821 8487
0 5224
0.90979 16384
1 16384
1 5717
1 5052
1 4292
0 5497
0.564639 12624
0 6784
0.0800547 6583
1 6541
0.0505814 6880
1 13335
0 4449
0.912594 9290
0.558377 10946
1 6800
1 6585
0 4903
0 7163
0.872803 16384
1 9924
0 8989
0 6575
0 5656
0 8247
0.664638 9366
1 4299
0 4591
0.370127 6079
0.224159 14918
1 4129
0.517799 11321
1 5761
0 4141
0 16384
0 16384
0 7415
0 4457
0 5510
0 11684
0 5580
0 7516
0 5447
0 6351
0.716918 15953
0 7785
0 5927
0 10397
0 8834
0.0770289 5816
1 7995
0.561886 9776
1 7684
0 5753
0.758301 16384
1 12194
1 4339
0.472574 7493
1 8735
0 9485
0 6808
0 9946
0 16384
0 8723
0 4304
0.876209 8167
1 8501
1 12847
0.360891 12979
0.722675 8957
0 5313
0.964157 9458
0 7890
0.51092 6502
1 14121
0.986624 12859
0 4359
0 8609
0.699094 7946
1 11182
0.661104 4494
1 16384
0.139607 12614
1 16384
0.482917 14400
1 16384
0 4380
0.481812 9512
0.340334 10904
1 8398
1 15052
1 4659
0.461739 9971
1 16384
0.739121 4550
1 5394
0 5134
0.713986 8108
0 5948
0.795602 6184
0.313453 13833
1 16290
0 4634
0.0273117 5126
1 11152
1 7848
0 4840
0.368126 9983
0 7416
0.559761 7371
1 7487
0 6558
0.898102 7007
1 13311
0.427214 4211
0.158979 7718
1 11719
0 11898
0.919133 9225
0 4549
0 10866
0.600416 15884
1 7302
0 10300
0 16250
0.897399 6228
1 11653
0.253235 16384
1 10536
0.802551 16384
0 8099
0 12267
0 6954
0 4814
0 6083
0 6260
0 4154
0.719632 6092
1 4897
0 8910
0 14128
0 4860
0 7836
0 9315
0 5433
0.305054 16384
1 6516
0 7547
0.455802 5136
0 4709
0.738001 6313
0 5932
1 7001
0.64171 7159
0.591273 7609
0 13128
0 4579
0.558854 8793
1 16384
0 9599
0.698711 5742
1 16384
0 6745
0 6850
0 8875
0.0187543 12957
0 9672
0 5129
0 6542
0 10550
0 12775
0.173584 16384
1 9709
0.306497 12744
0 10531
0 4474
0 5200
0.102264 12898
1 12583
0 7005
0 6917
0.457255 10434
1 7939
0.424359 13498
1 9569
0 9019
0 15998
0 7742
0 7326
0 12936
0 16033
0 10596
0.620312 14159
1 12832
0.842857 5810
1 7662
0.269456 13646
0 16384
0 5040
0 4772
0.575397 12096
0 4338
0.0555639 6677
1 11092
0.486774 7145
1 16384
0.24162 6891
1 13781
0 10875
0.260646 11483
0.151899 5056
1 14504
1 14125
0.670159 11454
0.815208 5563
0 4879
0 10799
0.761354 11846
0.525947 10136
0.474201 6415
0 6745
0.139049 4689
1 4659
0.0116577 16384
1 11297
0.468102 6317
1 4878
0.490124 5721
0.729145 10441
0.0883605 6813
1 15031
0.742305 6888
0.249453 10058
1 14399
1 11286
0.0693611 7670
1 16384
1 10086
0.907007 9861
1 16384
1 16384
1 12471
1 16384
0.643092 6094
1 7322
1 6315
1 6572
1 14481
0.226875 7546
1 4688
1 8450
0.780396 16384
1 4805
1 6338
1 9430
0.941976 6618
0.772849 15734
0 4629
0.281433 16384
1 5757
0 6223
0.604426 4654
0.48224 9037
1 9322
1 16384
1 6215
1 5914
0.549258 5187
0.837221 8232
0.675505 14860
1 11402
0.757054 4643
0.220843 8540
0 6237
0 4544
0 7069
0 16384
0 5977
0.715008 11267
0.454239 5638
1 12950
0 11192
0 8138
0 9359
0.979492 16384
1 7583
1 11915
0.144653 16384
1 5610
1 7101
0.776449 7609
0.815199 6553
1 6404
1 6664
0.776219 4348
0.349266 5042
0.753796 9484
1 12406
0 8415
0.711644 16275
1 12517
1 11611
1 11408
0 6550
0.767759 6166
1 6890
1 5230
1 7943
0 5183
0 5788
0 10554
0 6749
0 5055
0 11743
0.390442 16384
0.296692 16384
1 6771
1 11056
0.339748 7223
1 16384
1 5534
1 8027
0.853117 7026
0.450728 15932
0.229865 13186
1 4920
0 6157
0.686852 5499
0.904141 8669
1 16384
0 10353
0 4912
0.874084 16384
1 16096
0 12848
0.2309 7042
0.91379 4895
1 4404
1 4852
1 10020
0 13785
0 7671
0 7852
0 9275
0.35321 16384
1 6074
0 10163
0 9379
0.382171 5508
1 14903
0.667192 5072
0 10154
0.47482 6811
0 8476
0 7809
0 5292
0.649763 10964
1 10411
0 8142
0.494158 6933
1 7275
0.949412 5614
0 5745
0.265563 7550
1 4165
1 13773
1 5417
1 14821
0.387908 4532
1 4147
1 15321
0.788119 5673
0.712428 10307
1 10579
0 7333
0 16131
0.155938 7907
0.285356 12367
0.744532 6995
1 16384
0.950252 5548
1 8315
0.897948 12768
0 8992
0 4810
0 4254
0 5658
0.939555 4318
1 8542
0.0470942 4990
0.236162 4950
0 6803
0.941562 12372
0.53287 10800
1 12295
0.142955 11738
1 6241
0.891734 4609
1 8020
0.802856 16384
1 16384
1 8288
0.684944 7459
1 8933
0.835878 5764
0 9093
0.160338 11482
1 6039
0.783419 4451
1 13089
1 10623
1 16384
0 5578
0 4815
0.738002 5626
0 16384
0 4550
0 4857
0.518232 6582
0 5702
0.677994 6680
0.347053 11468
1 8645
1 9244
1 7735
0.141687 6105
1 6086
0 6148
0 11824
0 9336
0 13612
0 16384
0.976615 10990
1 5338
0 13000
0.944604 10777
1 16384
0 14077
0 5382
0 8779
0 8470
0.0414582 4197
0 11205
0 8728
0 14005
0 4144
0.670516 14893
1 8700
0.322016 8335
1 5771
0 5427
0 7531
0 4458
0 14791
0.0206042 7183
1 8255
0 6023
0 6852
0 9595
0.414617 14435
0 13042
0.156952 5696
0 5920
0 6819
0 5080
0.80407 12433
0 4626
0 7169
0.521857 7000
1 6160
0 5982
0 4506
0 5778
0 6203
0 5356
0 4367
0 4435
0 9151
0 10610
0.93283 5166
1 5064
0 13923
0.346412 13712
0 15430
0 6969
0 8028
0.0304733 9254
0 4250
0.0564067 4308
1 10047
0.349598 12317
1 12839
0.93669 7866
1 11445
0 11320
0 4661
0 8170
0.897913 7043
0 4910
0 16384
0 10587
0.617953 4523
0 4544
0.648661 4332
1 6271
0.696231 7588
1 12517
0 5776
0.0409535 12795
0 5935
0.650175 5417
1 4911
0.879249 5648
0 7740
0.859989 5221
1 11986
0 15022
0 4587
0.806759 7131
1 4563
0 8442
0 8795
0 8448
0.817633 5297
0 9055
0.832599 5675
1 16384
0 6854
0 5763
0 5321
0 6320
0 13315
0 5442
0 7452
0.931565 4749
1 4857
0.940962 5488
0 7762
0.118859 8346
0.206782 10852
1 15423
0 11117
0.722656 16384
1 10027
1 13528
0.942711 7436
0.735519 6405
0 12937
0 8214
0 6897
0 5251
0.0327171 7519
0.481589 14448
1 11825
0.786 7757
1 10195
0 16384
0 10242
0 9366
0 5081
0 4399
0.839276 5805
0 9495
0.639701 6020
0 4455
0 5424
0 7326
0 7656
0 4478
0 7305
0 7600
0 4742
0 6585
0.612965 5214
1 6937
0 6639
0 10376
0 12700
0 15321
0 16033
0 5058
0 15901
0 5907
0 7634
0 10475
0.119624 4464
0 6616
0.91834 13642
0 7419
0 6781
0 5906
0.190371 6813
1 11497
0 9130
0 4904
0.278033 6100
0 4528
0.401006 4374
1 7184
0 4764
0 5182
0 9351
0 5710
0 9632
0 16384
0 5381
0 7343
0.113128 15593
0 6513
0 8492
0 7269
0 15678
0 12056
0 4303
0 7248
0 7480
0 12343
0 9074
0 7597
0.376221 16384
1 6733
1 8063
0.665346 4291
1 8529
1 7996
1 9309
1 7609
0.662425 7151
1 11628
0.568002 6588
1 5739
1 11614
0.439746 6456
0 7415
0 4325
0.0330447 4388
1 7972
0 8049
0.47906 15234
0 7594
0.0516829 7101
0 6496
0.187721 13877
1 10086
0.0561471 13055
0.117891 13275
0 4183
0.366431 7221
1 9971
0.669541 10900
0.328904 6096
0 4187
0 4720
0.117125 5857
0 4578
0.872028 8791
0 4909
0.88655 10260
1 16384
1 16384
1 7282
0.746591 12541
1 10917
1 11739
0 13439
0.508341 11809
1 16384
0 7308
0.872098 11071
1 13009
0 5888
0.112638 5531
1 7484
0 4921
0.23704 4514
1 6561
0.0287902 7051
1 9179
0 6836
0.82572 15062
1 16384
0.951355 16384
0.56268 4164
1 5230
1 6445
1 7153
1 16384
1 11473
0.965789 11692
1 10343
1 10953
1 7537
0 5646
0 7658
0.974899 9681
1 11195
1 4293
1 8879
0 4442
0.243398 10452
0.258238 6130
0 16384
0 8321
0 5341
0.683897 5204
1 10408
0 5327
0 16384
0.0826514 12220
0 9667
0 5001
0.797668 16384
0.568038 6489
1 11527
0 4638
0.987481 9346
0.907043 16384
1 9544
1 16384
0.402542 5428
1 6857
0.507061 9701
1 5783
1 13605
0 13984
0.263605 6009
1 15282
0 10820
0 4741
0 10222
0 7307
0.395753 7300
0 14727
0 4773
0 8924
0.943797 14679
0 12043
0 13188
0 5222
0.983215 16384
0 6165
0 6037
0.132086 10690
0 4222
0.246648 10890
1 16384
0 5886
0.191834 15112
1 4418
0.666362 9831
0 5461
0.243705 10722
0 4203
0 4165
0.242981 16384
1 5005
1 11649
0.953419 7664
0 4393
0.0151174 9327
1 12786
0 5223
0 7289
0 6170
0 6561
0 16384
0 5276
0 11841
0 8247
0 16384
0 6280
0 7661
0 6326
0 9329
0.238256 10686
0.601486 10095
1 16384
0 4836
0 9290
0 4184
0 5726
0 13534
0 5961
0.091195 4452
1 11435
0 15053
0 4557
0 10751
0 16384
0.649401 6680
1 4581
0 9112
0 5276
0 8268
0 4138
0 7185
0 12185
0.299584 14193
1 8277
0 10811
0 8889
0 9681
0 4462
0 4646
0.45074 6689
1 6559
0 8609
0 7910
0.822812 8776
1 8274
0 6761
0 7234
0 6620
0 5157
0.429583 10594
1 5050
0.872253 16384
1 5515
0 4722
0 6112
0.662345 13884
0 6123
0 16384
0 5384
0 8621
0 4537
0 5516
0.775427 4680
1 16384
1 9489
1 4658
0 8277
0.615571 4945
0 6056
0 7122
0 15385
0 13395
0.926637 11518
1 5493
0 6247
0 4900
0 6610
0 4334
0 7495
0 10977
0.499858 7040
0.449448 15321
1 8687
0.223417 9019
1 4708
1 4539
1 5492
0.32102 6822
1 15011
0.772232 5870
1 9669
0 8869
0 12284
0 9506
0 7004
0 4476
0.34595 10198
0 4380
0.539775 5858
0 6909
0.474118 4849
1 13896
0.1344 7128
1 9825
0 9653
0 5665
0 4206
0 8779
0 10399
0.838241 12123
1 15982
0 6564
0 9657
0.905533 10374
0 7545
0 7394
0 4779
0 5189
0 13548
0 4139
0 9137
0 16384
0 4179
0 9659
0 8208
0 4244
0 7823
0 7802
0 6440
0 4261
0 6378
0 8964
0 5671
0 5113
0 7305
0 7709
0 12508
0 5388
0.306475 9606
0 11881
0 8028
0 10838
0 4161
0.0418139 10188
1 12124
0 8394
0.916976 7275
1 16384
0 7973
0.453267 5831
0 9382
0 4310
0 11125
0.039978 16384
1 9800
1 11729
0 5391
0 11385
0 13271
0 10767
0 8320
0 13738
0 6808
0 10017
0 11272
0 8397
0 11356
0 7110
0 7406
0 15575
0.876972 10331
0 14914
0 6636
0 6952
0.90837 7814
0 9129
0.796403 5393
0 11779
0.854013 13282
1 16384
0 4976
0 4616
0 4506
0 8915
0 6986
0 8256
0.645696 10618
1 16384
0 9863
0.584219 5741
0.612025 5655
1 7284
0.835134 4258
0 6134
0.23721 11669
0.0068078 10723
1 10702
1 10691
0.401533 8089
1 13516
0.394729 9523
1 8414
1 15423
0.923136 5204
1 12737
0.113689 12112
1 11941
0.580095 4863
1 6905
0.246887 16384
1 5959
1 10228
0 7376
0 6283
0 6503
0 7897
0.340886 11608
1 7482
0.146695 13736
0 8419
0 6942
0 4828
0 4930
0.504211 16384
1 12911
1 15944
0.940308 16384
1 6291
0.723338 7023
0 12619
0.494263 7757
0 8669
0.97725 6989
0 10670
0.189514 16384
1 4558
0 8665
0.171496 10181
1 11455
0 16384
0 5361
0 5026
0 13569
0 8106
0 6404
0.82862 10538
0 5237
0 9276
0 4413
0 11887
0 8264
0.803219 6835
0 16384
0.936919 8180
1 6341
0 16384
0 4469
0.236297 12370
1 16384
0 4395
0 9227
0 5460
0 11932
0 7624
0.481861 5072
0.150251 4386
0 10216
0 10404
0 6714
0 7730
0 16384
0 15091
0 7088
0 7126
0 6177
0 9210
0 6632
0 12466
0 6836
0 6916
0.496173 7709
0 13804
0 14695
0.416422 11923
0 10445
0 9457
0 4893
0 4744
0 6899
0 5481
0 16384
0 11417
0 4286
0 7792
0 5646
0 13897
0 7769
0 5906
0.585466 7582
1 7702
0 12305
0 6966
0 10275
0 8403
0 16384
0 5284
0 7192
0 4816
0 7368
0 5119
0 11003
0 5893
0.526853 4804
0 8175
0.899414 16384
1 11160
0.555236 4526
1 12461
0 8962
0 6707
0.944397 16384
1 16384
0 11383
0 16384
0 6944
0 6636
0 9514
0 5446
0 4532
0 7504
0.161525 12642
1 15607
0.0580952 6300
1 11645
0 5535
0.479191 11918
1 16384
0.439087 16384
0.33198 12070
0 10399
0.41467 4799
1 6658
0.356021 6303
1 5595
0.87496 6190
1 12686
0 9822
0.709473 16384
1 4967
0 7921
0 4979
0 5047
0.41932 4648
1 16384
0 7051
0.645814 6522
0 16384
0 4221
0.833896 5623
0 7769
0.745387 5365
0.46731 11716
1 15299
0 9236
0.803207 11413
0.378713 11143
1 16384
0 10705
0 10362
0 15368
0 16384
0.560432 15836
0.447937 16384
1 16384
1 8105
0 5187
0 7335
0.547492 10128
0 5295
0.297564 7185
1 14838
0.373687 12952
0 4442
0 16384
0 7952
0 6496
0.855571 6273
0 7537
0.70118 7630
1 16384
0 14294
0 6380
0 4254
0 6580
0 11795
0 7464
0 11736
0.635862 6893
1 10658
0.637324 6907
0 16384
0 9292
0 4400
0 4150
0 6821
0 16384
0 6984
0 9703
0 5575
0 8458
0 6188
0 9313
0.860516 9994
0 4946
0.432 7625
0 4644
0 8179
0.402778 10296
1 15173
0 11427
0 4866
0 7136
0 12945
0 5956
0 4773
0 12610
0.986214 10300
0 10769
0.518394 5056
1 16384
0 6950
0 4500
0 4374
0.896958 13480
0.299505 10514
1 6260
0 16224
0 9777
0 13652
0 15238
0 4289
0 9118
0.121467 5837
1 7197
0 13284
0 4402
0 15552
0 7411
0 4182
0 11855
0.067794 6505
0 14131
0 5212
0 9765
0 8343
0.0288144 6351
0 16384
0 4367
0 8062
0.32196 16384
1 5373
0.295126 6299
0.190566 5279
0 6690
0 8517
0.0432028 7893
0 5819
0.812813 4199
1 10838
0.647692 14124
0 4244
0.43895 5905
0 13046
0 7779
0 10407
0.673409 8405
1 10998
0 7074
0.437724 10333
0 10582
0 12616
0 6491
0 11074
0 6672
0 5588
0 4606
0.0675241 7464
1 5681
0 4715
0.379498 8838
1 7685
0 9623
0 16384
0.636452 6189
1 10456
0 5684
0.709835 4911
0.452938 13004
0 10274
0.958706 14070
0 4685
0.480489 13582
1 14196
1 16384
1 9556
1 8011
1 6757
0.826544 9328
1 14019
0 16384
0 6036
0 6479
0.461313 14307
0.0748132 12177
0.452671 16100
1 16384
0 4453
0 16384
0.315146 16275
0 16384
0.697026 8136
1 7835
0.375032 7882
1 7915
1 12702
0 5307
0.77655 16384
1 13230
0 5490
0 5228
0 6678
0 4694
0 4220
0 6523
0.656494 16384
0.23651 4837
0 8238
0 9175
0 11783
0 4572
0.688873 6965
1 16384
0 6928
0.836914 16384
1 6171
0 4217
0 5678
0 5602
0 4340
0 7675
0 5403
0.938035 15525
0 10867
0 9491
0 10261
0 8451
0 9223
0 16384
0 7303
0.0942801 16154
1 4105
1 8925
0.156087 6900
0.280326 8722
0.266367 14679
1 7442
0 4435
0 10927
0 7167
0.50579 7254
0.875464 7540
0 15779
0 16384
0 4257
0 9512
0 8652
0.944853 8432
1 16384
0 5551
0 13606
0 8044
0.703842 16059
0 4751
0 11002
0 5278
0 7463
0 4312
0 7338
0 11894
0 12491
0 4671
0.979947 7929
0 6782
0.332503 5221
0 6567
0.427714 12831
0 6247
0 4790
0 7012
0 8479
0 8158
0.10429 7786
0.484239 7804
0 8458
0 5733
0 8344
0 16384
0 4531
0 8784
0.323985 14834
0 4883
0 16384
0 16384
0 16384
0 5607
0.303644 11856
1 16384
0.110215 10915
0.320159 6275
0.266748 7419
1 5557
1 16384
1 12852
0 6307
0 8135
0.500681 13945
0 8399
0 7066
0.179199 16384
0 16384
0.0474835 12994
0 9887
0 6643
0 5371
0.375105 9504
0 16384
0.705566 16384
1 6571
0 6695
0.273691 15375
1 15185
0 5126
0.614251 4547
0 4881
0.294122 12675
0 7211
0.225193 7780
1 10802
0 8622
0 6031
0.173297 7415
1 12923
0 16384
0 7182
0.913218 6234
1 13071
0 7997
0 9650
0 7652
0 4554
0 9796
0 7423
0 6656
0 6561
0 8137
0 11442
0 16384
0 9360
0 4504
0 10883
0 8386
0.472229 16384
1 11284
0 10218
0 16384
0.799374 7028
0.648183 5861
1 10226
0 7166
0 11648
0.89231 12081
0 9924
0 9647
0 4384
0 13105
0.964788 8179
0 4900
0 9411
0 5505
0 6191
0 7711
0 5074
0 5128
0 11974
0 6071
0.733352 10632
0 5043
0 9082
0 4139
0 16384
0 16384
0 12980
0 8972
0 10329
0 15125
0 9139
0 16384
0 16384
0 7332
0 4942
0 12157
0 7677
0 4201
0 4382
0 12508
0 4859
0 16384
0 6652
0 12733
0 9205
0 6021
0 16384
0 12655
0 11786
0 8803
0 6571
0 5871
0 4619
0 16384
0 8205
0 11476
0 15933
0 10459
0 10139
0.489919 6299
1 10243
0 9497
0 10526
0.534054 4258
1 8928
0 8452
0 15234
0.145904 12330
1 12503
0 11650
0 5671
0 5593
0 16384
0 6464
0 10875
0.718627 14017
0 7648
0.743408 16384
1 6958
1 16384
0.410866 5890
1 14157
0.848406 15469
1 5938
0.424778 8887
1 7399
0 9812
0 4258
0 9473
0 8871
0 8843
0 6068
0.712821 8385
1 16384
0.698478 10248
0 8242
0.851617 6153
1 6073
0 4433
0 5376
0 4832
0 4615
0 7194
0 6440
0.146709 6230
1 7402
0 7464
0.769024 16361
1 8620
1 7813
0 6722
0 12346
0 4982
0 5927
0.54766 6473
0.299023 13203
1 8266
0 5470
0 9904
0.0780876 14202
0 4221
0 14841
0 16384
0 4812
0.785991 13434
1 8589
0 4256
0.167126 11243
1 4488
0 4661
0 16384
0 4314
0 4190
0 5142
0 4275
0 7187
0.972852 6262
1 4443
0 12895
0 4140
0 12325
0 4494
0 4829
0 4468
0 11791
0 6535
0 5929
0 7086
0 9459
0 5363
0 12395
0.928962 5490
0 9997
0 11345
0.916329 4195
1 6456
0 7380
0 4204
0.691492 4243
1 4681
0 4318
0 4984
0 4337
0 7427
0 16384
0 4498
0 4610
0 4420
0 4699
0 5184
0 7233
0 5269
0 12198
0.951125 4665
1 4351
1 4495
1 8083
0 4691
0 16384
0 15743
0.922564 4197
1 6036
1 4437
0.139403 9512
1 4351
0.824069 8401
1 4324
0 16384
0 5686
0 8851
0.76843 4517
1 11370
0 10581
0 4704
0 5303
0 6374
0.163182 6122
1 11166
0 14057
0 12583
0.182339 13091
1 7931
0 5499
0 11765
0.644958 16384
1 6724
1 9988
0.444213 5270
0.0596199 11154
0 5758
0.442963 4576
1 12825
0 16384
0 6886
0.63557 7557
0 4515
0 16384
0.370117 16384
1 4133
1 16384
1 4785
1 8372
1 14419
0 16384
0 4885
0 7808
0.821291 13273
0.110828 10593
1 7971
0.957842 11196
1 16384
1 5962
0 13962
0.756122 10128
0 4401
0.358521 16384
1 10796
0 13231
0.781495 6128
0 6129
0.960388 11966
1 8991
0.869957 7213
1 13096
1 15594
0 4878
0.938364 15705
0 12084
0.123272 4267
1 8800
0 5738
0.198082 5422
0.674145 7488
0 9172
0.633117 9995
0 10317
0 4179
0.67179 4619
1 9763
0 16384
0 11661
0.813628 7925
0 6968
0.606994 8150
0.435442 13391
0.268313 8341
1 6098
0.132685 11207
1 6432
0.701965 16384
1 9879
0.639099 16384
1 14871
0 6212
0 4944
0 4424
0 7050
0 4793
0 11667
0.847303 8972
1 15075
0 12746
0 4315
0.613029 5879
1 16384
0 8671
0.881906 10534
1 5178
0 10708
0 6789
0 5626
0 11328
0.469604 16384
1 11553
1 9667
0.510632 6631
1 8014
0 5314
0.676392 16384
1 4806
1 15342
1 16384
0.631712 4749
0 9424
0.851006 7752
0 9511
0 16384
0 8119
0.95181 9836
1 13489
1 5374
0.762857 7953
0 9298
0.589783 8515
0 4425
0 7338
0 7282
0 11906
0 10867
0 6429
0 9867
0.475997 4187
0 13314
0.891213 5212
0 7472
0 4365
0.399661 5317
1 10870
0.48107 14395
0.854309 16384
0.723473 4929
1 11336
0.490344 7146
1 9895
1 10627
0.355408 16384
0 4621
0 5063
0 16384
0.793857 9930
0.715657 4688
0 6390
0 15611
0 6113
0.300062 8065
1 5379
0 6533
0 15481
0 4492
0.669623 8908
1 16384
1 7436
1 11675
0.300842 16384
0 4194
0.866789 7612
0 16384
0.52771 16384
1 4226
1 6848
1 15293
0.670416 4979
1 8746
0 9522
0.619446 16384
1 5510
1 5057
0.677113 9254
1 12991
0.879365 11025
1 4541
0 5304
0.954285 16384
1 7753
1 11314
0 14488
1 7834
0 7679
0 4728
0 11721
0.270305 6304
1 6601
0.372949 7985
1 4361
0.353354 5278
1 6435
0.371378 7973
1 4372
0 5309
0 7884
0 14116
0.755183 11866
0 4359
0.502504 7188
0.891431 4458
0.162383 8092
1 15594
1 11692
0.501123 8016
0.100231 9079
1 9892
0 7103
0.17831 4638
1 4488
0.295974 12545
0 4771
0 8053
0 6891
0.0529787 13647
0 4893
0.381531 16384
1 6677
0.377634 8021
1 4328
0.333791 5096
1 10955
0.200373 15561
1 4287
0.81478 13789
1 16384
1 7100
0 6031
0 10659
0 16384
0 5055
0 9041
0 6886
0 4127
0 7343
0 4715
0.758708 4335
1 6548
1 11658
0.435517 5327
1 10782
0 9875
0.826223 6071
1 7246
0.788057 5945
0 5095
1 11315
0 7522
0 4627
0 4602
0 4151
0 4800
0 4917
0 6646
0.603288 13380
0 4722
0.718874 7317
1 8498
0.895721 4651
0 16384
0 9892
0 4190
0 15415
0 15252
0 6765
0 6696
0 6916
0 16384
0 4177
0 6018
0 8218
0 8227
0 16384
0 5602
0 7357
0 16384
0 6436
0 15030
0 11548
0 4982
0 6058
0 16384
0 9764
0 12631
0 9413
0 6796
0.982132 11361
1 13270
0 7376
0 6120
0 5877
0 5556
0 6922
0 5781
0 5747
0 4825
0 7044
0 4865
0 5247
0 6374
0 9972
0 11465
0 7558
0.0982978 6521
1 15062
0 6218
0 6261
0 4914
0 5991
0 10209
0.105636 5784
1 8761
0.22335 10347
0 5144
0 7637
0.952393 16384
1 9425
0.223752 15325
0.163967 11728
0 8519
0.629659 5044
1 12880
0 6426
0.243015 6156
0 6106
0.575654 5545
0.329407 16384
1 4234
0 10020
0 16384
0 5337
0 6116
0 4827
0 4306
0.363549 9366
1 14173
0 5042
0.904602 16384
1 5767
1 8922
0.0198364 16384
0 10591
0 5073
0 4863
0.734278 5295
0.248291 16384
1 16384
0 4728
0.0849253 5758
0 8388
0.539185 16384
1 5856
0.0386925 11656
1 6065
0 13182
0 8199
0 9553
0 6197
0 6390
0 7486
0.299351 7092
1 16384
0 8293
0.743469 16384
1 10787
0 9384
0.870071 5934
0 13951
0 8817
0 5511
0 5769
0 7745
0 8502
0 13310
0 5025
0.614868 16384
1 16384
1 10051
0 12228
0.28075 4748
1 13793
0 10737
0.665603 5954
1 9435
0 16384
0 5052
0.853424 7184
1 13640
0 5169
0 10833
0.946048 9008
1 7253
0 4147
0 11495
0 9539
0.252765 9131
0.47536 11587
1 16384
0 5884
0 6141
0 8431
0 4608
0 13679
0 4246
0.444297 6795
1 5395
0 4471
0 16384
0 5307
0 13494
0 4538
0 4371
0 6250
0 7380
0 12126
0 5280
0 13570
0.607897 5496
0 7562
0.364641 4525
0 8821
0 4100
0 6227
0 16384
0 4112
0 4382
0 6984
0 16384
0 16384
0.637253 5009
1 10316
0.421542 15607
1 6349
0 11270
0.242432 16384
1 7604
1 4533
0.0753018 5219
0 5776
0.0168368 7543
0 5530
0.197458 5900
0 8295
0.931147 7378
1 9983
0 10349
0 6572
0.232137 12932
1 11473
0.431022 4255
1 5080
0.342688 5060
1 13803
0 6353
0.415527 16384
1 7345
1 16384
1 5815
1 16384
0 5266
0.765047 6031
0 16384
0 5307
0.617431 12105
1 16384
1 6809
1 7424
1 6450
0.903816 7548
0 9000
0.226703 10366
1 12035
0.0456594 5103
1 6675
0 5212
0 11460
0.52765 10615
0 4185
0 5583
0.617004 16384
1 7564
0 7157
0.0890715 9004
0.373078 8194
0 16384
0 7782
0 4345
0 8260
0.362698 12112
0 4395
0.667752 7064
0.415029 6108
1 16384
0.763526 4436
0.384978 11663
0.382691 5396
1 8516
1 16384
0.638398 11261
1 16384
0.0837455 5863
1 12932
0.427365 4619
1 7859
0.403501 9596
0 11372
0.92688 16384
1 14322
0 13490
0 7596
0.183485 6164
1 7504
0.437015 6311
0.234928 8194
1 16384
1 6619
1 16384
0 4631
0 8168
0 4812
0.580658 12398
1 16384
0.212766 4230
0.698945 4172
0 4503
0 5916
0.722686 16274
1 11865
0 5450
0 14862
0.227957 6374
1 16384
0 5111
0 6027
0 5487
0 5451
0 7975
0 8206
0 9611
0.654785 16384
0 11272
0.0867075 5063
1 9974
0.207554 8181
0 5831
0 4599
0 4638
0 6409
0 4165
0 16317
0.72777 13698
1 13251
0 14719
0.532188 10128
0 15445
0 5041
0 5234
0 9269
0 4713
0 6785
0 6853
0.212099 5389
1 16384
0 6152
0 6835
0 7907
0 6987
0 9337
0 4681
0 4975
0 15017
0 6147
0 12379
0 7195
0 4536
0 4394
0 7346
0 4761
0 5602
0 7406
0 6775
0 14519
0 8539
0 9382
0 7621
0 6118
0 4252
0 12858
0 5426
0 6416
0 4373
0 4315
0 8890
0 5694
0 11371
0 5056
0 9633
0 16384
0 9065
0.979548 6552
1 16384
0.819397 13538
0 16384
0 4394
0.733833 7345
0 16384
0 4318
0 7176
0 4285
0.417053 16384
0 8619
0 6131
0 16384
0 6135
0 16384
0 16384
0 8236
0.330087 11294
0 15020
0 12029
0 6584
0 4576
0 8181
0 7163
0 16384
0 9025
0 9358
0 16102
0.551776 9937
0 4310
0 11516
0 9321
0 6612
0 5594
0 4841
0 7339
0 12214
0 14722
0 14348
0 6963
0 16384
0 5247
0.701166 8319
0.293518 16384
0 7689
0 8813
0 10857
0 13157
0 16384
0 8716
0 5745
0 11821
0.161377 16384
1 5662
0 4311
0 4195
0 9787
0 10042
0.582458 16384
1 13231
0.320973 10194
0 5819
0 5285
0 15185
0 5376
0 11280
0 11379
0 8429
0 11396
0 5706
0.668098 10247
0 11477
0 10775
0 5376
0.650466 6872
0.243679 7871
1 7595
0 5223
0 5177
0 6845
0 6700
0.161107 7225
1 5185
0 7490
0 7717
0 4487
0 9197
0 16384
0 4284
0 8060
0 16384
0 6024
0 10052
0.719654 9260
0 10208
0 6522
0 4393
0 7552
0 5884
0.952102 13508
1 16384
0 7791
0 4735
0 7824
0 7048
0 16384
0.335382 12201
1 15487
0 4171
0 16384
0 5299
0 6175
0 15554
0 6256
0 6749
0 12587
0 7530
0 7901
0 4766
0.146125 12414
1 16384
1 9754
0 8413
0 5480
0 5717
0 5016
0 6549
0 6556
0 11789
0 7435
0 9530
0 7374
0 16384
0 6282
0 7558
0 5664
0 5844
0.0470581 16384
1 7292
0.60629 4229
1 7429
0 8418
0 4172
0 7338
0 16384
0 8867
0.661846 4909
1 6756
0 16384
0.687759 4583
1 12782
0 5631
0.784973 16384
1 6668
1 6553
0 5766
0 5154
0 12570
0 8352
0 9131
0 5542
0 6651
0 12627
0 13983
0 6119
0 9928
0.790222 16384
1 9471
0 4112
0 16384
0 7351
0 6875
0 9025
0 4537
0.958848 11324
0 4153
0 8145
0 8167
0.587653 4746
1 7017
0 6238
0 4687
0 6069
0 8334
0 8785
0.789946 13487
0 11781
0.540518 8490
0 5292
0 8734
0 6886
0 16384
0 16384
0 8091
0 16384
0.633778 5696
0 8564
0.235061 9589
0 6355
0.310608 16384
0 5878
0 16384
0 13322
0.520447 16384
0 7745
0 12052
0.434337 6046
0.163123 9171
0 7333
0.893642 5143
0 9043
0.680639 15650
0 11444
0 16384
0 5051
0 9211
0 16384
0 9276
0 13036
0 9449
0 4240
0 14907
0 5972
0 5215
0 7227
0 8808
0.367168 7773
0 4211
0 4676
0 8257
0 13373
0 13023
0 15133
0 16384
0 4445
0 16384
0 10917
0 4426
0 6284
0 4570
0 11752
0.664392 7768
0.962443 12541
0 16384
0 4101
0 4200
0 5725
0 5389
0 6323
0 8525
0.358879 7816
0 16384
0 9339
0 11163
0 14384
0 4916
0 7515
0 15098
0.531844 5370
0 9312
0 16384
0 16384
0 12033
0 11418
0 16384
0 9052
0 10360
0 16384
0 5547
0 10811
0.20416 13989
0 9815
0 14841
0 10639
0 6474
0 6971
0 5735
0 16384
0 6700
0 4231
0 16384
0 8387
0 6802
0 16034
0 10956
0 10292
0 6364
0 5370
0.658941 5005
0 16384
0 9938
0 6337
0.375776 8694
0 5267
0 4292
0 16384
0 7450
0 7265
0 4365
0 8024
0 13004
0 10835
0 4565
0 16384
0 16384
0 11030
0 5643
0 4880
0 6016
0 4294
0.20929 16384
1 16384
0 4986
0 6603
0 16384
0.698845 6236
0 14046
0 4213
0.97242 4351
0 5334
0.28445 15254
0 5381
0.237273 13436
0 8589
0 13569
0 9466
0.954109 11244
0 5179
0 6475
0.948527 11540
0 6456
0.870156 14656
0 16384
0 7297
0.653472 13061
0 16123
0 5013
0.68659 5287
0 6994
0 7877
0 9789
0 7870
0 14115
0 5265
0 14503
0.903707 6366
0 14405
0.856991 12237
0 11514
0.550447 4589
1 9759
0 7470
0 5534
0.812058 4379
0 7337
0 4617
0.729707 7022
0 6448
0 8826
0.249371 5566
1 7628
0 7530
0 10005
0 5800
0.724548 16384
0 6986
0 10112
0 6638
0.298279 16384
0 5619
0 12662
0 7489
0 6453
0.513372 11068
0 8069
0 5516
0.291653 14723
0 5034
0 4886
0.996346 5474
0 8764
0 9160
0 4203
0 7498
0 4408
0 16384
0.914655 5261
0 16384
0.570514 9062
0 7313
0.261902 16384
0 4519
0.16272 16384
0 6057
0.18866 16384
0 16136
0 16384
0 16384
0 4257
0.49585 16384
1 14987
1 16384
0.521423 4131
0 5287
0.625566 8832
1 15201
0.824767 14261
0 11547
0.981898 7071
0 16384
0 5731
0 5798
0.808167 16384
1 9409
0 5133
0.858521 16384
1 12751
0 5123
0.403218 8452
0 9947
0.839233 16384
0 14546
0 16384
0 6198
0 6448
0 6649
0.366856 7935
0 4194
0.74756 14447
0 6523
0 8119
0 10355
0 4518
0 5910
0 6473
0 4123
0 6753
0 16384
0 9261
0 10995
0 12789
0.882152 13755
0 11942
0 9669
0.777216 6724
0 6314
0 8087
0 7930
0 4924
0 6087
0.520131 11947
0 16384
0 4601
0.601852 7020
0 11469
0.730652 16384
1 10191
1 16384
0 15384
0 5135
0 4623
0 6556
0 9972
0 10838
0.377143 4725
1 16384
0 12659
0.968251 15843
0.378726 8320
0 7341
0.49663 13058
0 7205
0.816207 12933
0 12011
0 4437
0 14113
0.471217 12438
0 4807
0.233982 6368
1 8542
0 4943
0.93061 10967
0 5357
0.838745 16384
0 7265
0 8257
0 6734
0.904506 8388
0 10816
0 4208
0 5350
0 8208
0 7052
0.140341 8686
0 8311
0.724813 9201
0 7486
0 5452
0.391048 15415
1 16384
0.309354 5046
1 4290
0 7961
0 4865
0 5303
0 6791
0 4417
0 9834
0 6350
0 4842
0 11132
0 4825
0 9402
0 16384
0 10758
0 16384
0 5083
0 6578
0 4975
0 6845
0 13081
0 7190
0 6246
0 6482
0 16384
0 6583
0 5127
0 5911
0 6383
0 14971
0 16384
0 6268
0 16384
0 6204
0 6790
0 13206
0 12244
0 10658
0 4519
0.452923 13616
1 6346
1 8807
0 8750
0 6807
0 6357
0 6328
0 11195
0 6669
0 16384
0 6885
0 16384
0 16384
0 12739
0.227783 16384
0 4979
0 10342
0 14597
0.178833 16384
1 5392
0 5365
0 4888
0 8447
0 4124
0 5828
0 4767
0 9740
0 7136
0 12162
0 5075
0 6721
0 5979
0 6527
0 4996
0 10483
0 12373
0 12352
0.818042 6518
1 15252
0.912598 16384
1 7307
0 12831
0 4946
0 8699
0 8704
0 5077
0 8732
0 16050
0 5054
0 5862
0 4123
0 5466
0 7749
0 4167
0 8092
0 4229
0 14278
0.194193 7302
1 12011
0 16384
0 6182
0 5361
0 12252
0 5360
0 16384
0 4946
0 10570
0 4745
0 11457
0 5186
0 4985
0 6099
0 13173
0 9395
0 9231
0 8238
0 4106
0 7522
0 7316
0 16384
0.696533 16384
0 6671
0 4458
0 4528
0 4783
0 5665
0 4465
0 6710
0 4235
0 4228
0 7157
0 4199
0 16384
0 16384
0 4713
0 8902
0 16384
0 6576
0 7846
0 11633
0 4765
0.472921 15732
0 14774
0.730469 16384
1 6398
0 8203
0 4196
0 4543
0 9088
0 16384
0 4236
0.186361 6364
1 8249
1 10644
0 8236
0 16384
0.841246 5266
1 7080
0.371106 12037
1 12398
0.520227 7589
1 8169
0.940423 14838
1 15455
0 16384
0.885254 16384
1 16384
1 16384
1 16384
1 16384
1 6347
0 4228
0.61112 6007
0.729299 10048
0.425975 4181
0.605829 9298
0.715515 16384
1 8348
0 4787
0 10644
0.730883 5061
1 8071
0.331704 6138
1 16384
0 5148
0 4666
0.718724 5923
0 10957
0.444397 16384
0.474381 10500
0 6697
0.259888 16384
0.416138 16384
0 9155
0.131165 16384
1 14725
0 8585
0 5637
0.817997 11302
1 7291
0 10077
0 10098
0 7625
0 4312
0.719666 16384
1 5206
0 4170
0 10331
0 15583
0 4661
0 11492
0 4929
0 5786
0 4891
0 6238
0 10564
0 5641
0 4319
0 7091
0 14251
0.970276 16384
0 4956
0 16384
0.591405 14124
0 5018
0 16384
0 9351
0 6324
0 9983
0.453493 13901
0 11720
0.954326 9962
1 16384
0 6907
0 8270
0 6772
0 6810
0.225119 9857
1 11327
0 12756
0 8969
0 14477
0 6482
0 14053
0.445557 16384
1 5588
0 16384
0.876975 11770
0 4514
0 7485
0.647903 6413
0 5896
0 5143
0.563292 14275
1 12245
0.858743 4998
0 15283
0 5860
0.800563 8524
0 16384
1 16384
0.670301 10088
0.483883 15667
0 4722
0.375916 16384
1 5862
0 8986
0 4109
0.880249 16384
1 5966
0 8624
0 5991
0 7632
0.921631 16384
1 6154
0 9153
0 10342
0.234057 5943
0.605485 4631
0 8104
0 5296
0 5224
0 4380
0.924708 7783
0.735255 13428
0 7387
0.902771 5739
0 4816
0 10552
0 4405
0 5522
0 5313
0.904997 6684
1 11557
0 6179
0 6658
0.985923 15699
0 5311
0 5174
0 15459
0 7657
0 8017
0 7743
0 4389
0 10756
0 5523
0 5308
0.613831 16384
1 4793
1 4799
0.180117 10793
1 13263
0 14878
0 5071
0.844169 7014
0 6548
0 11363
0.636719 16384
1 5227
0.76536 15999
1 16384
0 4706
0 4731
0 4554
0 10709
0 5582
0.890172 4589
0.644422 13921
0 6331
0 16384
0 7969
0 7801
0 16384
0 16209
0 5371
0 11176
0.188171 16384
1 11246
1 7113
0 5844
0.852761 8150
0 7294
0 16384
0 7380
0 9676
0.570909 4125
1 13473
1 4428
1 16384
0.522278 16384
0.991028 16384
1 11083
0.6746 15169
0 10487
0 6035
0.351746 16384
1 8366
0 5086
0.7996 12490
0.508272 11968
0.786143 14650
0 5581
0 10431
0.6 13430
0 5122
0.262085 16384
1 5114
0 6857
0.70525 4743
0.509178 8989
0 15484
0 9448
0.707336 16384
1 4180
1 9943
0 6019
0.864657 8194
0 6290
0 8226
0 5106
0 11752
0 4468
0.790242 4181
0.607727 16384
0 11915
0 13177
0.650754 13993
1 11851
0 6549
0 8945
0.241974 6323
1 16384
0 4127
0 10131
0 8410
0.088316 5469
1 15097
0.45744 13440
1 9077
0.283386 16384
1 16384
1 16384
1 16384
1 4682
1 11994
0.950675 11191
1 16384
0 5728
0 6022
0.764404 16384
1 4710
1 11435
0.551608 5067
0 12014
0 12002
0 16384
0.645264 16384
1 11517
0 11908
0.525835 8206
0 16384
0.774954 8145
0 16384
0 7206
0 12067
0 9021
0.504427 9601
0 12479
0 11794
0 12099
0 16384
0.451267 10732
0 11892
0 12013
0 13090
0.654874 14076
0 10552
0.914827 8336
1 12015
0.676577 12210
0.712427 7838
0 7176
0 8964
0 11040
0 4323
0 4278
0 8939
0 16384
0.848495 5914
1 14533
0 4256
0 5194
0 8602
0 16384
0 8136
0 16384
0 10807
0 4330
0 6615
0 4253
0 16384
0 6472
0 4170
0.47936 12064
0 16384
0 13761
0 12384
0 4279
0.963562 16384
1 10437
0 4577
0 5804
0.17687 13999
0 10426
0 6391
0 9959
0 13767
0 5840
0.336387 9715
0 16384
0 5107
0.614742 12454
0 8580
0.11322 16384
1 8403
0.205574 10979
0 4812
0 15288
0.720721 5883
0 4319
0 5813
0.432282 9857
0 7711
0.748322 8491
0 6817
0 5569
0 5753
0 16384
0 6796
0 10447
0 12372
0 9954
0 8893
0 6068
0 4624
0 4380
0 7978
0 7612
0 16384
0.565292 15691
0.155513 9504
0 4470
0 12744
0 7928
0.681396 16384
0 16018
0 16384
0 7651
0 16384
0.563538 16384
0 4144
0 15043
0 7285
0 7000
0 6137
0 12308
0 10041
0 16384
0 6504
0 7786
0 4913
0 9237
0 5681
0 4757
0 6688
0 4194
0 10302
0 16384
0 5193
0 16384
0 15114
0 9265
0 16384
0 14883
0 9643
0 11714
0.557633 9144
1 16384
0 5375
0.107666 16384
1 13522
0 10146
0 11257
0 5579
0 16384
0 4202
0 12649
0 8366
0 6603
0 8496
0 11267
0 12126
0.625432 7227
0 16038
0 7164
0 6861
0.636439 6054
1 5459
0 4184
0.478748 7058
1 9532
1 11720
0.543067 5712
1 9167
0 7156
0.905457 16384
1 8424
1 4818
0 4886
0 10463
0.37569 5076
1 16384
0.529455 12188
0 14511
0.257935 16384
0 16384
0 7662
0 10961
0 6709
0.596375 16384
0 16384
0.611754 11758
0 6029
0 6223
0 11534
0 5323
0 5215
0 10426
0.733276 16384
1 7792
1 16384
0.516178 9859
0 10790
0.946801 4361
0.231581 6637
0.361353 10552
0 4821
0 9362
0 8022
0.752572 12638
0 7145
0.374146 16384
1 16384
1 6252
0 6113
0 11558
0.862513 14605
0 5162
0 14135
0 11075
0 16384
0 5010
0.575389 4437
1 15343
0 13769
0.451592 12281
0 4253
0 12066
0.414242 13369
1 14300
0 12395
0.325794 5350
1 15363
0 9959
0 7926
0.905372 8972
1 16384
1 16050
1 16384
0 10878
0 11762
0.457741 7170
0 5458
0 15137
0.723206 16384
1 16384
1 7917
0 13624
0 11062
0 7142
0.1203 16384
1 14657
1 4265
0 10184
0 9912
0 16384
0 7020
0.119202 16384
1 5180
0 14417
0.120239 16384
1 13215
0 10676
0 6742
0 5526
0 6763
0 10964
0 16384
0 4327
0 7717
0 7139
0 11975
0 16384
0 16384
0 16384
0 10337
0 8445
0 13965
0 13648
0 7775
0 9013
0 4681
0 16384
0 6213
0 14398
0 13913
0 13932
0 12196
0 16384
0 16384
0 16384
0 5630
0 6385
0 11397
0 11120
0 16384
0 16384
0 16384
0 6307
0 6086
0 16384
0 16384
0 5578
0 5260
0 7171
0 16384
0 16384
0 9380
0 16384
0 16384
0 16384
0 16384
0 16384
0 14479
0 16384
0 16384
0 15633
0 16384
0 16384
0 16384
0 9197
0 9859
0 6195
0 16384
0 11052
0.0090332 16384
1 6714
0 12871
0 5075
0 7791
0 4914
0 11685
0 16384
0 6682
0 15674
0 6978
0 15674
0 6978
0 6076
0 9145
0 6978
0 15674
0 6978
0 14704
0 10749
0 5946
0.665222 16148
0 4982
0.983091 14075
0 6293
0 11021
0 8828
0.109191 13481
1 11984
0 15521
0 5012
0.855233 13836
1 14593
0 16384
0 7079
0 13742
0 16384
0 6994
0 9270
0 16384
0 5320
0 8367
0 6381
0 7653
0 10963
0 12989
0 10785
0 4199
0 4199
0 4199
0 4199
0 4199
0 4199
0 15154
0 14664
0 11136
0 14677
0 12033
0 13014
0 11855
0 14009
0 6674
0 6019
0 13414
0 6883
0 4791
0 4578
0 16384
0 16384
0 5893
0 10309
0 11667
0 15548
0 5790
0 5794
0 5777
0 5811
0 5794
0 5794
0 5794
0 5418
0 6170
0 15994
0 4295
0 13283
0 4895
0 8144
0 16384
0 6503
0 8638
0 4425
0 7598
0 5302
0 5156
0 7597
0 5301
0 16384
0 7486
0 8353
0 12191
0 15477
0 12486
0 5976
0 16384
0 16384
0 16384
0 15463
0 4790
0 5675
0 16384
0 13507
0 16384
0 5703
0 16384
0 12547
0 15775
0 15775
0 15775
0 15775
0 7140
0 8635
0 11791
0 5431
0 13552
0 8589
0 16384
0 16384
0 16384
0 6297
0.874573 16384
1 12276
1 12616
0.783203 16384
1 16384
1 7064
1 12878
0.667707 14093
0.420118 9007
0 4425
0.31621 7514
0 11522
0.805298 16384
1 13890
1 11618
0 5815
0 10074
0 16384
0 6402
0 16384
0 7321
0 4280
0.721488 11723
0.282835 9624
0 12201
0.587027 5843
0.136414 16384
1 7417
0 5939
0.786789 14488
0.445292 16131
0 5862
0.203857 16384
1 16384
0 16384
0 16384
0 16384
0 16384
0 16384
0 16384
0 16384
0.391357 16384
1 13539
0.227987 10948
0 11775
0.324446 7351
0 16384
0.20131 6259
0 7261
0.565083 13959
1 12691
0 7997
0.429434 6292
0.485829 14501
0 14823
0.714355 16384
1 9614
1 6638
0.880782 8388
1 12153
0 5919
0 8052
0 7076
0 6993
0 15281
0.0426025 16384
1 7749
1 15199
0 9898
0 5528
0 4857
0 4502
0 8591
0 8497
0 13177
0 6841
0 4532
0 4628
0 10253
0 4707
0 8526
0 6723
0.457714 5049
0.210134 10993
1 5053
0 5393
0 6282
0.2121 8760
0 10829
0.93573 16384
0 8061
0.29724 5144
0 11883
0.296955 11591
0.785605 12463
0 4268
0 8905
0 15102
0 8886
0 11309
0 11427
0 11190
0 6459
0 16384
0 8618
0.711381 11950
0 8590
0.785335 9983
0 12550
0 13787
0 12355
0 5972
0 5428
0 9568
0 9912
0.869202 16384
0 6605
0 11367
0 11725
0 5742
0 13879
0.561489 6180
0 5126
0 5012
0 4954
0 10606
0.773232 7748
0 5513
0.937801 8714
1 12891
1 16384
0.134854 9425
0.110279 5477
0.529339 10498
0.161482 11605
0 11497
0.390145 12075
1 8897
0 7434
0 4976
0 7716
0.363901 5496
0 10089
0 8230
0 4223
0 6657
0 4698
0 4260
0 6762
0 4187
0.65416 6983
0 9455
0 10678
0 9645
0 11035
0 16384
0 4195
0 7186
0 16384
0 8211
0.367329 5785
0.432865 7753
1 15926
0.87336 4422
0 14361
0 9902
0 6549
0 4801
0 4426
0 5416
0 5619
0 7882
0 16384
0 12617
0 7911
0 13366
0.289888 7565
0 4114
1 8514
0 4165
0.822097 9938
0 5861
0 4410
0 4927
0 5376
0 7358
0 12648
0 6493
0 10209
0.785963 11498
0 16384
0 9384
0 15320
0 15430
0 8939
0.28588 12960
0 16384
0 16384
0 4135
0 7244
0 13864
0.450759 10540
0 6259
0 4637
0 8553
0 6847
0 13958
0.711402 5499
1 6825
0 5853
0 8761
0 4454
0 10377
0 8540
0 11175
0 9888
0.343811 16384
1 4669
0 16384
0 6893
0 7436
0.3142 7352
0.723574 13197
0 16384
0 9933
0 12431
0 6840
0.888733 16384
1 8494
0 4553
0 16079
0 4151
0 6446
0 4534
0 6511
0.386913 14564
0 5039
0 4184
0 6249
0.246823 5194
1 4213
0 7245
0.200306 9795
1 9672
0.477191 4187
1 9531
0 9623
1 6526
0 6299
0.451903 8566
1 6061
0.638968 4188
1 7233
0.421399 9421
1 10280
0.914517 4808
1 4714
0.231262 6244
1 13807
0.498448 15145
1 5555
0.297248 5487
0 14820
0.173918 9378
0 5340
0 6101
0.89197 6961
0 5532
0.145408 5433
0 7436
0.440967 9681
0 16384
0.0282647 4564
1 5356
1 6171
0.777058 5248
0 5310
0 6326
0 11399
0.517639 16384
1 10825
0 4313
0 15686
0 4129
0.00683883 9797
0 7274
0.872524 6260
0 5149
0 6298
0 5862
0 14781
0 9948
0 6750
0 4876
0 7953
0 4497
0 5539
0 7749
0 15286
0 16384
0 6074
0 9627
0 11597
0 4188
0 5226
0 6039
0 11266
0 4579
0 10456
0 6969
0 7104
0 9152
0 16165
0 4553
0 8627
0.582864 6034
1 16384
0 5379
0 4425
0 16384
0.937381 11594
0 6992
0 4289
0 7429
0 6994
0.933817 4412
0.68929 7647
0 16384
0 13333
0 4921
0 10451
0 11918
0 9891
0 10051
0 5627
0 6278
0 4547
0 7706
0 8985
0 4166
0 15931
0 16183
0 16384
0 11337
0 4621
0 4407
0 7761
0 4526
0 4629
0 4645
0 14760
0 4374
0.00807326 8299
1 8584
0 7493
0 4192
0 5471
0 9379
0.262959 6096
1 5356
0 16384
0 5209
0 5528
0 16384
0 5915
0 13919
0 5018
0 12999
0 16384
0 6349
0 4226
0 5036
0 7982
0 6059
0 6596
0 9744
0 12028
0 12383
0 11471
0 5053
0 4283
0 8613
0 6174
0 12942
0 9799
0 7497
0 11065
0 11289
0 13670
0.426404 5931
0 10438
0 5276
0 6787
0 5573
0 9022
0 9149
0 4613
0 13708
0 4395
0 7356
0 10829
0 6932
0.381362 5226
1 4250
0 5183
0 11225
0 5636
0 14268
0 5969
0 9003
0 6726
0 11319
0 8175
0 4592
0 6473
0.673548 9107
0 6071
0 5776
0.0202096 9352
1 4744
0 9524
0 16384
0 8061
0 8038
0 10681
0 5793
0.770537 14194
0.0114413 5856
1 6779
0 16384
0 15697
0 6873
0 10158
0 13209
0 5881
0 6749
0 5476
0 4280
0 4670
0 6786
0 9783
0 8351
0 5911
0 6096
0.864576 14857
1 5759
0.889881 10861
1 16384
0 4203
0 7502
0 16384
0 10848
0.841431 16384
0 7062
0 8374
0.0150325 4457
1 12117
0 10020
0 13479
0 9148
0.547028 8378
0 7915
0 8585
0 4777
0 6312
0 8314
0 4445
0 7277
0.881124 5266
0 4704
0.397585 4887
0 9293
0.0122576 5466
0 7801
0 8086
0 9831
0 7350
0 6691
0 6267
0.289368 16384
0 5520
0.704734 6865
0 6769
0 6268
0.762855 13224
0.00920203 7281
1 4232
0 4974
0.196301 4488
1 14316
0.0140461 4770
0 5984
0 5484
0 6843
0.525395 4174
1 10997
0 6766
0 4818
0 5834
0 12994
0 6368
0 6151
0 8883
0 8956
0 6138
0 15180
0 9555
0.901541 6490
1 7139
0 16384
0 16384
0 16384
0 5739
0 16384
0 8644
0 12332
0 11950
0 4796
0.907597 14426
0 4876
0 16384
0 5161
0.412803 10310
0.728083 14475
1 11081
0 6766
0.00773583 8661
1 7576
0 5430
0 4172
0 16384
0.694997 8895
0.846069 16384
0 4188
0 10893
0.60259 6331
0 4878
0.010613 6313
1 9601
0 12881
0.537101 5485
0 4605
0.605559 8886
1 16384
0 6017
0.949612 14567
0 5721
0 7339
0 4979
0 11765
0 5417
0.895584 8696
0 6355
0 5672
0 4942
0 7854
0 7559
0 7737
0 5479
0 8258
0 4446
0 9369
0 6644
0 5667
0.0153108 4376
1 4528
0 4743
0 5246
0.774657 12532
0 7400
0 10965
0 4157
0 9159
0.629478 5136
0.0135545 4943
0.102327 5629
0 16384
0 16384
0 5958
0 4277
0 7688
0 6611
0 16384
0.00560388 11956
0 15566
0.323781 4327
1 5488
1 7771
0 7911
0.00814986 8221
1 5957
0 4283
0.746506 5795
1 15959
0 16384
0 14363
0 12928
0 16384
0 6756
0 5158
0.878086 11787
0 7384
0 7588
0 5298
0.763389 6479
1 7645
0 14731
0 5576
0 8353
0.561729 8351
0.700741 8227
0 4340
0.701863 4669
0.0811685 9585
1 7293
0 5780
0 9854
0.239549 4521
0 6490
0 6167
0 4144
0.828017 5925
0 4105
0 10615
0 4365
0 5042
0 12328
0 8068
0 12671
0 7040
0 4273
0 4165
0 4537
0 14952
0.0283858 8772
0 5693
0 5274
0 11598
0 13747
0.31864 4469
0 7205
0 4925
0.0109746 6105
1 12406
0 7801
0 13516
0.752822 4252
0 7151
0 9130
0 16384
0 5335
0.0123124 5198
1 16384
0 5805
0 8791
0.628545 12871
0 13608
0 16384
0.189514 16384
1 6484
0 4765
0.55614 5326
0 8253
0.497925 16384
0 8111
0 4146
0 6779
0.688057 14586
0 5334
0.00933278 7179
1 8202
0.681764 12629
0 5146
0.811312 8310
1 11264
0 5827
0 4686
0.0133148 5032
0 4973
0 7233
0.417845 4808
0 5073
0 5530
0 4187
0 8075
0 10334
0.786408 5356
1 16384
1 10828
0.545087 6432
1 5338
0 8891
0.0142039 4717
0 6310
0.439037 5979
0.594045 6146
1 12414
0 12947
0 16384
0 5067
0.0100616 6659
0 6165
0.0874226 6623
0 5556
0 8848
0 9983
0.102037 5645
0 9675
0.36852 7986
0 4749
0 9850
0.00775146 16384
1 12206
0 5657
0.624804 12095
0 5462
0 5259
0 4979
0 4836
0.00917557 7302
1 9709
0 14173
0.387064 6787
1 10312
0 11545
0 16384
0 7568
0.593443 7015
0 4952
0 14391
0 8460
0.841736 16384
1 7303
1 11117
1 12732
0.647461 16384
1 4477
1 16384
0 8878
0 6622
0.601101 7626
1 7475
0.456441 5131
1 11071
0.911037 9251
0 7911
0 7489
0 10179
0.318833 11793
1 10158
1 16384
0 6302
0 4224
0 4228
0 7927
0 5738
0 6422
0 16062
0 8335
0 9640
0 6601
0 5798
0 14346
0.0911257 15945
0 4939
0 6982
0 4467
0 4955
0 11431
0 16384
0 10000
0.113869 6244
1 16384
0 4245
0 6919
0.605925 6245
0 4759
0 6774
0 6030
0 6317
0 7322
0 6980
0 9049
0 6934
0 12534
0 7715
0.864069 8291
0 9817
0.0399837 7378
1 7341
0 6830
0 4332
0.228144 12834
0 10250
0 6179
0 7472
0 10128
0 12066
0 4804
0.785339 16384
0.408446 12976
0 12440
0.951466 4945
0.0949097 16384
0 5879
0.669274 10356
0.00769761 8704
1 16384
0 4212
0 8135
0.823563 8700
1 5671
0 14447
0 6776
0 4491
0 11128
0 11840
0.82593 6101
0 8470
0 15622
0.264014 8420
0 5722
0 11095
0 5930
0.903632 4130
1 5251
1 16384
1 8368
1 12241
0 9600
0 4334
0 5324
0 16384
0 6284
0 5068
0 12179
0 5411
0.0236761 5533
1 9408
0 6140
0 4235
0 4756
0 7556
0 5443
0 4436
0 4608
0.633179 8192
1 8758
0 9152
0 12136
0.42048 7539
0 9484
0 5700
0.00705041 9503
0 6002
0 8887
0 5111
0 10152
0 9209
0 9851
0.850533 11066
1 4582
0 15266
0 4708
0 14539
0 13009
0 4174
0 12135
0 11665
0 4424
0 5067
0 4189
0 8000
0 5156
0 10435
0 6788
0 11837
0 10834
0 16384
0 6707
0 4796
0 14232
0 6053
0 10607
0.834838 11740
0.691936 9735
1 16384
0.659125 4729
0 5589
0 8783
0 9150
0 5498
0 8605
0 4957
0.0285714 8260
0 14199
0 7500
0 5308
0.0108222 6191
1 10613
0 7648
0.299643 6728
0 6524
0.552211 7939
0 7755
0.765775 5008
1 8909
0 13861
0.475098 16384
1 7003
0 12161
0.819023 6697
0.836063 7143
0.769201 5182
0.281461 11554
0.885986 16384
0 5149
0 12868
0 7119
0 8489
0.42922 9699
0 4276
0 6828
0.701469 12796
1 6403
0.862404 7304
0 4378
0.0293556 5757
0.558216 13948
0.14342 6603
1 15366
1 11103
1 16384
0 6436
0.430638 13206
1 4868
0 8903
0.460021 4665
1 9343
0.431607 8612
0 7806
0 7419
0 9063
0.093283 11910
1 4520
0 10441
0 4931
0 8009
0 4602
0 5916
0 4429
0.72406 16384
1 16384
1 12784
1 13385
0.0862799 8739
1 8129
0.841919 16384
0 9543
0 11282
0 16384
0.669922 16384
1 5702
1 7734
0 4275
0 4258
0 4299
0 11765
0 11294
0 8078
0 7199
0 9967
0 6572
0 16001
0 10679
0.265036 7848
1 16384
0.070131 9083
1 16384
0 16384
0 4404
0 10637
0 4216
0 8661
0.686656 14291
1 5532
0 5965
0 8686
0 6293
0 4634
0 4508
0 4120
0 5810
0 12284
0 5815
0 4783
0 4583
0 12696
0 12954
0 9707
0.127171 9845
0.327051 6632
0 9459
0 11432
0 5645
0 9079
0 16384
0 12429
0 5359
0 4992
0 15743
0 4996
0 5764
0 4204
0 5472
0 7026
0 7157
0 8869
0 15790
0 4850
0.977539 16384
1 14195
1 13443
0 4421
0 4327
0 14525
0 5695
0 6377
0 13848
0 12817
0 9413
0 4211
0 7725
0 6725
0 10121
0 9412
0 6731
0 12126
0 9509
0 5012
0 5776
0 9084
0 7801
0 10956
0 15643
0 5673
0.513768 7953
1 11855
0 7291
0 12060
0 4665
0 4560
0.963867 16384
0 6957
0 8378
0 5582
0 4791
0 4333
0 5431
0 4947
0 8438
0 8204
0.530396 8965
0 5537
0.25858 5565
0 16249
0.929118 6010
0 4790
0 5354
0 9752
0 6597
0.695157 4130
1 16384
0 8103
0.658852 4948
1 16384
0 6675
0 8345
0 8581
0 10793
0.0310669 16384
1 13819
1 7528
1 7724
0.225089 5309
0 14244
0 4287
0 4741
0 11444
0 4788
0 16384
0 4604
0 5752
0 5832
0 7127
0.0959876 4511
0 11053
0 4595
0.775924 5873
0 5929
0.336936 5366
0 5060
0 16075
0.788291 10146
1 12791
0 5482
0 16384
0.873061 4577
1 9147
1 10305
0 4378
0 5483
0.972405 12321
0 4795
0.395862 11600
1 7501
0 4409
0.396661 4253
1 8469
0 4875
0.829259 10144
0 6796
0.832739 10092
1 7556
0 12708
0 8029
0 6877
0.678639 7907
1 11066
0 16384
0 6124
0.597194 12758
1 7050
0.403415 5798
1 5938
0 13103
0.783968 9406
1 16384
0.629574 9400
1 10422
0.724694 7933
0 5012
1 11957
1 13926
0.774006 5332
0.734436 16384
1 11152
1 9517
0.866001 8709
0 16384
0 5218
0 6457
0.8849 7020
1 8850
0 5403
0 4459
0 10525
0 14064
0 14924
0.907265 14935
0 10591
0.172993 4584
0.225863 15474
1 12008
0 16384
0 9791
0 4597
0.95343 16384
1 7067
0.705273 4343
0.503438 12071
1 6056
0 4237
0 4825
0.715271 16384
1 5223
1 9343
0 8254
0 5487
0 4140
0 4250
0 5864
0 5049
0 8104
0 16384
0 5289
0.711666 9326
1 16361
0 9236
0.0592755 5466
1 7353
0 8606
0.163833 7764
0 4374
0.592407 16384
1 6869
0 9995
0.365885 9298
0 4784
0 4128
0.956213 9843
0 11529
0.455487 7728
0 4553
0.952287 6581
0 4262
0.513137 9972
0.701904 16384
1 5095
0 9330
0 5512
0.245605 16384
1 5747
0 8891
0 9167
0.563599 16384
1 7773
1 6685
0 9082
0 7087
0 6801
0.481374 5852
0.408453 5915
0.702709 4504
0 7451
0.962771 9831
0 5772
0.935059 16384
1 5663
1 7303
0 15655
0.65686 16384
1 13492
0 4237
0.214181 7489
1 14507
0.202883 6659
0 5555
0.545542 7268
1 6721
0 8531
0.0185563 10778
1 16384
0.0363669 5637
0.0239085 8658
1 8843
1 6192
0 4546
0 5698
0 4106
0.522129 4790
0 5580
0.789308 5387
0.89522 8284
0.692528 4189
1 16384
1 7241
1 13444
0.24354 7547
0 6713
0.57782 16384
0 9064
0.802854 7289
0 8750
0 4651
0 5225
0 10191
0 7534
0 6404
0 8437
0 7991
0.0475155 5977
1 9521
1 11609
1 12587
0.388045 12965
0 10895
0 16384
0.785077 5602
0 5511
0 7435
0 10619
0 7377
0.24296 14772
1 13395
1 9153
0.742615 16384
1 11616
0.66896 14391
1 5164
0 11131
0 5631
0 9927
0 16384
0.911743 16384
0.920948 11815
1 8883
0.252005 10226
1 13371
0.63134 15654
0 8600
0.288367 6516
1 16384
0 5212
0.772897 11792
1 12415
1 16384
0 11100
0.59563 4988
1 7441
0.241309 6386
1 9904
0.420819 4736
0.577715 8158
1 5897
0.81604 16384
0 11946
0 7034
0 6897
0 6212
0 9309
0 16384
0 4697
0.857187 16049
1 11573
0 9479
0 5661
0 5320
0 6481
0 5475
0 5050
0 4419
0 9171
0.251943 12483
1 8619
0.144167 13637
0 5718
0.385491 6410
1 5662
0.0523144 7302
0 5160
0.982178 16384
1 13490
0.139042 15801
1 4436
0.350798 8646
1 10124
0.223291 8106
1 9113
0 9652
0 14144
0.400534 14241
0.336302 6063
0.536746 9239
1 16384
0 4441
0.367008 4692
0.352554 7908
0 5995
0 9749
0.6034 14589
0.407676 6748
1 15347
0.333278 6058
1 14688
0 12312
0.0558472 16384
1 16384
0 9902
0 13630
0 5666
0.865797 4523
0 5569
0 8922
0.949448 12581
0 5057
0 7447
0 5432
0 13464
0.0854701 4212
0 4962
0.753656 4855
0.223646 13575
1 5132
1 6094
1 6760
0 10662
0.46475 10681
0.0156411 13554
0 16384
0 12764
0.791551 12214
0 6997
0.722489 7279
0.768056 6023
1 12526
0.827909 7467
1 5335
1 11871
0.477971 6310
0 9358
0 13559
0.679565 16384
1 16384
0 12294
0.501831 16384
0 6969
0 5730
0 12746
0.491211 16384
1 4588
1 16384
0 4378
0 9604
0 5456
0 6839
0.760696 11266
1 16384
0 8241
0.762856 6106
0 9347
0 5919
0 4530
0 4584
0 5771
0 9325
0 11946
0.892212 10131
1 16384
0 6627
0 6200
0 5416
0 9632
0.611195 9951
1 4140
0 10826
0.885259 8846
1 14823
0 4799
0 10430
0 6394
0 16384
0 4840
0.38766 9627
0 8605
0 12786
0 16384
0.934883 6281
0 7881
0 4339
0 13534
0.316717 10552
0.891119 8918
1 9668
0 4983
0 6047
0.289246 16384
1 6454
0.061792 6797
0 10649
0 11407
0 5348
0 12260
0 13396
0.955078 16384
0 16384
0 16384
0 4575
0 7409
0.104065 16384
1 15064
0 11134
0 13086
0 4227
0 6534
0 5390
0.786851 4335
1 9053
0.362898 7633
1 11671
0 16384
0 16384
0 9446
0 5603
0 5012
0.742948 7197
0 10502
0.0488281 16384
1 6522
0 16155
0 10371
0 15644
0 9692
0 16384
0 4431
0 9299
0 16384
0 16384
0 7498
0 16384
0 8278
0 9446
0.52617 6477
0 7342
0.375049 5074
0 4620
0.0717166 12647
0 4498
0 9441
0 4223
0 5280
0 4594
0 5395
0 16384
0 16384
0 7853
0 8953
0 7086
0.594727 16384
0.89477 12886
1 16384
1 16163
0 6641
0 4715
0 5362
0 4605
0 7939
0 6854
0.953003 16384
0 6748
0 4854
0 13516
0.856424 6561
0 8953
0 9773
0 4832
0 5627
0 7284
0 4117
0 10514
0 4344
0 10924
0 4347
0.762052 7737
0.314254 12509
1 7160
0 5349
0 16384
0 14877
0 4113
0 14950
0 12032
0 4166
0 8660
0 10571
0 4142
0 5784
0 7739
0 4635
0 4307
0 16384
0 16384
0 16384
0 5395
0 8260
0 6340
0.114097 9825
0.115629 4402
0 6214
0.508055 8814
0 6903
0.913999 7372
1 16384
0 7976
0 8008
0 14032
0 12692
0 4245
0 7748
0 16370
0 10195
0 7590
0 5208
0 7198
0 16384
0 16384
0 16384
0 4850
0 7785
0 10496
0 16384
0 14598
0 4396
0 5983
0 8985
0 10786
0.400932 10730
0 7485
0 10388
0 5394
0 12548
0 8525
0 16384
0 5448
0 16384
0 9966
0 7665
0.491013 7344
0 7746
0.781876 8243
1 9964
0 8284
0 16384
0.0209104 13247
0.0239868 16384
0.701741 6776
0.408567 11183
0 10322
0 4814
0 6192
0 9780
0 8790
0 6840
0 16384
0 16384
0 5845
0 4187
0.328358 5762
0 6253
0 16384
0 10763
0 7422
0 10338
0 10000
0 8812
0 12570
0 16384
0 16384
0 4444
0 11348
0 5462
0 10267
0.740254 12543
1 16384
1 15262
0 4169
0.61169 13618
1 16304
0 9708
0 6450
0 9754
0 6327
0.442548 12889
1 8091
0 14082
0 4199
0.466494 11565
1 10823
0 7075
0 7980
0 16384
0 4130
0.710157 13045
1 16384
0 7259
0.417582 5915
0 8331
0.27851 6068
0 10468
0 11131
0 7597
0 4125
0.249474 6650
1 9745
0 14181
0 8268
0 16384
0 4773
0.525549 8513
0 16384
0.466652 8891
0.187741 5188
1 16384
0 5079
0 5043
0 6049
0 9620
0 16384
0 4277
0 4228
0.69836 7499
0.736526 7329
0.397195 4635
0 7887
0 6161
0 12604
0 13547
0 5656
0 4664
0 5252
0 4612
0 5214
0.949094 12140
1 16384
0 5717
0 6197
0 16384
0.595947 16384
1 4126
1 11240
1 16384
0 5380
0 16384
0.725146 6669
0.611206 16384
0.343 7000
0 13930
0 4546
0.582341 4451
0 14690
0 11623
0 6762
0 12956
0 16384
0 16384
0 11115
0 5749
0.634939 5295
0.459669 6955
0 14654
0 8312
0.185994 9296
0 12365
0 7504
0 14263
0 9978
0 5842
0 14089
0 4329
0.655176 10008
0.511892 4751
0.523605 12116
0 4414
0.194155 15364
0 4362
0 16384
0.705909 8851
0 4373
0.705328 6156
0 16384
0 8121
0 6103
0 11120
0.0159881 5379
0 4620
0 7237
0 7455
0 12624
0 12933
0.0904345 7088
0.863892 16384
0 16384
0 4899
0 5187
0.56023 9555
0 13139
0 9423
0 6559
0 14327
0 7526
0 6326
0 4711
0 11590
0 16384
0 16384
0.524056 5612
0 13995
0 16384
0 5472
0 13742
0.0851113 8624
0 4121
0 11384
0 5152
0 4226
0.875433 6647
1 14680
0.775758 6765
0 8746
0.574219 16384
0 16384
0 4586
0 10349
0 7403
0 5302
0 9941
0 10036
0 16384
0 6514
0 5939
0 8196
0 4745
0.0630746 9354
1 7598
0 7797
0 12507
0 7847
0 6259
0 8353
0 6305
0 16384
0.536533 6583
0.562909 14052
0 7447
0 8289
0 4680
0 4366
0 5517
0.45874 16384
1 8669
0 7119
0 4243
0 8181
0 8228
0 12954
0.250478 14632
0 10487
0 12282
0 13306
0.90768 12240
0.654238 6571
0 4578
0 4202
0 8336
0 8691
0 11551
0.352411 5766
0 12176
0.333707 8037
0 7268
0.0169678 16384
0.683226 10588
0 9307
0.963786 16071
0 11781
0 11208
0 7785
0.788103 9448
0 16197
0 15047
0 16384
0.844139 13326
0.473952 4914
1 16384
1 12589
1 9582
1 8141
0 10708
0.959371 15580
0 7666
0.0860156 12707
1 16384
0 7785
0 11366
0 6734
0 16277
0.95148 9192
1 6299
0 11032
0.92413 9859
0.0699774 9303
0.89643 7087
1 9606
0 5168
0 16384
0.903372 4864
0 12098
0 16384
0 11444
0 11988
0.123464 6755
0 9347
0.539917 16384
0 13023
0 13967
0 16384
0 5166
0 6743
0.259903 12143
1 16384
0 13106
0.466309 16384
1 4188
0.860764 5602
0.346365 6932
0.930141 8646
1 16384
1 11564
0 13357
0.183485 15876
0.225801 11023
0 16384
0.315167 10569
1 8482
0.0472191 4405
1 13677
0 12085
0.283872 10082
0 4354
0 7072
0.933904 16113
1 16384
0 16384
0 11332
0.220851 5755
0 6971
0.0841064 16384
1 11162
0.885693 8206
0 16384
0.756951 6114
0.379664 8979
0 5492
0 6892
0 4830
0 12890
0.678586 4810
0 10361
0.664631 7860
0.406754 5212
0 9339
0.289626 8839
1 12951
0 7399
0.663506 8963
0.718688 4511
0.343192 14776
0.711314 7451
0 4369
0 8830
0.919224 9842
0.741811 4671
0 7216
0.626355 8674
0.823115 14337
0.668762 16384
0.586801 5864
1 7941
1 11713
0.733517 9783
1 10896
0.616911 10987
0 16384
0.646944 11256
0.683481 7434
1 16241
1 14559
0.560702 12306
1 4275
0.678933 7908
0.360663 11404
0 4739
0.73291 16384
0 9046
0.452837 14365
0.87833 9797
0.431458 16384
1 5530
1 13090
1 11373
0.822209 6682
0.876744 8746
0.489051 9042
1 16384
0 16384
0 10525
0 9265
0 13465
0.329834 16384
1 6326
1 9617
0.579992 7107
0.19297 5576
1 8209
0 10165
0 12431
0 9157
0 4769
0 16384
0.472939 7557
0 5952
0.352922 12575
0 7505
0.535339 16384
0 7083
0 11994
0 7930
0 12022
0 16384
0 13242
0 10490
0 15579
0 10709
0 7536
0.852726 11482
0.375773 6307
0 11799
0.791667 6912
0 6528
0 16384
0 13554
0.145906 4311
0 4372
0 7837
0 16384
0 8692
0 9923
0 16384
0 6724
0 4588
0 5240
0 6555
0 11684
0 7107
0 4807
0 7692
0 8500
0 6037
0 16384
0 9069
0.206028 11081
0.857966 11110
0 5307
0 15098
0 14030
0 7283
0 15696
0 9390
0 10424
0 16384
0 9814
0 5598
0 5592
0 6696
0 5116
0.619568 16384
0 9022
0.955444 16384
0.823504 4646
1 11296
0 14968
0.927273 10065
1 16384
0 13259
0.705104 8464
0 16384
0.430833 6065
1 16384
0 14095
0.27447 6416
0.0136719 5120
0 8288
0 6209
0.592241 8532
0 6236
0 10011
0.682109 13923
1 16384
0 8465
0.653151 11887
1 9399
0 5908
0.661867 15488
0 5779
0.314575 16384
1 9208
0.909667 11048
0.985051 12710
0.721007 6355
0.0706159 5537
1 16384
0 7839
0.705748 6141
0 12539
0.571364 6649
0 16384
0 5805
0 5411
0 5357
0 4139
0.368295 6245
0 10809
0.722293 14879
0.0992814 5288
1 6874
0 12259
0 5363
0 8413
0 5701
0 16384
0 6336
0 7547
0 4880
0.918271 5506
0 5997
0.01555 4373
1 16384
1 6809
0 5934
0 7401
0 11630
0 9677
0 6359
0 11440
0 4486
0 8434
0 8969
0 8560
0 16384
0 7042
0 4226
0 6115
0 7477
0 6527
0 5127
0 5534
0 16384
0 4615
0 4465
0 13234
0 5570
0 16384
0 5313
0 4867
0 6063
0 5719
0 5473
0 11458
0 9279
0 16384
0.462716 4573
0.371955 5748
1 5745
0 16365
0 8127
0.940886 6073
1 11508
0 16384
0 6258
0.348243 7087
0 7886
0.566437 14081
1 7039
0 8097
0.884681 6417
0 7500
0 4578
0 10742
0 4233
0 7907
0 6318
0.883383 7023
1 6253
1 10379
1 5074
0.975759 6848
1 11442
0 4610
0 5122
0 5213
0.0255362 10025
1 8450
0.860889 8770
0 7371
0 6777
0.424455 6837
0 5094
0 7331
0 5810
0.644881 6671
1 16384
0 16384
0 5591
0.803635 11224
0.39209 16384
1 5834
0 7842
0.316944 5654
1 4282
0.463898 9584
1 8602
0.920316 6212
1 16384
0.0624945 11313
0.943979 13495
0.266479 16384
0 15221
0.766281 5451
0.365104 10156
0 16384
0.716261 5135
1 14372
1 16384
0 5818
0.806131 5741
0 4776
0.704987 7620
0 7982
0.402913 11464
0 12248
0 5415
0 4257
0.7027 10000
0 4512
0 6054
0 5609
0 7568
0 5936
0.519417 7957
1 16384
0 9392
0.560403 10430
0 4613
0.346691 5016
0.3877 5187
1 8621
0 7219
0.396863 6758
0 6695
0.233878 4404
0 4240
0.863307 16292
0.0638075 5736
0.815125 16384
1 4863
0 7613
0 8958
0 9646
0.0192118 9109
0 15162
0.29502 10240
1 14921
0 13359
0 10412
0.109006 12348
0.77306 12294
1 8914
0.375162 6184
0 10894
0.960212 13396
0 5131
0.370228 7020
0 9307
0 13270
0.885436 8947
0.198954 7836
0 16384
0.969299 16384
0 7135
0.676349 4579
0.375082 7649
0 11415
1 9988
0.885963 5279
0.229768 5993
0.261647 9230
0.755274 6399
0.704285 16384
1 11741
0.868498 4806
1 11032
0 11794
0 13867
0.928528 16384
0.670339 7171
0 6108
0 15998
0.466908 7464
0.276268 8756
1 8091
1 16029
1 7263
0.352557 11028
1 5913
0.616958 4399
1 16384
1 6829
0 13488
0.518135 10422
0.343204 14487
0.912377 10431
0 5170
0 4292
0 9429
0 16384
0.580278 4827
1 5524
0.819688 15878
0 6364
0 4243
0.0984883 4366
0.264404 16384
0 9005
0.967579 11875
0 13648
0.449935 7670
1 16384
0.593628 5367
1 13428
0 6442
0.357632 10220
1 4884
0.458385 4878
1 9658
0 6305
0.661085 5733
1 13537
0.934581 6038
1 16276
0 13667
0 4483
0 8279
0 7334
0 5295
0 12567
0 5475
0 9008
0 16384
0 10670
0.197985 8041
0 5863
0 16384
0 7809
0.123978 5259
1 12973
0 9048
0 14351
0.1715 10449
1 4360
1 6035
0 5020
0 15554
0.721429 5600
1 9742
0 14412
0.376831 16384
0 15998
0.786095 8256
0.38 6250
0.106931 12840
0 7482
0.536195 5429
0 5738
0 14808
0 6855
0 5856
0 5735
0 10273
0.0296171 4727
0.615234 16384
1 7834
0 9176
0.217468 16384
0 5509
0.249579 12473
0.941111 11649
0.172424 16384
0.319094 8076
0 14063
0 4415
0 16384
0 7402
0 5869
0 7069
0 15113
0 5530
0.951237 5537
1 6542
0.875228 10956
0.55188 16384
1 14142
0.275933 8705
0.722351 16384
0.840279 9335
1 7807
0 4501
0 4315
0.549744 16384
0 7860
0 8812
0 9901
0.87599 10354
1 10533
0 4632
0 4318
0.15962 5889
1 4164
1 5119
1 4575
1 6173
0 13067
0.82979 7291
1 16384
0 7562
0 5176
0.548212 4418
1 10757
0.12673 5926
1 8436
0 5814
0 5796
0 5693
0 6535
0.636699 10567
0 8059
0 8358
0 8611
0 12503
0 8745
0 7003
0 4660
0 11426
0 16384
0 11997
0 16148
0 8655
0 9897
0 11015
0 10922
0.814432 14884
0 6485
0 7810
0 6146
0 13578
0 16384
0 4794
0.746119 5798
0 4618
0 16384
0 11542
0.205983 6753
0 4599
0 11007
0 6080
0 11287
0.474229 4346
0.273567 10831
0 9178
0 16384
0 10177
0 11827
0 7708
0 14730
0.756714 11320
0 8217
0 16301
0.577026 16384
1 16384
1 12511
0.714128 13625
0 4239
0 10762
0 8605
0 9716
0 7345
0 5547
0 14494
0 5396
0 7514
0.452001 5396
0 4667
0 13234
0.0937416 14796
0 11501
0 5868
0.936011 10533
0.220668 13944
0 16384
0 7045
0.760918 5839
0.485753 11090
1 15004
0.589132 4527
0 7879
0 7273
0.43297 7698
1 10264
0 6014
0 14517
0 15712
0.652762 9086
1 7177
1 10516
0 4465
0.305143 7544
1 12598
0.969292 9867
0 5081
0.548413 5040
0.279254 12648
1 4629
0.592574 11850
1 4534
0.468403 6298
0 8373
0.785882 7664
1 11357
1 12935
0.950443 11623
1 16384
0 9529
0 8889
0 8709
0.942884 7336
1 14701
0.20442 11085
0.631587 6604
1 7236
0 11686
0 4258
0 12540
0.969688 9633
1 8864
0.877507 6033
0 6872
0 8210
0 4258
0 6402
0 5267
0 5885
0.803668 10360
0.801461 14511
0 4848
0 7525
0 4776
0.589109 6262
1 8788
0 4329
0 7478
0 16384
0.629648 6024
1 16384
1 6142
0 12084
0 5729
0 5963
0.564734 6380
0.476641 4752
0 10266
0 8385
0.236464 9955
0 7150
0 8202
0 10432
0 5647
0 7970
0 7959
0 10363
0 8222
0.302917 16384
1 4713
0.311556 9000
0.181565 5750
1 6295
0 13124
0.3579 6228
1 14140
0 7207
0 4567
0.955139 16384
0.65719 10341
0.7261 13180
0.980048 7919
0.729868 9177
0 10366
0 5514
0 8667
0.330823 9957
1 16384
0.969838 8620
1 16384
0.56282 10156
0.657152 15135
1 10341
0 10503
0 11544
0 5308
0 16384
0.146179 16384
0 5085
0.267234 12925
0.12309 4842
0 8858
0 4842
0.367663 5418
0.639696 11704
1 7942
0 5710
0 6802
0 11629
0.373779 5324
0 16384
0 6837
0.348021 10054
0 10935
0 8214
0 9806
0 7775
0 6801
0 11545
0.315232 8876
0.18119 11430
1 8185
0 12386
0 16384
0 5855
0 7355
0 6744
0 7510
0 5885
0.574959 14161
0.505371 16384
1 4607
1 14427
1 6484
0 16384
0 12701
0 7021
0.248865 5947
0 4806
0 9013
0.381022 14322
0 10387
0 9267
0 6681
0 6309
0 12700
0 8350
0 4712
0 7371
0 10596
0 4340
0.755769 8451
0 4850
0.678595 13693
1 10910
0 7045
0.601983 6153
1 5068
1 13426
0 5141
0 5823
0 7220
0 8559
0 4500
0 4954
0.115071 9316
0 5693
0 11214
0 5835
0 5973
0.366847 8693
0 4486
0.3503 9666
0 4117
0 10520
0.506374 6981
1 16384
0 4584
0 9811
0.0384751 14217
0 16384
0 10361
0.221798 8377
0 14522
0 7737
0 12431
0 4809
0 4558
0 6047
0.73982 10216
0 5338
0.188703 5453
1 7815
0 7459
0.591234 10632
1 5502
0 4505
0 16384
0 8534
0.663464 4579
1 6078
0 6289
0 5294
0 14909
0 12660
0 11095
0 5781
0 10155
0 5367
0 6233
0 7017
0 5202
0 8819
0 5840
0 7062
0 6710
0 10816
0.494045 4366
1 10426
0.431716 7813
0 5006
0 6374
0 5069
0 8500
0 10780
0 7787
0 4642
0 8070
0 4997
0 7358
0 16384
0 6360
0 6053
0 4972
0 4982
0 13602
0 16384
0 16384
0 5944
0 9866
0 4322
0 6441
0 7029
0.172791 16384
1 15904
1 10019
0.420105 16384
1 8295
1 16384
0.195137 4976
0 16147
0 5082
0 10334
0 10327
0 12501
0 10071
0 12870
0 11385
0 5003
0 5516
0 8997
0 8796
0 16384
0 7350
0 11325
0 6824
0 7568
0 5657
0 4479
0 8330
0 6117
0 5304
0 6357
0 11665
0.582776 10915
0 16384
0 8144
0 14101
0 10807
0 9223
0 12157
0 16384
0 16384
0 5811
0 16384
0 5213
0 5701
0.902051 12772
1 5441
0.575741 5631
0.0133871 13147
0 5380
0 6879
0 8289
0.232108 7643
0.0236492 6089
0.405683 4575
0.446248 5051
0.335656 5023
0.426065 4389
0.840594 10972
0.935344 11507
0 5186
0.974329 7635
0.156616 16384
0.459167 16384
0.870072 6088
0 8136
0.720881 12844
0.261594 11816
0.842181 11849
0.013684 12204
0 6420
0.998282 6985
0 6447
0.975483 11543
0 6457
0.847985 4368
0.280368 14028
0.017859 9463
0.53234 5504
0.166138 16384
0.496631 5936
0.609698 7548
0.955182 15842
0.471661 12333
0 7062
0 5797
0 16384
0 16384
0 11557
0 16384
0 8251
0 11768
0 16384
0.568112 7495
1 16384
0.352648 9630
0.268006 9705
0 11206
0 9770
0 13095
0.943665 16384
0 5800
0 16107
0.595127 9687
0.251038 16384
1 16384
0.92885 13085
0.0344645 13231
0 9925
0.311401 16384
0.607788 16384
0 12369
0 13159
0 11252
0 16384
0 5459
0 8064
0 7310
0 5029
0 6038
0 6782
0 7322
0 5996
0 16384
0 5433
0 8350
0 16384
0 7384
0 11137
0 9630
0 16384
0 7232
0 4281
0 16384
0.133777 8559
0 11693
0 10574
0 12528
0.506909 8250
0 7758
0 5102
0 9691
0.0642174 13174
0 16384
0 8861
0 15479
0 5339
0 7192
0 8000
0 6576
0 16384
0 4524
0 4642
0 4572
0 5543
0 8432
0 10884
0 16384
0 4788
0 11969
0 12865
0 7349
0 16384
0 16384
0 7490
0 16384
0 7034
0 7357
0 11246
0 16384
0 9856
0 8758
0 16384
0 4111
0 14483
0 7262
0 16384
0 14213
0 10899
0 14298
0 9793
0 11023
0 7059
0 5532
0 16384
0 4872
0 16384
0 11380
0 10339
0.274353 16384
0 7914
0 9532
0 4540
0 10506
0.579235 8601
0.308851 9762
0 8599
0 10491
0 5678
0 14998
0 4905
0.131377 8076
0 8085
0 8486
0 9442
0 16384
0 9908
0 5703
0 4128
0.146634 4917
0 5164
0 6423
0.450676 7846
0.178164 14801
0.764601 8373
0 11608
0.863053 7397
0 7293
0 16384
0.443155 11892
0.0490938 10042
0.468166 9204
1 16384
0 16357
0 11611
0 10535
0 6295
0 16384
0 4290
0 4193
0 16384
0 7846
0.739923 4441
0 5277
0.11508 13382
0 16384
0.488105 4960
1 10538
1 11733
0.185385 7800
1 11160
0 15623
0.0249011 6827
0 9923
0.223838 7081
0 13715
0.141938 5439
1 13459
0 4813
0.6098 8429
1 6290
0.324434 9401
1 15838
0 16384
0 16384
0 7217
0 14179
0 6004
0.765695 7614
0 7299
0.900288 14943
0 11511
0 6970
0.902327 8508
1 13322
0 5700
0.160959 4380
0.471677 6267
1 16384
0 7734
0 8374
0 6951
0 6091
0.0549313 11214
1 12442
0.478969 12410
1 16371
1 14663
0.281977 9022
1 8695
0 6646
0 13131
0 10719
0.923383 15101
0.841958 5720
1 16384
0 7181
0 5907
0 7831
0 4899
0 6452
0 5774
0 4545
0 16384
0 7667
0.275261 10906
0 7036
0 7659
0 10682
0 4676
0 4302
0 6383
0.0183882 6254
0.139085 7233
1 11491
0 5654
0 5634
0 5162
0.946026 4391
0 4107
0 6629
0.704288 13503
0 8266
0 6270
0 4579
0.436035 16384
1 9794
1 16384
0 4384
0.378231 4410
0.479618 4293
1 7665
0 4348
0 5050
0.909247 4650
1 8261
0 13348
0 10572
0 16384
0 6019
0.652703 7567
0 9937
0 4745
0 13977
0 6448
0 4742
0 6129
0 12237
0 10397
0.494751 16384
1 12747
0.563448 15162
0 14476
0.681395 10524
1 9102
0 9387
0 4452
0 9252
0 5363
0.592104 14717
0.458862 16384
1 13888
0.752197 16384
0 10291
0 5106
0 5515
0 6281
0 5641
0 4528
0.138763 7048
0 11339
0 11934
0 7887
0 12289
0 8345
0 16384
0 9312
0.154705 15410
1 14325
0.896407 6207
1 9264
0 5690
0.679375 15423
1 16384
0.197541 14721
0.0805054 16384
1 4165
1 8545
1 16384
0.0745277 6776
1 7280
0 16384
0 8328
0.0526466 10504
0.157837 16384
1 14622
0 5121
0 10003
0 9306
0 4822
0.640966 5175
0 5212
0 16384
0.924092 14544
1 4134
0 4780
0 4168
0 5832
0 7692
0 10031
0.927219 8395
1 16384
0 4208
0 16384
0 6950
0 5963
0 4417
0 9664
0 4423
0 6659
0 5970
0 7519
0 8137
0 6908
0 6681
0 16384
0 9576
0 16384
0 16384
0 16384
0 7009
0.0669556 16384
1 7869
1 12562
0 6815
0 14987
0 6832
0 6087
0 9549
0 6654
0 6903
0 13743
0 11140
0 5960
0 12369
0 5467
0.469379 11871
1 4232
0 13284
0.893161 11391
0.264501 12620
1 14216
0 5209
0.898621 5149
0 5993
0.906788 4935
0.0189358 10562
0.236439 7448
0 7787
0.955542 9897
0.0222694 4715
0 5769
0.553876 13030
1 16384
0.354261 13730
0.180376 15002
0.598267 16384
1 7412
0 16384
0 5727
0 6209
0.754933 4105
1 16384
1 8279
0.0124616 12358
0.0209286 7215
0.170001 7247
0.0522231 6185
0.259971 7497
0.954097 15315
0.284903 4226
0.745921 12563
0.642326 12640
0.0315895 4970
0 4560
0.496968 5936
0 4662
0.780165 5445
1 16384
0.530303 13794
0.486695 11274
0 16384
0 7510
0.787623 15901
1 14980
0 7207
0 16384
0.966569 9512
1 14578
0 4241
0 5062
0 4493
0.171179 4802
0.807026 14546
0 4216
0.0643053 13156
0 14136
0.84668 16384
1 4242
0 10467
0 9381
0 16384
0 6119
0.0343558 5705
1 7012
0 16384
0 16384
0 7106
0 4710
0 10836
0 6673
0 4822
0.00976562 16384
0.159186 11741
0 16384
0.46283 16384
1 14192
1 14291
0 10627
0 4386
0 16384
0 16384
0 4291
0 7207
0 6966
0 8724
0 5504
0 9146
0 4603
0 7651
0.970257 13684
0 7084
0 4792
0.3453 9276
0 4997
0 9519
0.941981 10962
0 11430
0.694092 16384
0.0629873 8081
1 4964
0 11911
0.707216 6264
1 16384
0 4331
0.605225 16384
1 8178
1 16384
0 7695
0 7623
0 6276
0.503668 8043
1 16384
0.495579 10743
1 6952
0 6010
0 6685
0.621516 9509
1 6861
0.476074 16384
1 9664
0 8893
0.76 7025
1 16384
0 8208
0 11402
0 6363
0 9375
0 4194
0 8694
0.226698 13357
0 16384
0 12487
0 6700
0 16384
0 6948
0 6308
0 13889
0.308447 9791
1 16384
0 6140
0.536738 9105
1 6895
0 12074
0.737533 4191
0.728105 6771
1 7286
0.956076 12180
0 5486
0 4334
0 16384
0 10648
0.899837 11651
0 5468
0.906433 4617
0.903402 7143
0.673045 11393
1 9462
0.350921 5591
0.78269 14431
0.818078 9636
1 13141
0.184538 7386
0.747113 11689
0.909332 14327
0.253601 16384
0 10184
0.207903 8427
1 16384
0 6465
0 4468
0.973816 16384
1 7620
0.0593155 9087
0 5400
0 9020
0.392773 4649
0 5622
0.289462 8882
1 8418
0.669277 9833
0 7209
0 16186
0 16384
0 7539
0 16384
0.0819092 16384
1 4408
1 6248
0.680054 16384
0.0109562 8032
0.713803 7991
1 16384
0 9400
0 12903
0.904528 9165
1 7047
0 9056
0.487602 6977
0.267431 7759
0.368542 6078
0.237799 5307
0.816153 6810
1 12650
0.35822 10809
0 14607
0 4381
0 5154
0 4937
0 4928
0 15829
0 16384
0.83187 5127
0.716582 5289
0.232346 11315
0.63348 8889
0.865715 9949
0.978593 4251
0.383526 4237
0 10139
0.657512 7355
0.849994 7693
1 6853
0 7486
0.576288 9936
1 16384
0.29392 8948
1 15292
0 5485
0 10190
0 5037
0 7131
0 6271
0 9813
0 12462
0 5458
0 12752
0.309597 4564
1 16384
0 6847
0.226379 16384
1 4378
0.198229 7794
0.0857143 10850
1 16384
0.0879276 7074
0 4672
0.562683 16384
1 7368
0.760406 6102
0 12091
0.858888 13592
0 7768
0.844712 6884
1 5865
0 4426
0 16384
0 5170
0.250832 5107
0.334827 6917
0.262417 8738
0 15133
0.813066 12031
0 5699
0.690613 16384
0 5170
0.692308 6227
0 4610
0.148162 8187
1 16384
0 9109
0 16384
0.814237 8457
0.479806 4754
0 4668
0.426923 9011
1 5244
0.429871 16384
1 5982
1 7352
0 4330
0 8496
0 8567
0 4438
0.391551 10770
1 6007
0.245331 8193
0.0081422 8720
1 7313
0 11091
0 12840
0.877282 7505
0 5543
0.499866 7490
1 5467
0.496687 9356
0 4191
0 4639
0.956346 7422
1 9641
0 4196
0 6102
0.722501 10573
0.82011 13675
0 11627
0.553345 16384
1 9220
0 11696
0 16384
0 4522
0 6457
0 9372
0.776638 7217
1 16384
1 8072
1 5367
0.279443 6538
0 14781
0.259491 5426
0 9513
0.255185 9981
1 16384
0 5210
0.782934 6809
1 11250
0.508835 9111
0.62561 6763
1 7237
0.099232 13020
1 6377
0 6339
0 6601
0 7172
0 4306
0 11642
0 13441
0 5430
0 4932
0.930862 7608
0 10275
0 5945
0.760558 7459
0 13959
0 6230
0 6492
0.205675 12194
0 8156
0 4874
0 6315
0.535278 16384
1 7782
1 6134
0 7025
0 6507
0.0217896 16384
1 5449
0 5345
0.0279671 7044
0 16384
0 5906
0 9891
0 7651
0.588577 9997
1 10731
0 13508
0 16384
0 5151
0.460815 16384
1 15492
1 15788
1 8228
0 16384
0 13467
0 11836
0 14290
0 13563
0.475245 7049
1 16384
0 15381
0.885193 16384
1 14504
0 7839
0.787764 8189
0.499084 16384
0.82902 7381
0 4824
0 5509
0.504517 16384
1 16384
0 5260
0 11125
0.572162 7788
0 5170
0.580996 4778
0.883972 16384
0 4937
0 7964
0.0512512 11629
1 9555
0.299175 4362
1 4231
0 4606
0 16384
0 7624
0.52948 16384
1 10195
0.38748 13482
1 5397
0.274279 15641
1 16384
1 14350
0 7395
0.0449157 11978
0 7373
0 5093
0.3081 13593
1 15821
0 5638
0 15014
0.910667 15403
0 7211
0.939201 16316
1 10086
0 4391
0 13764
0 8492
0.0662719 12328
1 16384
1 10908
0.587004 5448
0 14398
0.520554 11117
0 5691
0.910205 4978
0.16556 12805
1 16384
1 13949
1 8870
0.852347 13227
0.0297852 16384
0.772987 6819
0 7759
0 6261
0 7634
0 11241
0 7154
0 4743
0.146912 16384
0 16384
0 6941
0.255666 4545
0.260074 5137
0.321472 16384
0 4951
0 16384
0 16384
0 8859
0 5449
0.831183 9999
0 6332
0 5223
0 4710
0 12989
0.024632 6861
0 9130
0.686641 7059
0 6958
0 9925
0 4143
0 8442
0.705496 4421
1 6705
0 7424
0 8788
0.158337 14027
1 6565
0 8532
0 6431
0 6714
0.888916 16384
1 6097
0 16384
0 9295
0 6260
0 11192
0 16384
0 5736
0 10563
0.734066 6370
1 11516
0 12052
0 4203
0 7992
0.563326 11583
1 7407
0.522073 6388
0 6721
0.974633 7766
0.48018 8426
0 13437
0 4165
0 11198
0.806857 5892
1 16384
0 5291
0 6788
0.204724 9906
1 5643
0 8293
0 11861
0 7747
0 4253
0 5363
0.250613 8152
1 4352
0.415741 5489
0 6284
0.656574 9347
0 6199
0.183852 5945
0 4526
0 5637
0 6955
0 4900
0 11769
0 4896
0 7566
0 13866
0 16384
0 4664
0 10642
0 7321
0.336624 12762
0.838798 13145
0 16384
0 4353
0 4482
0 8499
0 4431
0.846649 5282
0 5731
0 5034
0 6346
0 7646
0 6308
0.224733 4868
0 7331
0.497225 15496
0 12276
0 10717
0.54487 5906
0.519775 16384
0 4861
0 10171
0 14673
0 8299
0 12410
0 5149
0 9374
0 14453
0.942583 8743
0 8915
0.863998 7669
0 4555
0 10243
0 16384
0 9843
0 9283
0 4817
0 7472
0 6756
0.0185299 6530
0 8532
0.0654998 10855
0 5632
0.67139 13904
1 16384
1 4691
0.284408 12359
1 8246
0.423623 10566
1 6673
0.669653 15738
1 5505
0 10206
0 10713
0 13904
0 8665
0 5630
0 4952
0 5986
0 10024
0.988873 12133
0.692227 4786
1 16384
1 11770
0 6819
0 6634
0.523152 11295
0 6637
0.322864 6495
0 9663
0 9793
0 8627
0 16384
0 4700
0 7823
0.305409 11388
0 9115
0.533165 5156
0 10124
0 5641
0.0686646 16384
1 16384
1 8270
0 7610
0 7862
0 10921
0 9817
0.881907 7782
0 8773
0.304231 4845
0 7475
0.606135 5738
0.903501 10684
0 4858
0.952515 16384
1 7405
0 4150
0.0939808 8938
0.225775 14510
1 16384
0 7359
0.564525 5525
0 5115
0 10150
0.214539 16384
1 6793
1 12997
0 16137
0 5939
0 12059
0 4351
0 6935
0 6196
0 5462
0 8046
0 12729
0 4459
0.27997 14448
1 12067
1 15087
0 5534
0 5947
0.73395 7461
1 11315
0 7010
0.606768 10490
0.219227 5565
1 13933
0 11010
0 5367
0 6053
0 14351
0 13732
0 9990
0 6912
0 5063
0 12613
0 11385
0 6739
0 9581
0 9557
0.914795 16384
1 15778
0 4648
0 7609
0 8792
0.64684 14778
1 16384
0 7428
0 4988
0.949296 7100
1 11012
1 9896
1 15228
0 4489
0 7676
0.456604 16384
1 12057
0 10520
0.671265 16384
1 5625
0 8362
0.347118 9213
0 15114
0.865892 6107
0.341766 6680
0 7498
0.940568 8699
0 5473
0.622008 11741
0.659549 4917
0 5789
0 4351
0 11010
0.426118 8209
0 9810
0 4677
0.835082 5815
0 7217
0 8209
0 6605
0 4990
0.900608 16279
1 13766
0.61807 10769
0 11741
0.639745 10054
0.896236 7093
0.286133 16384
0 10866
0 5617
0 16384
0 11887
0 4100
0.729009 4347
1 7857
0 5850
0 4759
0.260558 11034
1 10013
0.157151 7006
0 5893
0 13728
0 4765
0 6388
0.00835358 6584
0 10040
0.42688 16384
1 8722
0 16384
0.89138 13828
0.339794 8358
0 10771
0.16088 5184
0 4861
0.074305 7698
1 16160
0 16384
0.512451 16384
1 7237
0 7900
0 5575
0 4681
0.266392 4362
0 7494
0.0621175 6536
0 4451
0.481193 14383
0 13402
0 4555
0 6069
0.772474 4483
0 12482
0.186661 10870
1 13609
0 6028
0 4851
0.464754 7703
0 8779
0.0968064 14028
0 9056
0 7559
0 13149
0 6062
0 4862
0 7861
0 11530
0.941324 13123
1 10093
0 8885
0 6178
0 8870
0.360193 4356
1 9145
0 15673
0.891104 10331
1 11942
0 6656
0 8491
0.820387 8368
0 7500
0.985229 16384
1 5980
0 9442
0.278464 8256
0 12459
0 5525
0.550546 10159
0.366806 13394
0.699463 16384
1 6557
1 16384
0 7721
0 7225
0.293033 5153
0 4975
0 16384
0 16384
0 8589
0 12384
0 9088
0.858459 16384
0 8247
0 11954
0 7519
0.483717 9857
1 9002
0 4908
0 4106
0 9182
0 5262
0 4195
0 16293
0.797062 7623
0 4234
0 15875
0.567685 14043
0 4602
0 9119
0 13301
0.882534 8445
0 6658
0 9245
0 5810
0.777173 4959
0.174293 13047
0 13993
0.0489502 16384
1 15780
0 4167
0 7850
0 6603
0 16384
0 8150
0.195245 12492
0 14419
0 16384
0.155517 10822
1 7820
0.635214 9411
0 8389
0 6375
0.858567 16248
1 4545
1 16384
0 6363
0 16384
0 6339
0 6747
0 10653
0 5060
0 9196
0 8272
0 6943
0 5044
0 10281
0 16384
0 5567
0 7698
0 6981
0.224818 12499
1 6222
0 6295
0 16384
0 5197
0 5402
0 6832
0 16384
0 4160
0 6130
0 10508
0.576755 15074
0.126157 10804
0 6369
0 5059
0.212646 4270
1 5141
0 8309
0 7394
0 7999
0.417542 16384
0 16384
0 6504
0 5688
0 16384
0 9193
0 6697
0 4453
0 5414
0 5783
0 8843
0 15356
0 5477
0 5895
0 4328
0 4961
0 9017
0 4711
0 5113
0 16261
0 12146
0.542345 13331
0 5849
0 11371
0.775395 5503
0 16384
0.239571 9037
1 14073
0.927923 5397
1 13252
0.517517 16384
1 4903
1 16384
0 8462
0 9583
0.186192 4968
1 4478
0 10917
0.504659 10302
1 11888
0 16384
0 16384
0 12329
0 6907
0 16384
0 14086
0.916317 5963
0 16384
0.179626 16384
1 8729
1 8166
0.717435 8936
0 11971
0 12705
0 6332
0 10304
0 7124
0 4447
0 7076
0 8085
0 5215
0 11891
0.599513 5336
0 7090
0 8581
0 16384
0 8486
0.874224 15472
1 9300
0.262144 4673
1 14070
0 5136
0 9029
0.222345 10830
1 8192
0 5025
0.678391 10320
0 6975
0.750122 16384
1 4840
1 5443
0 16384
0 6886
0 16384
0 9307
0 5138
0 4615
0 8318
0 10534
0 7162
0 4151
0.382874 16384
1 10852
0 5841
0 11704
0 4116
0 4701
0.427372 4406
1 7852
0 6187
0 6304
0 8283
0 7233
0 5247
0 15727
0 8528
0 11986
0 5387
0.901322 4915
0 13768
0.0487414 15613
1 6787
0 5136
0.855355 4155
1 4627
1 16384
0 5841
0 5493
0 4750
0 4600
0 6020
0 16384
0 9962
0 6716
0 4605
0 7199
0 4221
0 6761
0 8198
0 10812
0 5583
0.843819 14067
1 6876
0 5834
0.844408 13394
1 7034
0 6499
0 4207
0 8568
0 9595
0 16384
0 16384
0 6617
0 4519
0.645857 5190
0.859323 9895
0 4295
0 8972
0 10691
0 5131
0 4523
0 4732
0 6028
0 6119
0 4832
0 11776
0 6396
0 5100
0 4104
0 5166
0 8296
0 4219
0 5005
0 5263
0.812049 9146
1 6594
0.619789 6165
0 6575
0 8366
0.179694 5693
0 7677
0 6795
0 8451
0.0369263 16384
1 8837
1 10811
0 4584
0 10958
0 15908
0 5899
0.0424792 13230
1 7481
0.923112 13097
0 4177
0 12290
0.484119 9760
1 8268
0.440369 16384
1 8676
0 5627
0.586531 7766
0 8591
0.491977 9037
1 5150
0.627593 5784
1 11008
0.383995 11284
0.400803 4980
0.725468 15612
0 9350
0.227295 16384
1 7351
0 16384
0.494094 6011
0 13000
0.0968628 16384
1 5931
0 8133
0 5077
0 16284
0 15334
0 4620
0 13582
0.671193 13035
0 16384
0 9233
0 11628
0 9911
0 11126
0 8751
0 10598
0 10973
0 5086
0.40367 4360
1 16384
0 4269
0 7034
0.15559 13677
0 6160
0 7804
0 10651
0 6746
0 10858
0 7359
0.874461 5098
0.023417 5338
1 5090
0 5354
0 4466
0.980164 16384
1 6082
1 6183
0 5401
0 4232
0 11510
0 7049
0 4570
0 13744
0 7707
0 11119
0 4344
0.578083 7793
0.124383 13772
1 16384
0 7258
0 16384
0 7878
0 11007
0 4958
0 6063
0 13123
0 9285
0 6835
0 14998
0 11534
0 14117
0 5134
0 6556
0 11551
0 4704
0 6831
0 7528
0 5787
0 6098
0 5823
0 10213
0.268166 9647
1 12381
0.270338 6355
0 10493
0 16384
0 6142
0 5521
0 7393
0.576379 11168
1 16384
0 5207
0 8422
0 5774
0 5177
0.0237812 5046
1 14906
0.139544 15264
0 15870
0 4423
0 9004
0 14705
0.630249 16384
1 9874
1 4562
0 4840
0 4204
0 5347
0 7160
0.478783 10487
1 7485
0 5149
0.903334 9207
1 9630
1 12192
0 5014
0.924622 16384
0 5099
0 6491
0 7097
0 14152
0.381432 15177
0 7016
0.636539 9847
1 4639
0 5342
0 5430
0.0803549 12171
1 12453
1 6647
0 8321
0.487133 7150
0.830902 9941
0 5582
0.420281 9684
0 4376
0.333674 4891
1 4339
0.43058 12734
0.545327 12829
0 4840
0 12675
0 4753
0.965217 16215
0 12591
0 14950
0 5178
0.839468 12415
1 7359
0.413018 6944
0 10074
0.583755 12065
1 9054
0 16384
0 11460
0.112113 14860
1 10480
0 11626
0.623965 14137
0.307064 8083
0 11576
0.969209 8379
0 8211
0 14969
0 14334
0.145721 12771
1 15329
0.368115 4648
0 4694
0.578823 8481
0 6600
0.631104 16384
1 5264
0 11244
0.0377045 4217
1 10404
1 10726
0.0985145 12252
1 6410
0 6735
0 5502
0 9295
0 8528
0 16307
0 4629
0 6031
0 4689
0 7081
0 5710
0 4517
0 16384
0 13446
0 4313
0 8854
0 8008
0 9016
0 16384
0 5303
0 5722
0 11576
0 9441
0 5929
0 4104
0 4432
0 15829
0 4351
0 4455
0.0892905 11289
1 7027
0 4751
0 8357
0.309775 4358
0 10695
0 12929
0.802109 10339
1 15665
0.679686 5863
0 14633
0 5166
0 5827
0 4647
0.540771 16384
1 5258
1 13150
0.0897332 9896
0 13717
0 7598
0 16384
0.156151 5040
1 7607
0 6431
0.91803 16384
0 10555
0 10012
0 7124
0 9932
0 5053
0.0733028 8308
0 6656
0 8289
0 5684
0 4695
0.603149 8192
0 13202
0.814296 4281
1 15980
0.639417 4526
1 5160
0 7635
0 5411
0 5585
0 16384
0 16384
0 5355
0 9060
0.384483 11600
0 7635
0.618601 7150
1 9378
0 16384
0 4745
0 6169
0 7035
0.940315 10589
0 6941
0.574612 10367
0 12482
0.937174 5555
0 7442
0.0966742 10644
0 8952
0.310256 5041
0.710173 11393
0 4677
0 13424
0 13479
0 4398
0.470343 10065
1 16384
0 7155
0.104731 11563
0.157731 5465
1 8225
0 4954
0.212451 8176
1 8763
0.925876 6624
1 9512
0.544367 10278
0 9658
0 6032
0 12334
0.97152 10639
0 16384
0.812637 12361
1 12018
0 4574
0 5479
0 7965
0 10492
0 4207
0 8371
0 9333
0.574054 8109
0.141659 6798
0.143131 8852
0.63219 5424
0.463342 6397
0 9382
0 8741
0.925185 8648
1 9129
0.71637 16384
1 16384
0 5881
0 7974
0.716003 16384
1 5359
1 16384
0 7646
0.687843 15678
1 14769
0 7028
0.0784298 12712
1 6997
0 16384
0 11700
0 8368
0.830428 7401
1 7173
0 6214
0 5176
0.872643 11456
1 4746
0 6985
0.284973 16384
1 16384
1 4464
1 8659
0 7018
0.28894 16384
1 9016
1 5107
0.321764 11064
1 7717
0 4211
0 6227
0 6818
0 4223
0 16384
0 6942
0 9356
0 7456
0 9678
0 16384
0 6544
0 8467
0 4126
0 7201
0.895908 7551
1 16384
1 11443
0.745109 5265
0.723031 14637
0 4479
0 7522
0 4562
0 16384
0 5743
0.904149 10485
0.524536 16384
0 8965
0 6377
0 5771
0 5245
0 16384
0 16384
0 5806
0 16384
0 16384
0 16384
0 6967
0 5456
0 5463
0 16384
0 5320
0.298453 6078
0 8633
0.750343 6569
0 16384
0 10103
0 10165
0 16384
0 8442
0 8961
0 16384
0.20381 4200
1 5206
0 13214
0.0594731 6339
0 4137
0.729682 10680
0 15027
0.115136 8833
1 5019
0.0474345 8517
0 12692
0.204196 11582
1 8781
0 16384
0 16384
0 6077
0 16384
0 5606
0 11182
0 4596
0 8349
0 6520
0 5117
0 6854
0 5158
0 7449
0.158544 5027
0 14734
0.740963 11647
0.584747 16207
0 4949
0 16384
0 16384
0.41936 12190
0 10084
0 5336
0.574357 13462
0 11227
0.785461 16384
1 9312
1 8540
0 7405
0.878969 12187
0 13873
0.178273 5974
1 11440
0 8703
0 8006
0.545063 4638
0 12746
0.90332 16384
1 8076
0 4178
0.635901 6479
0.848831 7700
1 13560
1 6225
0.866697 8687
1 10667
0 7220
0 8545
0.0082692 12214
0 7778
0 13215
0 4552
0 4955
0 13640
0 5377
0.894497 11611
0 6363
0 6778
0.125645 9296
1 7098
0 9947
0 5091
0.275444 13117
1 9649
0 5393
0 6565
0 8167
0 7614
0.396623 11192
0 7438
0.286548 7025
1 5774
0.399546 8820
1 16384
0 12846
0 9456
0.349824 9965
0 4741
0 16384
0 11672
0 7072
0 5672
0 9868
0 10232
0 6154
0 5209
0.00566807 15702
1 16384
0.439658 14484
0.136035 8586
1 8980
0 7142
0.150269 16384
1 4826
0.213068 16253
1 5484
0 4308
0 4189
0 15666
0 5288
0 16384
0 16384
0 5023
0.533997 15178
0 5966
0 16384
0 16384
0 7308
0 11316
0.25302 7450
1 6902
0 16384
0 4366
0.661339 5005
0 12842
0 10028
0 7068
0 5593
0 5386
0 7247
0 7354
0 4464
0 4799
0 4205
0 9441
0.548889 16384
1 8157
0.479885 7308
1 9218
0.109041 9391
1 5386
0 4420
0 5569
0.38274 5782
1 5389
0.910744 7753
0 5029
0.860902 12998
0.00607468 11194
1 16384
0.0195641 9865
0 16384
0 11033
0.954082 8624
1 13247
0 4240
0 16384
0 14930
0 7999
0 5077
0 6368
0 9979
0 10216
0.744041 5790
0 5285
0.0611299 8850
0 11050
0 12516
0 6734
0 9706
0 4167
0 7396
0.787964 16384
1 4483
1 16384
0.0747919 7327
0.329429 11356
1 14927
0.649254 12462
0.0289261 9507
0 5915
0.881836 16384
0 7096
0.922416 12683
1 9086
0.202851 13537
0 5189
0 7350
0.429077 16384
0 4928
0.79901 14135
0 10164
0 13560
0 10984
0.695026 12906
0 13662
0 16384
0 16384
0 16384
0 8146
0.800038 5296
0.787842 16384
0.623822 8488
0 4405
0 12044
0 5633
0 16384
0 5518
0.220361 10864
1 12332
0 8129
0 9692
0.447976 4248
0 9288
0.102482 12773
1 16384
0 6435
0 6368
0 5542
0 15635
0 4216
0 6690
0 14678
0.148392 9859
1 5506
0.510227 4400
0 6248
0 4228
0 6144
0 12255
0 16384
0 8058
0.331665 16384
1 4137
1 16384
1 5751
1 8520
0 9664
0 5801
0 10479
0 7081
0.364563 16384
0 5047
0 11916
0 13501
0.692688 16384
0 10078
0 14671
0.515747 16384
1 4762
0 11744
1 10947
0 5014
0 6525
0.0367146 9533
1 16384
0 8621
0 5871
0 8685
0 7600
0 9219
0 6024
0 5780
0 4321
0 7480
0 16384
0 15075
0 8097
0 5470
0 9695
0 14439
0 8375
0 16384
0 7315
0 16384
0 4846
0 4762
0 7415
0 7485
0 10233
0 15121
0 10276
0 8391
0 4356
0 4994
0 7850
0.0535545 8440
0.119734 13104
0 6876
0 5716
0.447021 16384
0 5510
0 8221
0.847595 16384
0.298503 6479
1 16384
0 16384
0 16384
0 6591
0 4148
0 16384
0.330503 14720
1 12961
0 8485
0.880189 6360
1 12399
0 10747
0.781509 6998
1 4175
0 11812
0 4405
0 7839
0 16384
0 4563
0 7209
0 9926
0 4578
0 11634
0 5377
0 4688
0 4611
0 4338
0 4225
0 4909
0 9325
0 5102
0 6122
0 9505
0 15922
0 16384
0 5446
0 5085
0 12929
0 6289
0 7185
0 4449
0 5664
0 4139
0 8152
0 4138
0 5134
0 4740
0 7662
0 4307
0 5349
0 5274
0 5058
0 5453
0 13004
0 12117
0 4488
0 12974
0 4639
0 9952
0 11768
0 8966
0.219944 15654
0 4897
0 5720
0 9536
0.953064 16384
1 13237
0 8421
0 4513
0 4902
0 5822
0.304062 7311
0 15133
0 5349
0 5562
0 4387
0 16384
0 4959
0.0351008 6695
0 6989
0 5117
0 4912
0 12779
0 5793
0 16384
0 8483
0 16384
0 8719
0 15957
0.085757 6017
0.372524 9339
0 11407
0 5417
0 4216
0.730362 6238
0 4470
0 9901
0 11225
0 11281
0 7596
0 7838
0 4941
0 8025
0 7206
0.88101 12917
0 4680
0.917466 14079
1 9404
0.661908 4623
1 16384
0 10185
0 10049
0 9368
0.633544 10577
0.234157 8379
1 5705
0.340049 4864
0 6253
0.22583 16384
1 16384
1 5935
1 8979
0.493172 10179
0 6740
0 5115
0 5202
0.568367 7606
1 16384
0.920809 6920
1 15047
1 13408
0.267156 6397
0 5840
0 8633
0 6875
0 9507
0 7785
0 6724
0 5854
0 5404
0 7627
0 9908
0 6012
0.598112 5825
1 5182
0 6874
0 6350
0.251219 10051
1 5023
0 6238
0 9570
0 4994
0.77705 9011
0.774804 12105
1 11196
0 8431
0 13923
0 13212
0 8636
0 5175
0.578618 6398
1 16384
0 6425
0 13949
0 7640
0 10549
0 9116
0 5926
0 5667
0 8453
0.396851 16384
0 7618
0.430176 16384
0 6136
0 6356
0 5459
0 5066
0 6073
0 4382
0 4162
0.533163 7433
1 8125
0 16384
0 10100
0.225497 4275
1 13709
0 10658
0 12494
0 15222
0 14668
0 5139
0.273019 8091
0 16384
0.773551 6072
0 9580
0 5164
0 6062
0.847234 4772
1 16384
0 6654
0.805413 13819
0.644908 4703
1 15646
0 9840
0 8024
0 4411
0 10102
0 6370
0.939145 7066
1 7755
0 6266
0 10012
0 9595
0.817914 15630
0 12346
0 11160
0.748849 5431
1 4867
0.356397 15999
1 4894
0 4550
0 8856
0 4182
0 13109
0 14630
0 5901
0.692238 4406
1 12747
0.611145 16384
0 6978
0 7146
0 5200
0 7632
0 4449
0 12013
0.836072 10285
0 6646
0.261087 6404
1 10092
1 14883
0 10511
0 4369
0 4590
0 16384
0 10232
0 7408
0 8552
0 7419
0 4848
0 4323
0 11196
0 15774
0.161702 11682
0 7632
0 9838
0 4648
0 7194
0.685608 16384
0 16384
0 10433
0 11934
0.82896 4116
0 8809
0 6489
0 7184
0 11265
0 7956
0 4808
0 14173
0 5230
0 4953
0 16384
0 10019
0 10698
0 4158
0 16384
0 6438
0 4508
0 4795
0 5336
0 8482
0 5791
0 5589
0 8244
0 7290
0 4674
0 4536
0 10331
0 5520
0 10514
0 5973
0 5607
0 16384
0 8262
0 11324
0 5270
0 6337
0 5955
0 7113
0 9549
0 5169
0 7972
0 4710
0 10149
0 6700
0 6048
0 7035
0 11672
0 8625
0 10955
0 11360
0 7834
0 8171
0 16384
0 6357
0.453064 16384
1 6332
1 8990
0 7759
0 5162
0 5990
0 6131
0 7899
0 12128
0.198703 8480
1 7273
0 5570
0 6361
0 8037
0 5102
0 16384
0 16384
0 8826
0 7892
0 16384
0 4566
0 14396
0 4669
0 9684
0 7371
0 8742
0 7334
0 4577
0 16384
0 13631
0 9197
0 4806
0 10116
0 15356
0 16124
0.1971 12897
1 13357
0.948353 12566
1 12181
0 11168
0 4546
0 6998
0 5147
0 9738
0 8583
0 4732
0.684706 11567
0 5432
0 8978
0 16384
0 16384
0 16384
0 14555
0 13160
0 7037
0 5234
0 16384
0 10575
0 5891
0 6265
0 5394
0 13772
0 6623
0 9655
0 4175
0 7737
0 5380
0 14384
0.194906 7106
1 6395
0 5245
0 7109
0 7982
0 13794
0 16384
0 6148
0.90863 16384
1 16384
1 16384
1 14539
0 6575
1 4945
0 8090
0.730351 11400
0 5333
0.951215 14902
1 4324
0.622096 8780
0 16384
0 5898
0.426941 16384
1 11921
0.00622559 16384
1 8826
0 16384
0 16384
0 4724
0.200781 15370
0 8811
0 16384
0 16384
0.729332 6048
1 5673
1 16384
1 8994
1 16384
0 14717
0 16384
0.634236 15171
0 16384
0 5954
0.511377 6768
0.209747 10608
1 11835
0 6442
0 10700
0 7331
0 10151
0 9642
0 7301
0 4934
0 4884
0 4695
0.31804 10288
0 9433
0 4702
0 14528
0 6389
0 5270
0 11125
0 16384
0 8762
0 4577
0 4303
0 16384
0 6955
0 5253
0 5389
0.342683 8057
0 6506
0 6883
0 16384
0 16384
0 8306
0 12230
0 9552
0 10070
0 7815
0 7804
0 5347
0 6370
0 9725
0 6762
0 4225
0 4787
0 7961
0 11087
0 5692
0 6112
0 5129
0 9478
0 16384
0 9135
0 5012
0 5393
0 4273
0 6182
0 9902
0 5839
0.611464 9613
0 5070
0 16384
0 16384
0.562434 7576
0.364771 10094
0 5347
0.316114 14441
0 8378
0.252625 16384
0.871592 11627
1 8243
0.562325 12868
0.137785 5661
0 10819
0.195251 16384
0.721635 6901
0 5675
0.622559 16384
1 5910
0.145938 5797
1 16384
1 10973
1 12737
0.578003 16384
1 4494
0 11006
0.392212 7858
0 8679
0.362549 16384
1 16384
1 7810
0 8841
0.827408 15134
0.126168 5778
0 7278
0.484398 4166
1 4389
0.0849231 9173
0 9219
0 11345
0.0155361 15641
1 6519
0 10424
0.803728 13089
0 10761
0.538197 7841
0.756594 5801
0 4738
0.777984 13454
0.137676 5680
0 7436
0.842601 12427
1 13057
0.322355 8987
0 10934
0.16803 16384
0.316527 8707
1 14415
0.614078 15130
0 10021
0 5566
0 7972
0.942942 9096
0 7744
0 6679
0 16384
0 5144
0.0183016 15791
0 16384
0 4851
0 5193
0.830979 5804
0 9073
0 5234
0 7068
0 9339
0 16384
0 5625
0 12081
0.966755 8633
0 5291
0.333667 6989
0 4896
0 6004
0 4311
0 6730
0 4174
0 4295
0 10581
0 6428
0 16384
0 16384
0 16384
0 5728
0.692672 9280
1 15220
0.377586 11796
0 6227
0.367392 9004
0 16384
0 4750
0 5548
0 9629
0.0622257 6380
1 9022
0 8564
0 8068
0.575231 4433
1 16384
0 10429
0 10872
0 4813
0 4901
0.31731 6990
1 15131
0 6886
0 11682
0.336842 13965
1 5166
0 16384
0 7302
0 13802
0 16384
0 5955
0 10325
0 5206
0 5228
0 10196
0 5267
0 9590
0 5083
0 9605
0 5015
0 16384
0 5410
0 7526
0 6076
0 10086
0 9673
0 4507
0 5618
0 5697
0 5479
0 16384
0.194048 14280
0 10900
0 14296
0 9169
0 5763
0 14772
0 12881
0 9526
0 16384
0 12778
0 9370
0 4254
0 7346
0 5386
0 5720
0 11399
0 5806
0 12141
0 11693
0 4567
0 13457
0 14288
0 16384
0 7191
0 10550
0 5426
0 9552
0 6519
0 10999
0 13350
0 7571
0 11410
0 6734
0 11424
0 16384
0 6228
0 8627
0 8961
0 12789
0 14825
0 13119
0 7066
0.25817 6426
1 9778
0 13372
0 13900
0 9283
0 7420
0 5917
0 4929
0 4443
0 5890
0 16384
0 5749
0 7180
0 4832
0 7070
0 15889
0 4198
0 16384
0 8023
0 4967
0 8844
0 7659
0 14938
0 12427
0 4367
0 16381
0 5975
0 9665
0 10588
0 7582
0 7984
0 9251
0 5096
0 8917
0.398572 10086
0 15317
0 9867
0 4772
0 4894
0 5816
0 6385
0 7543
0 13512
0 12030
0 6538
0 4881
0 5834
0 13928
0 13512
0 12030
0 6538
0 4881
0 5925
0 16384
0 6481
0 6677
0.197381 8400
0 15874
0 16384
0 7172
0 11466
0.746735 12098
0.180799 10260
0 9194
0 8211
0 13124
0.562878 10743
0 11888
0.221375 16384
0.0129766 13717
0 16384
0 6151
0 15824
0.954462 7093
0 6666
0 5309
0 5244
0 5244
0 5244
0 5244
0 5244
0 5244
0 5244
0 6127
0 8250
0 5210
0 6948
0 16384
0 5849
0 5244
0 5332
0 5244
0 5244
0 4725
0 5763
0 5244
0 5244
0 5244
0 5244
0 5244
0 5244
0 4725
0 5763
0 5244
0 5244
0 13177
0 7018
0 7018
0 7018
0 7018
0 16384
0 10462
0 5198
0 5108
0 5781
0 5508
0 5772
0 5508
0 5464
0 5464
0 5772
0 5508
0 5772
0 5508
0 5772
0 5508
0 5772
0 5508
0 5772
0 5508
0 5772
0 5508
0 5772
0 16384
0 14722
0 8446
0 16384
0 4890
0 5763
0 5244
0 5244
0 5244
0 5244
0 5244
0 5244
0 4725
0 5763
0 5244
0 5244
0 5244
0 5244
0 5244
0 5244
0 4725
0 15444
0 4399
0 6128
0 5362
0 14383
0 7058
0 5772
0 5508
0 5772
0 5508
0 5772
0 5508
0 5772
0 5508
0 5772
0 5508
0 5772
0 5508
0 5772
0 5508
0 5772
0 16384
0 4676
0 7828
0 12751
0 4955
0 9115
0 16384
0 8050
0 6162
0 4901
0 4494
0 4941
0 7718
0 7545
0 4523
0 14615
0 4940
0 4523
0 5352
0 7363
0 8584
0 13839
0 7605
0 5658
0 8390
0 9696
0 16384
0 8211
0 10972
0 16384
0 10174
0 4690
0 7111
0 8438
0 7857
0 15211
0 16384
0 7758
0 7467
0 9646
0 8947
0 8255
0 5776
0 16384
0 7455
0 16384
0 4391
0 10644
0 8119
0 6759
0 16272
0 6253
0 6084
0 6121
0 4586
0 8194
0 7667
0 4384
0 4386
0 12532
0 12272
0 10147
0 6016
0 4633
0 8382
0 7866
0 10943
0 4334
0 4671
0 5295
0 12836
0 4885
0 6204
0 16384
0 15346
0 7354
0 4192
0 12638
0 5947
0 4936
0 8367
0 8369
0 8787
0 16384
0 6150
0 4444
0 15744
0 15857
0 5314
0 4248
0 4253
0 4339
0 7426
0 6201
0 14764
0 6141
0 4149
0 9389
0 5327
0 5354
0 15883
0 7493
0 7554
0 8668
0 5664
0.68199 15858
1 16384
0.268392 7612
0.0413671 10153
1 4347
0 7568
0.794234 6833
0 7453
0.951599 16384
1 14499
1 7457
0 4188
0 4339
0 5047
0 9435
0.540688 13026
1 12749
0 9210
0 6518
0 5227
0 4239
0.246826 16384
1 6336
0.134639 4954
1 10044
0.184404 5835
1 4621
1 6994
1 8903
0.911933 9981
0.41617 7211
0.288943 11414
0.460874 14466
0 14735
0 9669
0.117104 4876
0.458034 4873
0.679199 15586
0.558713 7213
1 12112
0.727564 8413
0.335324 6197
0.538538 9056
0.274309 8392
0.0871437 6736
0.559549 4257
0 10687
0.230935 4642
0.201746 10424
0.00544662 10098
0 7915
0.214185 4949
0 12826
0.787808 10302
0 12773
0.218262 16384
1 5599
0.0304565 16384
1 11945
1 9525
0.645874 16384
1 6508
0 11854
0.5961 6769
0 7064
0.502688 6883
1 8005
1 7305
0 4787
0 4318
0 5576
0 4236
0 5377
0 16384
0 12659
0 4573
0 8634
0 8277
0 9209
0 6513
0 5824
0 16384
0 5462
0 4148
0 4810
0 7789
0.570966 15437
0 14496
0 10541
0.523283 9041
1 16384
0 8357
0 10053
0 8523
0 7617
0 4521
0 4666
0 9083
0 10266
0 13979
0 14713
0 16384
0 8811
0 5964
0 5026
0 7334
0 4983
0 5857
0 4965
0 16384
0 4585
0 10598
0 8065
0 8199
0 7131
0 10390
0 5926
0 6136
0.496101 7567
0 5479
0.0372085 5617
1 7751
0 10173
0 11830
0 4331
0.841561 9581
1 14013
0 8865
0.717284 7481
1 8935
0 5375
0.351175 4764
0 10320
0 15267
0.497266 8595
0.784801 13448
0 4369
0.104484 11351
1 15385
0 4165
0.365513 4506
1 11971
1 15235
1 4786
0 10923
0.943469 4157
1 12268
0.543701 16384
1 9689
0 7596
0 11596
0.777048 7912
0 6615
0 5236
0 4345
0 12317
0 9230
0.638383 4773
1 12531
0 14159
0 7446
0 8265
0 7983
0 8775
0.632115 7660
1 15335
0 6856
0 7362
0 13347
0 16384
0 16384
0 10206
0 4780
0.565733 13745
0 12122
0 5703
0 7226
0.660101 7514
0 12278
0 8768
0.37115 8409
1 14524
0 7140
0 15812
0 16313
0 5549
0.148463 4816
1 4452
0.847159 13092
1 5145
0 6268
0 12056
0 8344
0 12665
0.867081 10939
0.476213 4267
1 14057
0 10919
0.811 10127
1 13801
0.190613 16384
1 7067
1 8010
0.443244 6757
0.288263 11212
0.237346 12269
0 13129
0 4158
0 8422
0.084139 9413
0.118469 16384
0 16384
0 4265
0 16384
0 6936
0 4993
0 8586
0.466806 11011
1 7912
0 6690
0 5496
0 16384
0 11752
0 15944
0 4322
0.875943 9278
0 16384
0.478394 16384
1 5985
0.526775 11335
0.554974 7449
0 8036
0.841668 8779
0 8194
0 7303
0.864386 5700
1 4587
1 5555
0 15849
0 6787
0.391076 7799
0 7547
0 12912
0 9261
0.269717 5376
0.833632 5578
1 16384
0 4920
0 11789
0.852306 10102
0 7104
0 9460
0 9724
0 4493
0 16384
0 10845
0 12695
0.872253 16384
1 6516
0 10363
0.697927 14907
1 5210
0 7547
0 4882
0 13711
0 13423
0 9028
0 8366
0 13340
0 16384
0 8538
0 6290
0 6478
0.738159 16384
0 5531
0.83999 11443
0 16384
0.535858 9956
1 16384
0 7898
0 7089
0.441267 7832
1 14252
0.31297 10902
0 15412
0.391576 10399
1 16384
0 6832
0 16384
0 7799
0 6256
0 4272
0 7269
0 16384
0 7836
0.331978 15007
1 14854
0 6114
0 7566
0 7843
0.269424 11558
0 16384
0 8496
0 14102
0 9336
0.493589 5225
1 9954
0 16384
0 9129
0 8841
0 13367
0 13234
0.123838 4732
1 7771
0.575912 5704
0.290004 9224
1 11404
0.747632 12141
0 6107
0 7102
0.873364 7715
0 5036
0 6120
0 7381
0 16384
0 6454
0 12480
0 4884
0 7515
0.858075 6898
0 13869
0 8157
0 10039
0.96293 11222
1 11154
0.170771 16121
1 7311
0.063942 7585
1 12528
0.110895 9252
1 8689
0 7094
0 10454
0 4181
0 5157
0.579167 7200
1 9462
0 6794
0.287791 10386
0.0627329 16100
1 9822
0 5883
0 5397
0 12705
0.602625 9525
1 5611
0 4320
0.495178 16384
1 6672
0 4784
0 9441
0.958496 16384
1 5521
1 5324
1 16384
0 8837
0 9466
0 16384
0 10387
0.12252 11141
1 11694
0 12838
0 12472
0 13600
0 16384
0 9360
0 16384
0 10388
0 6204
0 10833
0 6200
0 10513
0 16384
0 16384
0.317959 14288
0 10201
0 8217
0.958435 16384
1 14391
0.652778 4752
1 4352
0.499494 8893
1 16384
0 7644
0 16384
0 5092
0.113435 15348
1 7232
0 16384
0 14486
0 7378
0 16384
0 5200
0 5874
0 7095
0 13455
0 8710
0.620056 16384
1 5042
1 16384
0 10318
0 4612
0.177602 5197
1 6317
0.521215 11360
1 7412
0 16384
0 16384
0 6688
0 9209
0 5870
0 8538
0.449996 11689
1 16384
0 4892
0 4477
0 5540
0 4991
0 4986
0 4471
0 4578
0 4407
0 4831
0.668335 16384
0 9603
0 4468
0 6330
0.0630493 16384
1 9531
1 9675
0.915285 15381
0 15009
0.25733 6548
0.414124 16384
1 9418
0 4668
0 16384
0 5201
0.904907 7214
0 4367
0 5087
0.823864 4928
0 6727
0.771729 16384
1 4621
1 9593
0.947812 11037
1 7818
0 16384
0 16384
0.0242862 5394
0 7533
0 16384
0 6051
0.909119 16384
1 10542
1 16384
0 10892
0 6444
0.764699 8538
0 7069
0 6948
0 4846
0 6546
0 6854
0.7453 16384
1 5306
0.448557 12130
1 16384
0 5300
0 12051
0.540919 13710
0 7629
0 8699
0 16384
0 7953
0.36539 7466
0 9039
0 4186
0 9409
0 6087
0.760986 16384
0.240448 7852
0.394274 8593
1 8532
0.423918 5987
1 16384
0 11671
0.348988 5089
1 13120
0.642852 13577
0.772099 10057
0 6202
0.397388 13936
0 5559
0.399443 9696
1 6324
0 8522
0 7959
0 4805
0 13592
0 9242
0 5456
0 16384
0 16384
0 6081
0 7335
0 6351
0 4223
0 10259
0 7034
0 5294
0 6967
0 14632
0 5668
0 5484
0 6013
0 11095
0 8757
0 4115
0 4487
0 9814
0 5822
0.934106 14933
1 6814
0 4450
0 13949
0 5064
0 9243
0 11790
0 6206
0 16384
0 7814
0 7722
0 11082
0 16384
0 4988
0 9520
0 5718
0 5236
0 6733
0 10824
0 16384
0 4247
0 16384
0 4492
0 8436
0 8164
0 8297
0 10974
0 11425
0 16384
0 14747
0 9084
0 16384
0 7257
0 5315
0 5191
0 16384
0 9984
0 7322
0 6187
0 6357
0 6013
0 4996
0 8231
0 7485
0 8967
0 14366
0 14875
0 7933
0 8628
0 7371
0 12245
0 6331
0 6704
0 9653
0 7580
0 4509
0 14243
0 16384
0 10460
0 4813
0 7068
0 8142
0 7353
0 6506
0 5148
0.0350107 9340
1 15274
0 4170
0 15209
0 12367
0 5348
0 6976
0 6441
0.934361 8501
0 8029
0 6945
0 4234
0 4267
0 6289
0 9884
0 4880
0 10896
0 13320
0 10319
0 14895
0 5458
0 5194
0 4575
0 8051
0 16384
0 5892
0 6548
0 11002
0 7410
0 4797
0 10847
0 9898
0 11693
0 6494
0 16384
0 9596
0 8143
0 4799
0 5329
0 8558
0 16384
0 10828
0 15072
0 12498
0 5622
0 7482
0 7551
0 10932
0 8964
0 13993
0.49902 5615
1 4263
0 8718
0 4239
0 12508
0 5773
0 9401
0 4694
0 11770
0.0363691 6599
1 10094
0 5004
0 4144
0 5115
0.0240526 10186
1 4347
0 8068
0 4399
0 5618
0 5722
0.256782 4755
1 16384
0 10321
0 5579
0.119044 7535
1 5028
0.590515 16384
1 16384
1 8105
1 16384
1 5659
1 16220
1 16384
0 9968
0 16384
0 5890
0 16384
0 16384
0 6092
0.446796 13749
0 7376
0 7854
0.76945 7005
1 16384
0.979905 11595
0 4508
0 16384
0 7480
0 5895
0 7871
0 4724
0 6000
0 16384
0 7923
0 10155
0 4861
0 16255
0 5386
0 16384
0 8778
0 12337
0 16384
0 5383
0 16384
0 9011
0 5486
0 7317
0 10941
0.0406482 7405
0 7616
0.913817 5674
1 10558
0.153873 14369
1 5512
0.246971 6025
1 16384
0 4392
0.158863 11469
1 10567
1 6451
0 5334
0.788273 7453
1 7092
0.335817 10336
1 7566
0.899774 5757
0.20935 5904
1 12335
0 11292
0.980408 16384
1 10661
1 16384
0 5009
0 7622
0 7621
0 7858
0.914962 5621
1 7924
0 4263
0 6426
0 6129
0.261536 16384
1 4416
1 4475
1 7337
0 4598
0.842024 8438
0 16384
0 7507
0.193624 7277
0.483849 4427
0.0645034 5085
0.0535278 16384
1 7883
1 10237
1 6388
0.800769 6505
0 4846
0 5154
0 12732
0 8969
0.559291 7556
1 14620
0.284852 7783
0 5561
0.302302 11601
0.331579 10073
1 13925
0 10180
0 5724
0 9483
0 5330
0 10157
0 9061
0 16384
0 8264
0 7016
0 6405
0 8302
0.800537 16384
0.206218 4117
1 10803
0.688272 10522
0.515152 7656
1 16384
1 9916
0 12251
0.226704 15893
1 7840
0.164697 14554
1 8406
1 6353
0.916964 7852
0 7520
0 5313
0 5981
0 16384
0 16384
0.697144 16384
0 11652
0 15248
0.407008 6022
0 7695
0.464027 11161
0 9937
0 13770
0.54737 5267
0 10554
0 5659
0 16384
0 16384
0 4629
0 4174
0.541223 11729
0.561669 6543
1 12822
0.513561 7374
0 4116
0.328503 6280
1 16384
1 16384
0 13202
0 10336
0.986206 16384
1 16384
1 9739
0.709671 16347
1 11190
0 5813
0.54434 8322
0.811584 16384
0 10304
0 4650
0 11296
0 7783
0 7508
0 4393
0 16384
0 8051
0 10772
0 5819
0 8810
0 10161
0.468364 6875
0.482631 6218
1 13321
0.664854 8829
0 8354
0.901918 5475
0.411257 4637
0 5358
0.96903 12722
1 16384
0.890964 5622
0 8603
0.803585 6471
0 7731
0 15527
0 11507
0 4945
0.850725 7724
0.50172 4650
1 16384
0.336519 8056
1 9128
0 4524
0 8960
0 5687
0 6189
0.87738 16384
1 4509
1 7281
0 7453
0.426086 16384
1 14685
0 4561
0 6220
0 6002
0 9508
0 13993
0 8185
0.975825 13940
0 10108
0.24231 16384
0.471537 6078
0 5452
0 4485
0 6625
0 6617
0.344971 16384
0 10669
0.530762 16384
1 14924
0 10984
0 13054
0 8292
0 4755
0 6154
0 7151
0.219971 16384
1 6633
0.719412 14213
0 9536
0 8305
0 16384
0.212142 13425
0 6717
0 5583
0.388918 7634
0 5251
0.268478 14098
1 10265
0.616482 8482
0.120666 15920
0.789917 16384
1 6832
0.168772 6097
0.849555 12596
0.122563 8771
0 16384
0 6359
0 4222
0 5793
0 4628
0 5064
0 8692
0.919937 5708
0 15222
0.779981 9331
1 16384
0.924028 5015
0.0409877 6075
0.5903 15980
1 9914
0.75078 4807
0 11618
0 5603
0 7479
0 4741
0 6147
0.298085 8407
0 7468
0.903747 6005
1 15244
0 8114
0 16384
0 16384
0 7160
0 11263
0.962838 7427
0 12004
0 8485
0 4255
0.463684 16384
1 6643
0.786438 16384
0.471681 7592
0.107458 9064
0 9513
0.724343 14772
0 14223
0.711225 7002
1 7872
0.54329 13271
0 12757
0 16384
0.34668 16384
1 16384
0 12322
0.0418491 7766
0 16384
0.838685 5201
1 11912
0 16384
0.189223 8889
0 6506
0.194692 14808
0 16384
0 4875
0.441266 15800
1 10090
0 9247
0.589669 12061
0.486065 5454
0 5012
0.120056 16384
0.656007 9756
0.878156 15446
1 10909
0.741987 8829
0 16384
0 16384
0 16384
0 4541
0.747835 14895
0 8447
0.129706 6322
0 16384
0 6352
0 13381
0 11514
0 10714
0 10587
0 7570
0.382756 7365
0.0647934 9075
0.610594 7306
0 9586
0.459681 10268
0.575147 6647
0 9610
0.0124824 12818
1 11702
0.405522 5795
1 16384
0 7632
0 5776
0.799549 6645
1 5163
1 11429
0.567531 4435
0 4850
0 9471
0.086414 12903
0 6086
0 4971
0.60659 7435
0.0280934 11177
0.498534 6481
0 6987
0.193746 9946
0 6774
0 7476
0 10137
0 12368
0 11772
0.399166 4314
0.4143 9790
0.60142 6478
0 7195
0 6367
0.856986 10901
0 9197
0 4791
0.0444467 9877
0.0979453 5013
0 7334
0.793038 15312
0.741882 16384
1 4611
0.988566 11370
0 13341
0 7011
0.926331 16384
1 10316
1 11926
1 5577
1 6697
0.787133 6746
0 16384
0 9906
0 15942
0.256941 10590
0 16384
0.797456 4246
0.154599 7762
0.821363 7630
0.899455 4774
0.906162 10678
0.709354 6981
0 6399
0.715575 14067
0.92688 16384
0.372688 7623
0.772522 16384
0 11733
0 4629
0 7955
0 8600
0.298482 6915
1 5960
0 8671
0.934273 11137
1 16384
0 14045
0.766296 16384
0.949716 12151
0.625671 16384
0.480243 5770
0 5815
0 4240
0 9394
0 7573
0.145896 13681
0.494737 5130
0 16384
0 12657
0 10231
0.290135 6528
0 6359
0 15363
0.138404 14147
0.268099 7818
0.211585 4972
0.775757 16384
0 16384
0 5990
0.923053 9825
0 16384
0.557976 8400
0.776233 14743
0 7597
0 10932
0.333496 16384
1 4817
1 16384
0 4156
0.797382 8785
0.61916 8048
1 14208
0.587189 5230
0 10727
0 5651
0 7145
0 5415
0 6228
0.872793 10589
1 5663
0 5474
0.801115 7537
0.819824 16384
0 5536
0.124032 15754
1 14482
1 4450
0.928364 5165
1 16384
0.380882 6779
1 4645
0.0271409 8548
1 11989
0.130611 9846
0 12539
0.639813 8118
0 5068
0 7626
0 11698
0 5203
0.885796 8012
0.458483 13368
1 10145
0 5562
0 10209
0 7656
0.673462 16384
0 16384
0 9760
0 5044
0 5610
0 4818
0 9417
0 11079
0 6221
0 16384
0.719177 16384
0 7064
0 4396
0 9275
0 5582
0 4782
0 8830
0 6584
0 4126
0 10211
0 6244
0 5062
0 12580
0 5785
0 14670
0.687674 9679
0 16384
0 16384
0 5088
0 6325
0 4386
0.501491 7041
0.0830648 11172
0 4673
0 7063
0.47579 5349
0 16384
0 6645
0 6099
0.570657 7402
1 16384
0 7930
0 10819
0 5448
0 7517
0.442801 7369
1 8475
0 8810
0 9602
0 8298
0 11792
0 8680
0.670482 6552
0.34965 11583
0 4352
0.715763 14984
0 16384
0.47835 10300
0 16384
0 4380
0.23053 16384
1 7291
0 4200
0.371296 10598
0 16384
1 4857
0 5354
0.9151 16384
1 4738
1 16384
0 13061
0 8313
0 16384
0 4478
0 4373
0 16384
0 9274
0 8936
0 10966
0 7326
0.159241 16384
1 15279
0 4643
0.77923 4131
0 16384
0 5338
0.573975 16384
1 14199
0 9563
0 7030
0 15647
0 11263
0 10361
0 8991
0 15837
0 16343
0.0545518 8634
0 4873
0.193023 11610
0 5386
0 9911
0.789001 16384
0 12712
0 7299
0.257098 12186
0 16384
0.0556267 15622
0 5749
0.528113 12912
0 5064
0 4862
0 5135
0 4771
0 5982
0 5016
0 5153
0 6272
0.708876 15502
1 16384
0 6568
0 16384
0 10407
0 9009
0 8695
0 16384
0 5327
0 11072
0 16384
0 8795
0 4354
0 13104
0.369499 9226
0 9533
0 9819
0 8722
0 16384
0 5330
0 8889
0 6168
0 6283
0 5742
0 10440
0 4938
0 16384
0 12245
0 10907
0 7506
0 12018
0 4288
0.900166 10848
0 8021
0 10363
0 4496
0 6798
0 4801
0 9646
0 9013
0 6543
0 8383
0 6986
0 13414
0 8389
0.399584 12030
0 7279
0 7142
0 12559
0.150373 11784
1 5586
0 6380
0 7524
0 16384
0 16384
0 9701
0.41689 11948
1 6776
0 8492
0 5067
0 16384
0 11361
0 6146
0 6496
0 10196
0 4568
0 4961
0 7062
0 8917
0 9075
0 7779
0 9436
0.946956 6768
1 10574
0 9296
0.0499152 4127
1 11715
1 16384
0.886739 4909
0 4231
0 7835
0 6043
0 6781
0 4116
0 6801
0.691949 11167
0 6090
0.343144 15731
0 9595
0.796293 13112
0 13984
0 13230
0.43882 5018
0 10749
0.268856 8220
1 5093
0 16384
0.745938 11879
0 10106
0 10775
0 10921
0 10829
0 9544
0 10742
0 12752
0 16384
0 12820
0.257506 11724
0 13196
0.876134 14112
0 8896
1 9351
0 16384
0 5907
0 6138
0 8440
0 13725
0.507607 8611
0 5454
0 7318
0 12632
0 7755
0.258185 6139
0 4867
0.0599234 8611
1 16384
0 4787
0 4690
0 12428
0 8320
0 8376
0 9615
0 14855
0 7645
0 8717
0 5669
0 4519
0 4215
0 11009
0 6057
0 16384
0 15387
0.740896 11671
0 10077
0 11381
0 12988
0 6517
0.541357 9273
0 16384
0 7331
0 12922
0 6117
0.344277 6823
1 4381
0 4670
0 7770
0 10418
0 16384
0 13720
0 7776
0 16384
0 5291
0.652225 11818
0 14384
0 5358
0 4709
0 4191
0 7205
0 16384
0 7425
0 7233
0 11305
0 5044
0 11218
0 16384
0 13719
0 9897
0 6887
0.925415 16384
1 5903
1 4767
1 6599
0.6703 4128
0 10518
0 9303
0.901001 16384
0 6888
0 11008
0.416956 4895
0 11047
0 12939
0 7921
0 4345
0 16384
0 7912
0.770423 16256
0 8192
0.945998 13944
0 4583
0 16384
0 8698
0 6346
0 13148
0 14099
0.100993 6347
0.375483 16030
1 10381
0 10300
0 16384
0 6216
0.763409 4400
1 6861
0 4456
0 5724
0 10254
0 6741
0 12700
0 6597
0 7703
0 9468
0 9354
0 13884
0 12120
0 7355
0 6546
0 4840
0 14827
0 16384
0 9163
0 10155
0 6453
0 16384
0 13795
0 6692
0 7459
0.130898 12674
0.0877596 11748
0 16384
0 4991
0.0253296 16384
1 5587
0 5170
1 11886
0.0793374 6882
1 14736
0.563881 8688
1 13164
0.900565 11153
0 7816
0 14738
0 16384
0 7138
0 5412
0 9696
0.462659 9681
0 16384
0 5798
0.884575 7650
1 5184
0 6095
0.961942 12665
0.0754717 5618
0 7402
0 7131
0.403467 9634
0 5985
0 10814
0 5887
0 5168
0.245111 5830
0 16384
0.790182 8393
1 10426
0.364047 5090
1 5444
0 16384
0.31958 16384
1 6839
1 11194
0 5160
0 5583
0 7609
0.458179 8907
1 8227
0.540004 4837
1 6839
0.189683 6126
1 4351
1 8868
0 12148
0 8272
0 4280
0.721169 9443
1 10866
0.434969 7681
1 12549
0.725335 10835
0.863632 10149
0.919536 12254
1 8045
0 11359
0 10460
0 9121
0 5576
0.046817 7540
1 10094
1 7390
0 10488
0 5324
0 6932
0.608755 16220
0 10878
0.664129 8274
0 5882
0.853662 7264
0 4361
0 8213
0.440002 16384
1 11310
0 11980
0 9468
0.737519 4587
0 12864
0 5847
0 11241
0 4311
0.628705 6410
0 6059
0 4346
0 16384
0 4615
0 16384
0 7737
0 7804
0 9270
0.0689655 5133
1 6571
0 7989
0.746905 9854
1 16384
0 4735
0 9148
0 11088
0 5156
0 5639
0.546184 8098
0 10636
0 4213
0 16384
0.739557 7637
0 4656
0 6298
0.0926138 12212
0 10891
0 12381
0.827687 4457
0 8447
0.62965 10833
1 4764
0.281363 6927
1 4405
0.605164 16384
1 10312
1 4336
0 16384
0 15369
0.908507 4667
1 14319
0.316862 9127
0 10678
0 6832
0 9617
0 7123
0 6050
0.626837 13951
0.17705 7416
1 16384
0 6708
0.765111 12474
1 16384
0 6235
0 5744
0 16384
0.962713 16279
1 11047
0 4194
0.316841 8711
1 13365
0 16384
0 9295
0 4874
0.897148 12834
0 5358
0.291974 5956
0.671448 16384
1 11615
1 13406
0 7888
0.379146 13657
1 13183
0 6579
0 10136
0 14996
0 6783
0 10032
0 4147
0 5989
0.0958961 7237
0.756101 15695
1 12198
0 11010
0 5717
0 5502
0 16384
0 8424
0.338957 4505
1 6512
0 6007
0 4328
0.626355 12544
0.86302 6344
0 13243
0.96972 9346
0.230518 12563
1 14317
0 16384
0.914033 4525
1 4458
0 5278
0.662259 8092
0 9370
0 5272
0 10206
0.0687329 13196
0 16384
0 16384
0 7766
0 4176
0 16384
0.401684 16152
1 8476
0.481907 5748
0 6205
0.147028 6781
1 12007
0 6296
0 6968
0 4117
0.768372 16384
1 5767
1 14771
0 6679
0 6327
0 9785
0 5081
0 10298
0 8008
0 4642
0 8262
0 16384
0 8347
0 4814
0 9697
0 6200
0 11782
0 8721
0 10084
0 12731
0 4310
0 7492
0 15758
0 13354
0 6633
0 4433
0 13950
0.737488 16384
0 11911
0 16384
0 5002
0 9363
0.899669 15718
0 10738
0 5380
0 6187
0 7221
0 4334
0 4990
0 12842
0 5296
0 7798
0 5791
0 15077
0 4424
0 11218
0 7462
0 8715
0 4828
0 9496
0.484357 6169
1 16384
0 5364
0 4116
0 4531
0 7723
0.578674 16384
1 12473
1 12140
0.0965576 16384
1 4241
0 4782
0 14852
0 11512
0 8821
0 6671
0 7941
0 8994
0 6634
0 5352
0 6612
0 16384
0 10143
0 6005
0 5149
0 6609
0 16384
0 7223
0 7679
0 12859
0.788391 16384
1 6443
0.525391 16384
1 10826
0 7501
0 4271
0.161887 6381
0 11023
0.809571 7084
1 16384
0 4768
0 12025
0.76706 6873
1 13614
0.0752307 9863
1 4620
0 9016
0.460843 5861
1 6168
0.222903 11265
1 6700
0 10345
0 16384
0 11272
0 13204
0 7387
0 6233
0 5530
0 10974
0 6423
0 7729
0 4657
0 4383
0 4735
0 16384
0 7690
0.682736 13317
0.629294 5414
0.40877 12041
0.168274 16384
1 16384
0.351955 7339
1 8166
0 5430
0 9257
0 6924
0 5532
0 9011
0.394979 13026
1 16384
0 8900
0 9265
0 4305
0.770748 6844
0 8646
0 10392
0.65016 8744
0 4521
0 5121
0 4691
0 5158
0 8595
0 8266
0 14597
0 4453
0 10320
0 8371
0 8449
0 9979
0 4466
0 16384
0 4432
0 7559
0.766444 10460
0.868416 5221
0.889829 5319
0.621597 7788
0 6723
0 4917
0 9185
0.660278 16384
1 12962
1 6270
0 12720
0 11540
0 4219
0.779681 6073
1 12275
0 5078
0 16384
0 4217
0 11063
0.0932617 16384
1 10083
0 6956
0 12295
0 5367
0 4336
0 4539
0 5948
0 4116
0 7949
0 13203
0 6250
0 5859
0 5998
0 4115
0 4881
0 7442
0 6155
0 7299
0 4257
0 5894
0 4412
0 10155
0 12339
0 5677
0 5229
0 9996
0 9052
0.148933 12180
0 16384
0 4553
0.0406494 7823
1 8053
0.785643 8038
1 16384
0 11917
0 12165
0 16384
0 5114
0 4540
0 7321
0.0456806 7640
0 6652
0.403625 16384
1 16384
1 4854
1 5755
1 10825
0.723925 10508
1 8860
0.628385 4136
1 10891
0 8449
0.511344 7713
1 6271
1 4433
0 4289
0 5666
0 5873
0 11339
0 6074
0 4475
0 4297
0 6757
0 4583
0 4369
0 9110
0 5167
0 5840
0 6002
0 15212
0 11963
0 12822
0 5901
0 4720
0.751038 16384
1 4936
0 12554
0.36261 16384
1 4853
0 5074
0 10659
0 6832
0.103661 7621
1 16384
0 6203
0 7144
0.0392157 6069
0 13952
0 4669
0.898926 15830
0 4846
0.0648522 11904
0.444137 10839
0 7100
0 6800
0 7543
0 6764
0 14794
0 8538
0 4808
0 5961
0 10754
0.535472 5300
0 9472
0 6380
1 9997
0.850298 13066
0 9670
0 10394
0.286462 10127
0 5716
0.86741 8251
1 13330
0 11192
0.857239 16384
1 5824
1 14079
0.134799 8598
0 5540
0 6905
0 5868
0.512976 11406
0 16384
0 13198
0.806543 6725
1 4645
0 6176
0 4813
0.735805 9440
0 7346
0 5547
0 8553
0 15912
0 4916
0 5420
0 10113
0.775925 8216
0.0452182 13269
0 10135
0.486065 11805
0 14225
0.114141 8507
1 16384
0.773315 16384
0.776443 5162
1 16384
1 4335
0.19276 9530
1 6249
0 8264
0 15096
0 11699
0.687439 6114
1 6034
0 9369
0 4567
0 8571
0.873956 12813
1 13108
0 6786
0.827607 6752
0 4272
0 16141
0 9360
0 8408
0.898571 4969
1 5276
0 11474
0.465701 8149
1 6783
0.592773 16384
1 11335
1 16384
0.0682456 15327
1 8616
0 11218
0 14521
0 16384
0 13394
0 4375
0 14464
0 4686
0 5814
0 8785
0 10290
0 5033
0 14590
0 7544
0 8307
0 5352
0 7485
0 14629
0 4716
0 4215
0 12186
0 7430
0 6375
0 10120
0 6810
0 14878
0 4802
0 13116
0 7525
0 10556
0 16384
0 6176
0 5260
0 5561
0.959167 16384
0 6881
0 5644
0 14468
0 6096
0 16384
0 5294
0.896912 16384
0 6229
0 12636
0 5596
0 5769
0 10625
0 16384
0.706367 4366
0 12591
0 14123
0 9824
0.573768 13922
1 10577
0.682241 9995
0 10585
0.749756 16384
0 8150
0 8461
0.675848 10819
0 16384
0 7802
0.291991 7579
1 16384
0 8442
0.615807 5099
1 4806
0.435618 7704
1 11411
0 9980
0 5997
0 10089
0 8307
0 9808
0 9625
0 7342
0.101792 9097
0 9507
0 16384
0 6702
0.362998 5270
1 11391
0 5969
0 6742
0 7184
0 4354
0 4240
0 4244
0 8660
0 9587
0 9893
0 7637
0 11069
0 5852
0.0684258 6708
1 16384
0 4298
0 5916
0.454371 7287
0 7004
0 6319
0.479749 8123
0 9279
0.474578 8123
0 16384
0 10914
0.173401 16384
1 10302
0 8706
0.733933 4559
0.010607 12256
0 6314
0 8461
0 7816
0 9698
0 16319
0.160173 14372
0 5357
0 12985
0 11044
0 9887
0.501406 9246
0.00767653 15111
1 8762
0 5656
0 8997
0.0365059 4602
0.304114 9480
0 7843
0.51161 10637
1 8761
0 12173
0.667781 7179
0.147775 10428
1 12716
0 5797
0 10422
0 16384
0 8915
0 10277
0 4602
0 6084
0.437808 6295
1 12120
0.775978 4446
0 5059
0 16384
0 8620
0.537481 5803
0 6702
0.92894 11061
0.175869 6067
0 6542
0.379598 4431
0 6169
0 10934
0 8037
0 9634
0.332458 16384
1 10066
1 10297
0 5116
0 8399
0 5002
0 13509
0.448487 10444
1 4180
0.340243 9070
0 12597
0 16384
0 10377
0 9182
0 5942
0 5398
0 7126
0 4409
0 6123
0 16384
0 7298
0 5254
0 8083
0 6627
0 4546
0 7374
0 10913
0 5213
0 5971
0 16384
0 5108
0 12976
0 16248
0 9659
0 12055
0 6382
0 14386
0 5803
0 16384
0 4279
0 4977
0 14797
0 8040
0 5743
0 4924
0 10388
0 4761
0.672058 16384
1 4686
0 7541
0.272907 13129
0 5063
0.26231 4346
0 4308
0 13972
0.0263798 5345
1 5569
0 6847
0 10598
0 4888
0 6838
0.667555 16132
0.837914 10661
0 11569
0 11374
0.660203 10159
1 7515
1 9492
0.840412 4756
1 10057
0.410354 4462
0 6803
0 8581
0.140564 16384
1 16384
1 16384
1 6491
0 8215
0.897888 16384
0.198041 13578
1 9149
0 7982
0.623404 4230
0.585418 15869
0 16384
0 10123
0 6904
0.521381 8863
0 9359
0.331238 16384
1 14868
1 5829
1 16384
1 10407
0 6772
0 4691
0.749414 10663
0 7100
0.867967 10558
0 8606
0 10590
0.186033 6859
0 8447
0.413815 8035
1 15457
0 10448
0.629517 16384
0 8483
0.0903004 5227
0 7419
0 5484
0.541321 16384
1 5420
1 16384
0.72583 16384
0 5747
0 16384
0 14412
0 6436
0 6403
0.515188 4181
1 11494
0 7088
0 7643
0 8521
0 8373
0 16384
0 10922
0 10397
0.547407 5168
0.865173 16384
1 7665
0.853516 16384
1 4340
0 10297
0.0874098 13717
1 16151
0 9017
0.738175 7146
0 5490
0 4485
0 13144
0.422002 9872
0 4422
0.586115 6770
0 6509
0.703896 4441
0.027729 5121
0.382154 9907
1 15363
0.584609 9343
0 4151
0.884923 15607
0.797295 6729
0.501526 7862
1 10286
0 5924
0 4752
0 4637
0 11108
0 13445
0 7019
0 16384
0 7657
0 6537
0 13658
0 16384
0 6008
0 4279
0 5147
0 4630
0 7564
0 15757
0 13769
0 8654
0 6955
0.013345 12589
0.611968 11999
0.142144 11214
0 6962
0.466116 6301
0 11248
0 11361
0.560684 14452
0.0117997 12119
0.390869 7995
0.22714 8541
0 16384
0 15431
0 7609
0.520082 5826
0 12515
0.501285 10114
0 10476
0 16384
0.948056 10800
0 9093
0.411935 12400
0 6602
0.590956 7696
0 6527
0 9578
0.0115186 11807
1 6185
0.954882 7425
0 5551
0 15614
0 8230
0 9340
0 4728
0 6310
0.964809 11253
0 6550
0 4938
0.310321 7315
0 5185
0.970634 7662
0.0335693 16384
0 16181
0.240361 6432
0.114702 7611
0.273863 8004
0 12531
0.674377 16384
0.394696 7165
0 5634
0 7704
0 13736
0 4613
0 6318
0.959359 10039
0 12725
0.734458 4504
0 8629
0.862607 9622
0 6046
0 12040
0.935705 11665
0 4195
0.916711 5667
0 16384
0.503907 10621
0 6227
0 11055
0 8653
0.538882 7690
0 5401
0.576877 9125
0 5540
0.717073 4715
1 16384
0 4101
0 5297
0 10628
0 8422
0.549834 4816
0 16384
0.186981 5054
0 8252
0 8165
0 5750
0.661284 5326
0 16384
0 8412
0 7849
0 7468
0 14158
0 16384
0 6503
0 4172
0.597677 8006
0 10417
0 4855
0 9248
0.547739 6567
0 13253
0 10019
0 10733
0 14343
0 16384
0 7328
0 4480
0 4411
0 5601
0 5137
0 15597
0.617371 16384
1 4950
1 11877
1 16384
1 7029
0.801848 9740
1 14766
0 4557
0 9354
0 8984
0.949226 4136
1 16384
0 9345
0.525908 7102
0 15181
0 7094
0 4140
0.429185 10471
1 8691
0 8054
0.713307 4231
1 16384
0.498149 11613
0.592163 16384
1 8368
0 5112
0.306964 5385
0 11784
0 4222
0.0676477 4893
0 15188
0.792459 12836
0 7079
0.904666 6923
0 10451
0 15622
0.765736 9135
0 16384
0 5151
0 6822
0 6293
0 9184
0 4264
0.52984 7272
0 4880
0 11367
0.844867 12312
0 4584
0.0973872 7157
0 8489
0 9875
0.22503 13967
1 8491
0.305183 12445
0 13450
0 7566
0 14196
0 16384
0 5998
0.323011 8170
0 5364
0.358196 8071
0 7795
0.216518 10401
0 6073
0.448218 4770
0 7735
0 8390
0.130004 14015
0 9737
0.686787 5699
0.859741 4948
1 7291
0 7596
0.915405 16384
0 5320
0 12797
0.212409 4110
1 16384
1 6118
0.0502906 4474
0.0475395 6584
0.165467 10002
0 14428
0.621689 6003
0 11890
0 6109
0 12946
0 7984
0.741391 14694
1 7792
1 4409
0 14053
0 16384
0 16214
0.0368272 11649
1 6472
0 4269
0 16384
0 5159
0 5685
0 8004
0 15254
0.275579 5610
0 6039
0 7071
0 4170
0 11262
0 12342
0 16384
0 6373
0.480048 12555
0.792679 11036
1 15592
0 12513
0.825404 12801
0 6753
0 6780
0 8988
0 16384
0.674799 6599
0.453794 13061
0.488244 11101
1 11287
1 16384
0 12363
0 8730
0 11058
0.869345 7914
1 13904
0 11816
0 8687
0 5321
0 6458
0 7288
0 5370
0 8074
0 4617
0 6578
0 16384
0 6628
0 5595
0.0247415 7639
1 9309
0 6103
0 4246
0 5431
0 7735
0.702933 11526
0 8415
0 9258
0.226641 4752
1 4809
0 5582
0.79979 6653
1 7334
0.230821 7404
1 4465
0.457982 8413
1 13004
1 12713
0 9850
0 9161
0 5147
0 7681
0 6373
0 7910
0 8482
0.339895 4369
1 16384
0 4463
0 6326
1 10053
0 11267
0.400422 12322
1 16384
0 16384
0 10264
0 16384
0 9486
0 10063
0 16384
0 9944
0.308251 5781
0 8317
0 7058
0 7392
0 5573
0 7291
0 5640
0 4798
0 16384
0 8241
0.99768 11205
0 9967
0 10199
0.457214 16384
1 5636
0 6353
0.287951 4216
0.245113 10795
0.5864 5544
0.810739 6034
1 16384
0.979125 10922
0 9925
0 14622
0.914465 7003
0 8354
0.369449 7882
0.654941 4463
1 7732
0.33197 16384
1 15852
0.29039 5286
1 14449
0 7070
0.853807 6724
0 6750
0 7338
0.393033 4478
0 4609
0 8170
0.442562 7260
1 14018
0.411752 9547
0.103029 6503
0 16384
0.458188 6888
0.025048 14572
0.15372 9114
1 5240
0.68404 8346
1 16384
0.901416 9393
1 16384
1 5137
0.0453074 7725
1 14259
0 5706
0.326809 10422
1 9326
0.488652 6477
1 16384
1 12545
0.415705 6329
0 11866
0.597778 16384
1 5387
0.603088 16384
1 15684
0.768776 4740
1 9601
0.0470765 11322
0 7384
0.524414 16384
1 10316
1 4403
0.304044 7022
0 8470
0 15495
0 8987
0 9401
0.774739 11409
1 16384
0 4352
0 9086
0 13905
0.0622485 11679
0 12657
0 15047
0 4914
0 16384
0 14356
0 4309
0 9725
0 5776
0 4312
0 4737
0 10754
0.606285 5537
0 16384
0 7494
0.728394 15817
0 9799
0.770478 9620
0.0247847 5689
1 4647
0 16024
0.162958 4179
1 16384
1 11158
1 14044
0.939289 14676
0.65387 16384
1 12291
1 13138
0 14341
0 4202
0.736709 11060
0 9086
0.823212 8332
1 10540
1 16384
1 15405
0.701538 16384
1 12610
0.298916 7196
1 8537
0.74353 16384
0.12337 12499
0 4705
0 7630
0 16384
0 16384
0 14280
0 6271
0 5869
0 11028
0.760479 8851
0 10901
0 9295
1 10380
1 7464
0.215889 7842
1 16384
1 9639
1 13813
1 16384
1 7608
1 6853
0.752277 12187
1 11133
1 16208
0.882539 5372
1 14349
0.131186 5153
1 12640
0.659241 16384
1 6946
1 9171
0 10422
0.715662 4878
0.772095 16384
0 13342
0.358236 8165
0 5342
0.212898 6280
1 4788
0.916572 15043
1 4328
0.601224 4574
1 16384
0.452781 8810
1 16129
0.764324 6772
0 10836
0 7471
0 15771
0.537292 16384
1 7508
0.136742 12871
0 13339
0 5052
1 8791
1 11296
0 5145
0 5020
0 9841
0 7754
0 7164
0.970295 15721
0 5935
0 4742
0.910121 6887
1 6152
0 5059
0 10445
0 12600
0 4778
0 6010
0 5040
0 15407
0 11364
0 4833
0 16384
0 12906
0 14203
0 12696
0 9195
0.0761719 16384
0 13622
0 5876
0 5215
0 9984
0 11048
0 5479
0 4251
0 9127
0 12575
0 5216
0 6449
0 4346
0 5347
0 5364
0 4227
0 5024
0 4267
0 7540
0 4717
0 5592
0 16384
0 4331
0 16384
0 13230
0 10714
0.963078 7394
0 5193
0 8771
0 11569
0 11107
0 13328
0 4913
0.217856 16006
0 4210
0 8647
0 11878
0 7479
0 4116
0 8070
0 4842
0 10905
0 5492
0 10616
0 4239
0 9430
0 5613
0.350519 5780
0 14826
0 6279
0 5756
0 16025
0 5912
0 10439
0 8083
0 11557
0 7711
0 11668
0 4794
0 13527
0 5702
0 6993
0 4993
0 5249
0 4424
0 11546
0 5909
0 6545
0 13575
0 11461
0 4746
0 12119
0 4656
0 8730
0 4524
0 6847
0 5264
0 4304
0 4933
0 15524
0 4306
0 7571
0 16384
0 10902
0 6183
0 7855
0 10408
0 4153
0 10167
0 7547
0 4956
0 8458
0 10247
0 10934
0.945057 4714
0 4843
0 5362
0 11808
0 16384
0 7761
0 16344
0 8045
0 11235
0 8177
0 6163
0.78654 4413
0 6403
0 8524
0.425208 4927
1 7350
0 7217
0 4993
0 15928
0 11512
0 8913
0 5844
0 16294
0 9112
0 4760
0 11392
0 8496
0 16384
0 5246
0 6083
0 9956
0 9070
0 8736
0 4591
0 9428
0 4667
0 10353
0 10206
0 4667
0 4772
0 13858
0 12214
0.962769 16384
1 12981
0 10337
0 12714
0 6289
0 7045
0 7641
0 5756
0 7165
0.592977 12417
0 5647
0.715359 8256
0 7228
0.709981 10720
0 4691
0.149238 15492
1 15492
0 7139
0 7141
0.448727 11624
0 7470
0 8592
0 10823
0 10247
0 7022
0 4845
0.58303 7684
0 7323
0.959202 9976
0 10093
0 9148
0 5435
0 10941
0 16384
0 5882
0 4987
0 8622
0.442227 9823
0 4384
0.539919 6175
0 13660
0 4648
0 12445
0 4239
0 4125
0 4941
0 6235
0 14844
0 6337
0 6234
0 8668
0 8316
0 9413
0 13476
0 4197
0 9429
0 8851
0 14563
0.845423 4949
0 10178
0 5708
0 4694
0 13110
0 6289
0 9215
0 4947
0 4403
0 6383
0 5233
0 7083
0 12326
0 5592
0 10047
0 7422
0 5557
0 6742
0 9563
0.829181 8149
1 6093
0 6097
0 9708
0 10128
0 6767
0 6055
0 16384
0 16384
0 6978
0 6005
0 5678
0 5095
0 12134
0 6984
0 6842
0 4694
0 6532
0 10768
0.149832 4752
1 16384
0.164897 11680
0 16384
0 16384
0 4409
0.552673 16384
0 7705
0 4760
0 9082
0 4848
0 4105
0.0193144 9889
0 16384
0 4830
0 15307
0.692848 14794
0 8390
0 5313
0 9154
0.776794 16384
1 16384
1 13506
0 5713
0 6396
0 10045
0.933855 9207
1 10429
0.285333 11250
0 5156
0.548459 6686
0 7817
0.137745 9474
0 7574
1 9975
0.836342 4210
1 7987
0 15251
0.297897 12172
0 16384
0 6244
0.696566 4805
0 4368
0.737119 5706
0 6298
0.770569 16384
1 7874
1 6501
0 10355
0 11722
0 15449
0.782136 12416
0 4850
0.632446 16384
1 7997
1 9280
0 5225
0 4373
0 11307
0 4346
0 6236
0.536702 9182
0 4254
0 10264
0 4569
0 8664
0 6572
0 10364
0 6249
0 5011
0 16384
0 7887
0.880637 9224
0 8568
0 16384
0 5701
0 15448
0.887085 16384
0.377123 12834
0 5352
0 12024
0 10063
0.786926 16384
0.542797 4276
1 16384
0 4218
0.524066 13733
1 5724
0 9659
0.71327 4220
1 5274
0.0461404 4573
1 16384
0 5675
0.742101 6045
0 9512
0.753085 8104
1 9319
0 6197
0.132019 16384
1 5878
0 6567
0 8324
0.0465074 5483
1 8547
0 7302
0 16384
0 5442
0 5310
0 6728
0 12929
0 6864
0 7248
0 8237
0 15530
0 14918
0 14364
0 8852
0.983398 16384
1 14560
0.747864 16384
1 14350
0.386822 5752
0 10031
0 5619
0 4110
0 6022
0 6694
0 9174
0.487677 6654
1 12865
1 5465
0 6172
0 5067
0 8480
0.469659 14749
0 8434
0 5882
0 9980
0.226241 8986
0.507836 5232
1 4418
1 5069
1 7935
0 10580
0 13419
0 16384
0 6212
0 4194
0.243996 7578
0 6723
0 4233
0 9147
0 5486
0 15240
0 10795
0 6542
0 9753
0 8654
0 5148
0 5066
0 5220
0 8584
0 7665
0 6933
0.0146862 7490
1 5248
0 11818
0 8835
0.735115 8683
1 7630
0 12550
0 12362
0 16384
0 13683
0.214477 15680
0 6502
0 7597
0 7594
0 8527
0 11158
0 6331
0 7568
0 4992
0 5211
0 11097
0 15174
0 7336
0 8637
0 14416
0 9127
0 4783
0 5236
0 5460
0 12792
0 9440
0 5627
0 9158
0 6796
0 16132
0 11901
0 6589
0 7923
0 5365
0 15531
0 5389
0.964966 11389
0 4845
0 5013
0.350624 7538
1 16384
0 7995
0 9271
0 5822
0 7260
0 6274
0 6301
0 6383
0 4398
0 5615
0.69633 15260
0 8713
0.706186 5626
1 16128
0 13062
0 11657
0 8360
0 6626
0 7978
0 9683
0 4359
0 7191
0 6746
0 8649
0 10702
0 9579
0.231864 12020
0 7827
0.940226 5939
0 6290
0 4199
0 4301
0 10114
0 10829
0 10377
0 9907
0 6157
0 12685
0 13187
0 13954
0 13345
0 4494
0 16384
0 7379
0 16384
0 5977
0 7224
0 7188
0 8613
0 6788
0 12453
0 9575
0 9432
0.547187 11126
1 8168
0 7122
0 16384
0.491028 16384
0 11715
0 10755
0 6741
0 5583
0 11737
0 4838
0 9177
0 8044
0 5075
0 7904
0 13914
0 15300
0 7555
0 9238
0 6058
0 8070
0 11009
0.600984 6501
0 6806
0 16348
0 9165
0 12793
0 10995
0 8467
0 7188
0 9164
0 9878
0 7152
0 5012
0 12394
0 6738
0 5918
0.10675 16384
1 9721
0 9080
0 4474
0.595735 9004
0 5076
0.643377 15400
1 5609
0.110493 6833
1 7776
0 9550
0.681379 6208
0 13679
0 5319
0.446472 16384
0 10710
0.401886 12404
0 16384
0.692604 12723
1 5746
0 5751
0 6243
0 6595
0 12290
0.923909 6098
0 6266
0 4719
0 5047
0 4298
0.558003 6991
0 7588
0.502502 16384
1 12381
0 6177
0.574168 10429
0 6392
0 7351
0.0729333 6883
0 4190
0 16384
0 7661
0 8331
0.450181 13248
0 16384
0.116225 11211
1 15752
0 4160
0 16384
0 8922
0 15455
0 13484
0.570618 16384
0 5062
0.464847 6557
0 5192
0 7210
0 7532
0 6529
0 4674
0 13729
0 4468
0.00976562 16384
1 8082
1 8360
0.636129 4650
0 4620
0.22998 16384
1 7862
0.707234 9704
0 4191
0.863586 8049
1 4797
0 5876
0 7018
0 6367
0.280378 14270
0.697242 5222
0 16384
0 8253
0.777667 10048
0 7221
0 9804
0 5045
0.187836 7448
0 5040
0 9640
0 6045
0 6367
0 16384
0 5368
0 6580
0 5061
0.919144 7433
0 11966
0 5521
0 6699
0 6565
0 4287
0 5528
0.0260788 15990
1 9086
0.308633 8259
0.48114 16384
0 9687
0.467984 15992
1 7202
0 6234
0 14887
0 16384
0.678925 10088
1 14431
0.918762 16384
1 5065
0 10152
0 5319
0 6290
0.852859 4669
0 5499
0.206868 6028
0 10535
0 6398
0.569563 6814
0 16384
0 11870
0 6305
0.84623 14073
0.214587 4511
1 8298
0.288999 10654
1 14160
0.779457 15285
1 5912
0.908615 10133
0 4622
0 15923
0 8097
0 13557
0 10488
0 6710
0 9137
0 16384
0 5826
0 5684
0 4938
0 12884
0 6849
0 4282
0 4821
0 6296
0 8834
0.806486 12273
1 7008
1 13502
0.508941 6934
1 16384
0 16384
0.433266 7395
0 5623
0 7568
0.119661 5081
1 5358
0 7483
0 5421
0 12137
0.554876 13412
0 8150
0 8211
0 4995
0 4507
0.0690796 9366
1 15349
0.732583 4263
0 13178
0 8885
0 9278
0 6076
0 7769
0 5359
0 5274
0.786786 7265
1 9400
0 5485
0 5128
0 9904
0.685974 16384
0 16384
0 13747
0 8041
0.470162 5932
0 5578
0.369934 16384
1 16384
1 5255
0.156913 7826
1 6560
0 4816
0 9432
0 6817
0.914208 9966
0.393708 6929
0.459534 4337
0 5952
0 11810
0.836899 9209
1 7694
0 16384
0 9712
0 12368
0.351312 14332
0 6322
0 16384
0 7082
0 13635
0 5219
0 11986
0 4303
0 7929
0 5414
0 4355
0 15814
0 16384
0 4781
0.140728 7113
0 4463
0.22377 7177
1 13695
0 16384
0 6598
0 10675
0 7135
0.415344 16384
0 8432
0 6848
0 8338
0 7132
0 7594
0 13622
0.819781 7502
0.615227 5372
0 5104
0.899821 6159
1 5376
1 4505
1 12260
0 6198
0.372528 7586
0 10379
0.21909 13620
0 16384
0 6996
0.479865 8890
0.271083 7518
0 5395
0.966086 12915
0.00374373 14157
0 11846
0.764826 12259
0 11953
0 6370
0.790505 13060
0 9885
0 9076
0.0985337 10230
0 9414
0.180481 16384
1 4231
0 6168
0 9176
0 16384
0 4418
0 9311
0 8628
0 11560
0 7489
0 9783
0 5434
0 5771
0 16384
0 5459
0 6053
0 12526
0 5564
0 16384
0 8346
0 5511
0 8090
0 10295
0 16384
0 8237
0 5752
0 5323
0 6462
0 4300
0 5245
0 4703
0 6853
0 7108
0 10736
0 7022
0 7120
0 5272
0 9185
0 10407
0 5502
0 7733
0 6333
0 6902
0 4491
0 6471
0 9617
0 4607
0 9330
0 8638
0 7137
0 9586
0 4674
0 4732
0 6886
0 4322
0 4954
0 5833
0 5861
0.919074 6611
0 16384
0 4434
0.888823 6782
0 4294
0 9667
0.0914917 16384
1 5055
0 6903
0.404684 11058
0 16384
0.79845 4128
1 16384
1 5115
0 12095
0.226566 4374
0 16384
0 13106
0.743224 7785
0 11336
0.0362978 9119
0.337317 7029
0 4111
0 6576
0 4469
0 9188
0.711714 9834
0 9398
0.756059 6891
1 8777
1 12263
0 9369
0 6819
0 5169
0 4863
0 6945
0 4279
0 7056
0 11222
0 10357
0 14425
0 12978
0 6111
0 4458
0 5975
0 12703
0 16384
0 4636
0 4378
0 4396
0 5794
0 7336
0 8164
0 6667
0 4601
0 4170
0 5410
0 8686
0 4207
0 7340
0 8040
0 6329
0 5608
0 8640
0 7918
0 4792
0 16384
0 10307
0.272949 16384
1 10881
0 13590
0.139611 4269
1 5206
1 12967
1 5020
1 7871
0.491033 12602
1 10099
0 7301
0.442461 7282
0.205356 7543
1 9306
0 8540
0 6977
0 6287
0 4271
0.205873 6402
0 4236
0 5821
0 9062
0 9184
0 13523
0.676845 10676
0 16384
0.622498 16384
0.730103 16384
0 12972
0.795265 14023
0 10249
0 16384
0.730957 16384
0 11725
0.252812 15561
1 7684
0 10703
0.659366 5707
0 10763
0.626404 16384
1 7168
0.652805 10268
0 11927
0.22644 16384
1 6204
0 9551
0 6578
0.580393 8191
0 7559
0.250742 9775
1 9033
0 6442
0.955833 8332
0 12185
0 7876
0 8992
0.631072 9655
0.715637 16384
1 15307
0 16384
0 4495
0 4840
0 13611
0 9296
0 5773
0 16384
0 5202
0.0718857 4688
1 11898
0 4475
0.891853 4124
0 10403
0 16384
0 6713
0 7407
0 16109
0 15747
0 6481
0 16384
0 14221
0 14152
0 10658
0.712891 16384
1 5410
0 8407
0 9822
0 4860
0 7443
0 6985
0.104054 8534
0 12057
0.429301 8812
0 4122
0 7012
0 5738
0.803764 11955
0 4696
0 7335
0.799701 4678
1 8415
0 16384
0 11925
0 11485
0 9720
0 9742
0.295531 8862
1 16384
0 10845
0 8847
0 9064
0.0803788 8236
0 8472
0 4483
0 4677
0 7928
0.160497 4106
1 5841
0.660696 10663
0 12088
0 6189
0 12946
0 5279
0 14851
0 15569
0 5555
0 4355
0 6196
0 8039
0 7858
0 4793
0.592788 8708
0 5431
0 9586
0 4637
0 6957
0 8635
0 10450
0.49473 9868
0 4809
0.883271 11848
1 12350
0 4664
0 6041
0 16384
0 7615
0.216025 6939
1 13038
0 5288
0 16384
0 4871
0 4317
0.169329 4695
1 5827
0.45868 15525
1 6444
0.719869 4580
1 8170
1 16384
0 5423
0 6618
0.934753 16384
1 8295
0 7061
0 16384
0 7346
0.402264 13076
1 7497
1 5707
0 9233
0.815918 16384
1 6004
0.418095 15982
1 16384
0.314087 16384
0.459927 11504
1 16384
0 5371
0 9953
0.149517 13985
1 4687
0 4759
0 5064
0 4252
0 13995
0 15661
0.451883 8365
1 16384
0 12404
0 15091
0.698714 14624
1 6511
0.448556 11673
1 16384
0 11264
0 15169
0.208376 4847
0.608816 15177
0.412627 12687
1 9403
0 10995
0 9219
0.763419 6036
0 16384
0 4882
0 8190
0.145817 6275
0.0308437 13228
0 5995
0 4195
0 16384
0 12137
0 8093
0 10329
0 6486
0 5354
0 5538
0.594519 4999
0 4362
0.691698 9215
0 5147
0 6507
0.856736 13702
0 6172
0.446129 11082
0 7940
0.402206 5348
0 6391
0.884418 16153
0 6427
0 6268
0 4895
0.262476 11342
1 5437
0.323598 11505
0 9824
0 11326
0.176923 5720
0 5863
0.236686 9257
0 11363
0.501015 6898
0 9450
0.501095 4109
1 12025
1 15103
0.163152 6117
0 16384
0 6530
0 13974
0.441502 6231
0 6149
0 5002
0 6662
0.729676 6089
0 11537
0 7963
0.0441449 5935
1 5309
0 5856
0.95236 11146
0 4976
0.0537734 4333
0.191817 9556
1 7132
0.774576 9196
0 5987
0.145193 7707
0 5937
0 10204
0 9961
0 5160
0.887541 7256
0 5601
0 4752
0 14918
0.92156 4768
0.4528 6769
1 9196
0 8295
0 10976
0 7465
0.401173 4776
1 11003
1 13217
0.687439 16384
1 16384
1 12477
0.43707 11179
1 13093
0.238049 14413
1 10211
1 4540
1 7700
0.235953 6514
1 16384
1 4493
1 9202
1 7163
0.0390015 16384
1 5269
0 8806
0 10675
0.922729 16384
1 10598
0 16384
0.87085 16384
1 7566
0.707437 12828
1 16384
0 10459
0.0521156 7752
1 16384
1 7713
0.919617 16384
0.0763381 6969
1 6570
1 5210
0.935107 4361
0.0862107 4489
1 5196
0.778259 16384
1 6272
1 7173
0 6914
0 6640
0 8063
0.226759 5486
1 10995
0 7752
0.554596 4863
0.918884 16384
1 16384
1 8013
1 16384
0 5853
0 8310
0 5531
0 11497
0.383849 7925
0 16384
0.146684 10042
0.380815 13479
0 13559
0.876321 10317
1 16384
0.151337 9198
0 10367
0.0608344 9156
1 16384
0 7205
0.488545 4845
1 16384
0.927284 12487
0.655124 5025
0.518571 4227
0 6955
0.958724 14076
1 8264
1 16384
1 7961
1 16384
1 9011
0 4561
0.826195 16156
1 8640
1 10811
1 10488
1 4151
0.312589 6315
1 14548
1 16384
1 7626
1 6863
0.300374 4551
1 16384
0.954041 16384
1 5427
1 16384
1 14465
0.928535 9907
0 7201
0.860352 16384
1 11742
1 16144
1 9514
1 13366
1 10090
1 7763
0.951611 9713
0 5794
0.962708 16384
1 4936
1 10054
0.421328 10887
1 6873
0 7263
0 4801
0.718176 4957
1 8936
0.686484 7502
1 14058
1 4403
0 16384
0 4214
0 4369
0 9186
0.165082 7469
1 7869
1 10698
1 16384
1 11278
1 15971
1 9162
0.289729 5053
0 8906
0.874373 4983
1 12032
0 7405
0 16384
0 4521
0 12702
0 4259
0 4514
0 11707
0 11358
0 12443
0 13106
0 4379
0 4622
0 11005
0 15102
0 11360
0 4132
0 6821
0 12658
0 8456
0 9453
0 4205
0 6984
0 5801
0 12187
0 5946
0 7910
0 4382
0 7223
0 11757
0 12699
0 8248
0 10379
0 4203
0.0753777 11847
1 4650
0 4867
0.726364 4601
0 16384
0.670862 10011
0 7307
0.776669 5212
1 15057
0 8794
0 10124
0.75039 4491
0 16384
0 6790
0 5650
0 4650
0 7416
0.494751 8287
0.938162 8215
1 16384
1 12910
0 9048
0 4745
0.634726 7274
1 12832
0 6290
0 4400
0.959036 10253
0 7144
0.564439 6867
0 5053
0.0839277 8412
0 10944
0.18576 5281
1 10902
1 16384
0.0424156 9124
0 6575
0 5713
0.7477 7499
0 7540
0 9761
0.399384 7469
1 10409
0 6286
0 8146
0.177113 6685
0 16384
0 4450
0 8112
0 4125
0.157924 8979
1 11276
0 8215
0.546553 5961
1 16384
1 9174
0.140015 16384
1 16384
1 8632
1 9685
1 16384
0 4117
0 8546
0 15930
0.548734 9480
0.218065 12189
0.0719877 6515
1 15061
0.202559 5001
0.709637 8021
0.871312 8439
0.0792236 16384
0 8115
0 5494
0 5317
0 6420
0 4230
0 7413
0 4107
0 6101
0 4338
0.865725 7291
1 9906
0.458558 8156
1 10240
1 15059
0 11242
0 4155
0.866634 4109
1 4148
1 15247
0.278 4500
0.840284 13117
0 8308
0 9857
0 7544
0.185059 16384
1 5618
1 8298
0.850879 5063
1 15989
0 9059
0.428442 8811
1 16384
0 5392
0.661863 9922
1 9222
0 11011
0 8152
0.780105 7781
1 8216
0.78582 7405
1 4239
1 8900
0 10162
0.947937 11390
0 5562
0.121067 9631
1 6836
0.168945 16384
1 4233
1 8273
0 8647
0 4968
0.0971456 14504
1 16384
0.642826 4656
1 6871
0 12842
0 9191
0 5233
0 5085
0 11048
0 10441
0 5843
0 7182
0 10401
0.158982 15876
1 10112
0.454159 4941
1 7355
0.42643 7204
0 12010
0 4156
0.442143 14147
1 9013
0.49553 5257
0.623199 5276
0.0296387 4926
1 7165
0.0277919 7844
1 9570
0 8742
0.424197 8621
0.437162 11824
1 15945
1 12365
0 6429
0 6270
0.405089 12143
1 16384
0.579764 9409
0 8153
0.886306 10968
1 16384
1 16384
0 15748
0 16384
0 5496
0 16384
0 7650
0 11703
0 13442
0.21848 7511
1 4614
0.525085 16384
1 8023
0 8207
0.138916 16384
1 4451
1 16384
0 9593
0.545473 5058
1 15466
1 5670
1 8360
0 7059
0.314636 16384
1 16082
0.237693 8532
1 11251
0 4254
0 6346
0.782393 9053
1 10045
0.418358 9511
1 4697
0.547913 16384
1 6794
0 4930
0 11181
0 6106
0.804161 7210
0 7517
0.927548 8585
0.737351 6720
0.193068 6376
0.509039 4591
1 7842
0.14716 5511
0 5519
0.884301 4408
0.483967 6050
1 13152
0.510815 7212
0 8735
0 6900
0 12176
0.891902 5236
1 16384
0 5307
0 9289
0 5407
0 8843
0 4970
0 12012
0 6600
0 7988
0 9334
0.0116878 9326
1 16384
1 9524
1 5604
0 11427
0.726697 4420
0.322238 4326
0.585532 15386
0 9945
0 4227
0.973124 12018
0.651893 13470
1 10405
0.300021 14149
1 14017
0 11244
0 6702
0 9730
0 6576
0 4297
0 7074
0.370224 4554
0.351942 5356
1 6803
0 4437
0 4957
0 6904
0.242687 4376
1 8820
0 5031
0.87192 4505
1 14175
0 10281
0 7754
0.768949 12032
0 6004
0.631628 10750
1 12472
0.885398 5602
1 16384
1 7100
1 8380
0 4572
0 6777
0 7466
0 11117
0.745929 12158
0 4290
0.888533 5302
1 11849
0 10725
0.485415 9153
0 8958
0 6081
0 8565
0.70289 11107
0 12050
0 6718
0 15920
0 16384
0 5228
0 16384
0 14230
0.583904 15482
0 5693
0 7558
0 13903
0 5880
0 6161
0 5768
0 15109
0 12022
0 16384
0.292501 9535
0 7286
0 6108
0 4133
0 16384
0 5621
0.458824 9095
0.372438 7220
1 7816
0.975281 16384
1 5486
1 10063
0 11709
0 11233
0 7422
0 7276
0 10798
0.505854 5466
0 5407
0 4130
0 16384
0 5030
0.625709 11280
0.874173 7558
1 10175
0.626533 5789
1 7847
1 15156
0.569002 6594
1 5427
0 6276
0.440541 5836
1 4478
1 16384
0 14744
0 7798
0 13461
0 4693
0 11513
0.681969 9955
0 14763
0.836576 7453
1 7986
0 4713
0.780556 7200
0 10500
0.933395 16200
0.639583 7766
0.526575 12568
1 12432
0 12182
0 8975
0.681946 16384
1 5932
0.881716 10982
0.0209067 4544
1 16384
1 10037
1 13648
1 7684
0 16384
0.152321 7668
1 5410
0.876407 13059
0.687317 16384
1 7044
0 8955
0.558044 8304
0 4287
0.851198 5887
0 15841
0 6258
0.543438 5456
0 16384
0.557877 6367
1 12558
0 6392
0.36853 5294
1 10983
0.349564 5853
1 8960
0.969395 8430
0 6449
0 13158
0.92916 5336
0 5019
0 4307
0 4877
0 7108
0.678693 8786
0 9493
0 16384
0 16384
0 12961
0.586692 13721
0 5143
0.338452 9768
1 16384
0 4864
0 11550
0 4599
0.604687 7126
1 16384
0.494743 6468
1 6421
1 8018
0.919565 6900
1 9827
1 10588
0.697361 6820
1 4691
0.547751 5424
1 16384
1 6183
1 15048
0.773009 9855
0 10763
0.893679 4129
1 5386
1 9112
0.886245 4791
0.755595 11395
0 6407
0.679053 8235
1 16384
0 4500
0 4123
0.646353 7581
1 13881
1 7132
0 4204
0.221287 8080
1 14012
0.64239 16216
1 10045
0 6970
0.270649 5775
1 10900
1 7656
0 7207
0.16333 16384
1 16384
1 6183
0.775851 6344
0.792982 6840
1 12004
1 15100
1 7229
0.694746 7194
1 5983
0 14152
0.641677 13312
0 6284
0 5691
0.257097 14831
0.736651 4963
0 8066
0.497957 11260
0.716681 9124
0.281816 7292
0 7646
0 4955
0.237959 7350
0 7975
0.24939 16384
1 6171
0 14360
0 13702
0.527683 7622
1 10250
0 4293
0 10242
0 4420
0.0367036 5776
0 4646
0.0595546 5793
1 14637
0 7752
0 11221
0 14069
0 10647
0 4346
0 9517
0 7629
0.462683 12032
1 14475
0 5489
0.414823 5154
1 15434
1 10186
1 8470
0.469788 16384
1 4389
1 11232
0 12544
0.918757 5022
1 10144
0 7013
0.627271 11448
0.0655316 12040
1 12078
0 5717
0 6160
0.589233 16384
0 4305
0 4912
0.771223 11509
1 16384
1 5693
0.164794 9612
0.378814 5768
0 8755
0.631133 10375
1 13591
1 11933
0.670105 16384
1 9270
0 5142
0 15451
0 4936
0.965453 13460
0 7818
0 10893
0.0171509 16384
0.654855 5221
0 8136
0 5457
0 4525
0.74546 15915
0 16384
0.564505 7139
0 9867
0.0243925 10946
1 16384
0 4166
0 5652
0 4537
0 4622
0 7926
0 5582
0 7601
0 5140
0.841265 7081
0.174983 5812
1 11771
0.378977 7858
0 5655
0 6528
0.510115 5042
1 11418
0 16384
0.118334 10183
1 13223
0 15550
1 8376
0.280199 6631
1 7936
0.931936 14075
1 9184
0.132374 14172
1 6678
0.735744 7190
0 5977
0.443928 12252
1 9062
0.600961 7285
0.128092 15645
1 10623
1 16384
1 6995
0.577503 5103
1 12677
0.254937 4456
1 16384
1 14547
1 10570
0.870465 4879
1 6358
0.918475 9494
0 5017
0.284491 14250
1 4845
0 9194
0 13147
0.521669 10499
0 5088
0 8994
0.104858 16384
1 7577
0 8280
0.206561 5761
0 12010
0.922919 12143
0 6247
0.245516 5743
1 5622
0.00463867 16384
1 8884
1 16384
0 13099
0 4117
0 7902
0 9133
0 6027
0 6472
0 4953
0 16384
0 12237
0 10885
0 4369
0 16384
0 5202
0 7505
0 4629
0.466357 9036
0 9831
0 11719
0 7328
0 6428
0 5924
0.744145 5636
0 4770
0 8413
0.364953 8697
1 9043
0 6961
0.70211 11897
1 9765
0.635839 4682
0.748596 4451
0 16384
0.661937 14447
1 7064
0.916524 9356
0 4328
0.927239 6542
1 10658
0.867326 9399
1 13719
0 8059
0 11841
0 6159
0 16384
0 8643
0 10150
0.239507 10793
1 8143
0.660014 7015
0.60824 13544
1 4132
1 8843
0.455575 5830
0.647888 16384
1 6469
0.816589 16384
1 4440
1 4172
1 14092
0 5758
0 8730
0.548819 6647
0.404592 6708
0.751282 16384
0 6394
0 6678
0.938716 7865
0 11838
0 12878
0.409538 15769
1 5501
0 11647
0 9760
0.313026 6418
0 6144
0.404204 7850
1 10676
0 7408
0.537298 4960
0 6913
0.577017 9024
0 5358
0.94842 12117
1 8499
0 16384
0.0152397 8071
1 15284
0 11325
0.878213 6224
0 7642
0 10185
0.724735 6521
0 5819
0 10080
0 10856
0.22058 5209
1 5942
0 8165
0.854997 8455
1 15545
0.815552 16384
1 11880
1 8193
0 4950
0.469332 15456
0.271891 10975
1 12849
1 5615
0 7516
0 5048
0 16384
0 5400
0 8461
0 7353
0 8448
0 11700
0 6363
0 7066
0 6992
0.550287 5399
1 5716
0.582869 11663
0.189819 16384
1 6341
0.776367 16384
1 16384
0.771719 7079
1 12160
0.71539 14613
0 11163
0 6459
0.947754 16384
1 6690
0 7292
0 4295
0 10334
0 8331
0.723381 10932
1 6803
0 6424
0.404779 5566
1 16384
0 8378
0.413075 8168
1 13992
0 16384
0 12084
0.431139 4618
1 13553
0.173864 6160
0 16384
0 4534
0 6751
0 9754
0 16384
0 4583
0.976218 6055
1 9405
0.612063 5604
1 5723
1 8066
0 9530
0 6053
0 5089
0 4553
0 15704
0 4737
0.591462 7402
0.47418 4880
1 9204
0.969564 6144
0 6292
0.909803 4468
1 6278
1 4187
1 9001
1 12535
0.964724 5216
1 11410
0 7720
0 8097
0 10957
0.508469 6199
1 10159
0.335244 4361
1 7754
0.894673 4918
1 12803
1 7297
0 5135
0 10702
0 4562
0 11758
0 11303
0 13311
0 5697
0.595492 6477
0 11185
0 11141
0 10353
0.448875 12665
0 7264
0 9562
0 4750
0 15530
0 12909
0.269002 9762
1 6411
1 8407
0 10887
0 10977
0 5748
0 16136
0.611406 8469
0.762024 16384
1 5007
1 7226
0 7650
0.510722 10446
0.761418 6853
0 8036
0.0529565 4211
1 7114
0.921975 4396
0 5793
0.96635 8113
1 13852
0.95855 11918
1 7039
0 6668
0 11898
0 5250
0 8288
0 8728
0.697755 4321
1 11165
0 8384
0.107096 13810
0 10241
0.0591302 7289
1 7979
0.813926 15338
1 16384
0 5066
0 6933
0 5732
0 12250
0 5442
0 4653
0 10596
0 16384
0 8912
0.968384 16384
1 10388
0 8998
0.666168 4679
1 12775
0.298583 7271
1 16384
1 4474
0.419921 12981
0 4605
0 9899
0.910467 9315
1 7475
0 15057
0 6507
0 10837
0 16384
0 8287
0 14562
0.211789 7210
0 15778
0.446989 8385
0 13181
0.621121 7670
0 6817
0 6902
0.151183 12045
0.776229 12410
0.244406 7418
1 9804
1 7062
1 13610
0.979617 12069
0 5725
0 11552
0.743237 9242
0 9732
0 16384
0 8629
0 13535
0.41102 16279
0 6387
0 4869
0 4275
0 10126
0.992278 9324
0 5053
0 8496
0 4120
0 4410
0 9989
0 13699
0 8093
0.910388 6238
0 9262
0.0966496 10357
1 5682
1 7475
0 5559
0 7547
0.438132 11371
0 6444
0 4410
0 8010
0 11048
0.0666802 9883
0.0201416 16384
0 16384
0 16384
0 5781
0 7558
0 9007
0.430824 6469
1 6255
0.49184 14767
0 4651
0.975292 11899
1 5649
0 11980
0 4898
0.941176 13311
0 9608
0.788574 16384
0 6875
0 8608
0 6384
0 11489
0.975891 16384
0.931744 5787
1 7269
0.647118 14903
1 16384
0 16384
0 9090
0 4446
0 7861
0 4472
0 8490
0 5782
0 7156
0 16384
0 5833
0 5548
0 9572
0 8664
0.583251 14126
0.260909 6623
0 14741
0 10607
0 7232
0.258873 6903
1 11293
0 5623
0.745951 10065
0 4978
0.57666 16384
0 4611
0 16384
0.272905 4606
1 12241
0 4749
0.955078 16384
1 14969
1 4514
0.517675 5799
0.040178 7641
1 8527
0.566127 7168
0 5559
0 7277
0.187653 13882
0 5752
0.7864 13338
0 7978
0 4257
0 12261
0 8977
0 10429
0 4479
0.509288 13297
0 10131
0 4536
0 4979
0 16384
0 6406
0.0743629 8593
0 8065
0 6010
0 6210
0 10129
0 11846
0 4537
0.614136 16384
1 4607
1 7348
0 6147
0 4250
0.659125 5348
1 14744
0.578308 16384
1 15444
1 5015
1 7291
0.253023 16374
1 8763
0 5896
0 6233
0 10769
0 6720
0 5399
0 13889
0 5543
0 5109
0 6581
0.216977 16375
1 8224
0 9280
0 15593
0 4970
0 4878
0 4947
0 9168
0 4233
0 6061
0 16056
0 13106
0 7194
0 5835
0 10798
0 8334
0 9392
0 4711
0 13897
0 16384
0 4672
0 4492
0 11540
0 15943
0 9648
0 8485
0 13288
0 5700
0 9334
0 9841
0 16198
0 9491
0 8942
0.66041 12839
0 12261
0 4700
0 9564
0 5393
0 8222
0 5956
0 4119
0 16384
0 5153
0 15049
0 6891
0 9044
0 8486
0 16384
0 5917
0 11079
0 7937
0 16384
0 10640
0 6304
0 6143
0 8174
0 16384
0 4527
0 7205
0.879614 13681
1 16384
0 5621
0 8087
0.506348 16384
1 13621
0 16384
0 16384
0 16384
0 16384
0 16384
0 4294
0.141514 7766
1 9947
0 13587
0.24558 11707
0 5137
0.794951 4872
1 16384
1 15210
0 13737
0.810811 6179
1 12934
0 16384
0 9267
0.58486 5403
0 4506
0 16384
0 13249
0 6832
0 8901
0 5874
0 5641
0 4440
0.892811 12408
0 9465
0 5337
0 10663
0.359475 7842
1 11171
0 6584
0.436811 4716
0.392247 4566
0 16384
0 4495
0 9394
0.469907 10185
0.155857 8187
1 16384
0 5717
0.467834 16384
1 4449
1 10984
0 9063
0 10918
0 5472
0.330984 9224
1 5288
0.954468 16384
1 5418
0 7813
0 7999
0.827291 6896
0 7237
0 4504
0 4169
0.0305136 12519
0 5335
0.958626 8677
0.0953986 7715
0 15692
0.873709 8037
0 10705
0.079657 14462
0 5630
0 8933
0.942301 5910
1 7296
0.0824157 8627
1 8293
0 7335
0 16384
0 6023
0 16384
0 11203
0 4346
0 9197
0 4296
0 14405
0.427856 16384
1 8509
0 5871
0 8001
0 6492
0 6661
0.387606 12554
0 6291
0 8653
0 4834
0.664566 6982
0 9573
0 8160
0.37108 13935
0 9583
0 5282
0 16384
0 8957
0 6040
0.821656 4867
1 12382
0 6279
0 4386
0 7953
0 16384
0 4938
0 7587
0.611082 5649
0 12446
0 4716
0 6640
0.397639 14317
0 7522
0 7681
0.501601 11555
0 6636
0.288624 6971
0.0908299 4591
1 6641
0 13833
0.604797 15802
0 16384
0.595451 10419
1 4305
0 14147
0 6259
0.807111 6413
0 7650
0 5080
0 12446
0 7893
0 7346
0 6179
0 8118
0.169898 5209
0 10646
0 10222
0 12788
0 5471
0 13358
0 6986
0.468797 9951
0.389413 11127
0 4796
0 6300
0 10255
0 5682
0 5917
0 12197
0 9030
0 6276
0 9309
0 15948
0 5299
0.120029 15113
1 9599
0.801406 4980
1 11850
0 16384
0 15946
0 5808
0 12168
0 11085
0 7742
0 12740
0 11255
0 5404
0 4106
0 10541
0 7312
0 11595
0 6042
0 6038
0 9971
0 16384
0 5477
0 7454
0 14698
0.759847 12313
0 10725
0 8013
0.141891 9317
1 9807
0 5567
0 10582
0 16384
0 5542
0 14192
0 10443
0.884339 13064
0 9230
0 4191
0 8596
0 6266
0.819199 6615
1 14245
0 5379
0 4570
0 9417
0 8081
0 9597
0.299906 7439
0 10530
0.918443 14775
1 9992
0 5145
0.340698 16384
1 15432
0 4934
0 4174
0 4314
0 8629
0.585377 4404
0 7048
0.713562 16384
1 16384
0 5795
0 12477
0 5707
0 9128
0 8291
0.368893 6140
1 7251
0 7966
0 4947
0 11937
0 4956
0 4187
0 4396
0.636702 7531
0.49774 10841
0 9111
0.472291 8120
0 10365
0 5257
0.739905 13076
1 5171
0 9034
0 11660
0 10209
0 9813
0.843768 10478
0 12893
0 8448
0.663895 8057
0 5633
0 13012
0 10687
0 4419
0 7082
0 8257
0 11148
0 5863
0 4653
0 6857
0.926732 9008
0.0350858 9206
0 8658
0 8897
0 16384
0 10172
0 9168
0 12076
0 10569
0 12611
0.604461 10760
1 11124
0 4444
0.912746 11094
0 13233
0 7077
0 7504
0.824173 7314
0 6551
0 4229
0 4819
0.813222 12116
0 6645
0 6011
0.403194 10020
1 11165
0 5142
0 5423
0.161064 11393
1 16384
0 6182
0 8666
0 6816
0 9181
0.668063 4775
1 4564
0 16384
0 7772
0.654519 5543
0 9760
0 15946
0 16384
0 5259
0 16384
0 6991
0 6402
0.0177274 6882
1 16384
0 9939
0 4122
0 4613
0 14576
0 16384
0.0380642 7356
0 13036
0.417638 13210
0.349011 9759
1 4813
0 6016
0 16384
0 5446
0 5177
0 8167
0 11226
0 8020
0 8169
0 7669
0 8401
0 15250
0 9609
0 5105
0 6802
0 5851
0 5598
0.559364 4902
0 4218
0 4667
0 5195
0 11258
0 7691
0.729221 4993
1 10199
0.0682983 16384
0.406465 10023
1 13516
0 8650
0 4319
0.693443 8602
1 9762
0.247394 5372
0 7806
0.91663 6849
0.108869 4262
1 7581
0 8577
0.437379 4120
1 6884
1 6943
1 8628
0 8294
0 10393
0 4763
0.305102 8017
0.204904 6281
1 12602
0 6287
0 11160
0 13683
0.614963 8033
0 11160
0.55305 7804
1 14677
1 10652
0 8612
0 5785
0 6764
0 6911
0.908081 16384
0 5860
0 4892
0.64225 15659
0 7400
0 6683
0 16384
0 6069
0 4357
0 6883
0 16384
0 15531
0 16384
0 8756
0 5038
0 7182
0 4327
0 16384
0 5861
0 14701
0 4632
0 5933
0 5082
0.575392 8615
1 8073
0 16384
0 7075
0.870894 12269
1 8156
0.768696 7475
1 16384
1 6086
1 4301
0.634277 16384
1 9496
1 11846
0 5175
0.818413 13349
1 11155
1 5365
0 4136
0 5968
0 9351
0.382754 7561
0 16384
0 16384
0.72769 6970
0.240051 16384
0 6537
0 10913
0 4847
1 11984
0.395391 6596
0 4235
0 5342
0 14144
0 5585
0 16384
0 9848
0 12306
0 4500
0 10841
0 4935
0 4180
0.371795 10296
1 4958
0 5101
0.944193 8619
0.446027 8495
0.441732 9954
1 6660
1 5277
0 8798
0.300928 4526
1 10566
0 12032
0 8162
0.924595 8262
0.101912 8841
1 16384
0 6622
0 5849
0 12256
0 4191
0 8390
0 14092
0 6230
0 4899
0 7960
0 9340
0.868256 12919
0.373065 4975
1 16384
1 12400
1 10821
0.443178 12812
0 16059
0 5012
0.245598 6531
0 10783
0 8853
0 4214
0 5161
0.682696 7923
0 7202
0.870265 12618
0 6612
0 14297
0 10305
0 7095
0 7032
0 5130
0 4582
0 11789
0.791943 6181
0 5741
0 4630
0 7654
0 5436
0 6893
0 7136
0 4540
0 5352
0 8675
0 8022
0 4408
0 4695
0 4100
0 7288
0 4779
0 14717
0 7552
0.603166 7013
0 7578
0 4271
0 6713
0 7191
0 15456
0 6740
0 14733
0 6599
0 6518
0 7958
0 9347
0 5516
0 16384
0 5979
0 12391
0 6340
0 5247
0 16322
0 6235
0 14768
0.965462 15056
0 5320
0 4149
0.00705379 7939
1 14972
0 11819
0.399115 15602
0 4344
0 10537
0.799177 6558
0 7602
0 6702
0 5118
0 5879
0.610044 8483
1 8224
0 16384
0.248962 16384
0 6446
0 6912
0 5112
0.1996 11488
0 6348
0.211085 11204
1 13821
0 16384
0 14031
0 4440
0 9277
0 9952
0.489356 6905
1 16384
0.244053 9416
0 6235
0 16384
0 4499
0 12080
0.626125 6002
1 7591
0 7451
0 7724
0 8431
0 8953
0 9292
0 15194
0 15414
0 6725
0 5400
0 11566
0 9635
0 7980
0 5540
0 11531
0 7040
0 11421
0 8583
0 14413
0 4820
0 10152
0 4654
0 7963
0 8673
0 6297
0 12136
0 16384
0.781133 4272
1 11860
0 8184
0 11571
0 10397
0 6271
0 5523
0 5251
0 9123
0 9572
0 7673
0 6279
0 6943
0 6590
0 10993
0 9770
0 4384
0 5517
0 4125
0 5740
0 12884
0 4908
0 8730
0 5359
0 6521
0 6223
0 7569
0 16384
0 8823
0 9099
0 10082
0 13284
0 7447
0 5734
0.664665 7992
1 9118
0 7130
0 13311
0 5238
0 8528
0 6378
0 5088
0 6599
0 16384
0 7096
0 10750
0 10886
0 5665
0 4559
0 6238
0 7296
0 11847
0 5530
0 5770
0 4284
0 4217
0 9688
0 7934
0 8641
0.8501 15477
0 12342
0 10126
0 8945
0 7188
0 11843
0 4606
0 6942
0 13589
0 7126
0 5660
0.585644 4291
1 8453
0 5446
0 10053
0 7451
0 4317
0 6733
0.0519418 6257
0 7333
0 5507
0 8622
0 16370
0 16384
0 9347
0 4732
0 4159
0 16384
0 4533
0 13130
0 13081
0 5605
0 5649
0 4284
0 13630
0 5688
0 14555
0 6707
0 7007
0 4773
0.81156 6713
1 6076
0 12824
0 6205
0 7551
0 7588
0.956055 16384
1 11518
0 8087
0 8510
0 7736
0.0343807 7097
1 14794
0 6508
0 10900
0 10056
0 5990
0 16384
0 10797
0 16384
0 11525
0.510667 4500
0 6102
0 5267
0 7530
0 11200
0 14291
0 5651
0 6082
0.464048 9624
0 11611
0 5873
0 7406
0 7732
0 5681
0 5626
0 5587
0 12333
0 7501
0 16384
0 6204
0 9032
0 4422
0 5369
0 15263
0 10485
0 10065
0 5086
0 10180
0 4234
0 13986
0 16384
0 7353
0 6384
0 8746
0 8031
0 11871
0 10697
0 6261
0 4463
0.807983 16384
1 8778
0 5312
0 4197
0 6259
0 4214
0 7056
0 4849
0 5415
0 5833
0 4595
0 10339
0 16384
0 11887
0 5641
0 6382
0 5563
0.85218 13902
0 8056
0.583279 12320
1 10537
0 16384
0 7648
0 5506
0 16384
0 7392
0 7581
0 4267
0 14717
0.222127 5821
0 16384
0 5578
0 5304
0 7759
0 16384
0 10919
0 16384
0 7243
0 4673
0 13172
0 5809
0 6631
0 12465
0 9638
0 6168
0 10851
0 4633
0 9530
0 8661
0 10119
0 4969
0 8982
0 9715
0 8617
0 16384
0 16384
0 12828
0 6682
0 6862
0 16384
0 10370
0 9102
0 16384
0 4853
0 11767
0 16384
0 9035
0 4150
0 10081
0.902367 13817
0 6457
0.425153 8150
0.569854 9255
0.886519 9940
0.0680928 9957
0.28025 5281
0 9415
0 6600
0 5667
0.61206 14809
0 6181
0 6910
0 6151
0 8594
0.404597 15314
0 16384
0 6129
0 16384
0.778243 5488
0 11720
0 7591
0 7126
0 16384
0 5889
0 11958
0.486579 5812
0 11881
0 10836
0.571438 14817
1 14005
1 11599
0 6739
0 8994
0 5147
0.84774 9602
1 13162
0 11355
0.0207414 10655
0.0969612 9313
0.73122 13658
0 10809
0.483258 8900
0.192935 5152
0.468345 4170
1 12404
0 7598
0 4759
0 4864
0.316833 16384
1 13188
1 16006
0 5231
0 8404
0 5896
0 7221
0 8383
0 16384
0 5992
0 5467
0.266408 14718
0 11247
0 7999
0 16384
0 13578
0 5644
0 10222
0 15412
0 4604
0.805359 16384
1 6375
1 4268
0 7850
0 7157
0.321737 4628
1 16384
1 11011
1 8776
0 12000
0.498474 16384
1 7736
0 12759
0.618431 9419
0 10787
0.0660488 10250
0 6788
0 5048
0 6733
0 13373
0 5844
0 6402
0 6972
0 4984
0 6978
0.565122 8246
0 12549
0 9940
0 10827
0 12808
0 5057
0 6271
0 14150
0 11487
0 6254
0 6202
0.814991 9486
1 10746
0 14330
0 12863
0 4791
0 9486
0 7397
0.645571 7079
0 5975
0 5246
0.870218 10194
0 9490
0.722054 10556
0 5030
0 8101
0.639793 11027
1 16384
0 4561
0.515807 13633
0 4823
0 5694
0 4171
0 12095
0 9485
0 13065
0 15014
0 10749
0.29417 6792
0 7808
0.664368 16384
1 9057
0 4432
0.200119 11718
1 16384
0 9751
0 8737
0.450583 12273
0 4114
0.077539 12613
1 16384
0 4643
0 4297
0.840206 9531
0 16384
0 12659
0.170303 10816
1 7267
0 9120
0.549986 10633
1 15604
0.779649 7302
0.807495 16384
1 5050
0.896973 16384
1 7979
1 8358
1 8928
0.638768 15126
0 10513
0 10134
0 4217
0 6420
0.233667 9582
0 8258
0.234436 16384
1 5323
1 6377
0 16384
0 8588
0.393005 16384
1 12703
1 5501
1 5521
0.775339 7380
1 16384
0.90281 7758
0.865166 4843
0 11212
0 13966
0.0104044 5094
0 10846
0.608898 5597
0 7117
0 8537
0.170783 12308
0 7281
0 6540
0 5802
0.0753958 11685
0 4826
0 4676
0.677681 15525
1 16384
0 9332
0 5048
0.564596 5248
0 6085
0 8498
0.0387672 6165
0 6381
0 10109
0 11457
0 5073
0 9785
0 10303
0 10181
0 11185
0 9093
0.633299 4835
0 6076
0 6622
0.383658 4822
0 11424
0 10977
0 9885
0 7126
0 11504
0.211135 16255
0 13370
1 6020
0 5003
0 8899
0 12337
0 10816
0 10004
0 6644
0 5445
0 7160
0 6334
0 16384
0.44325 6511
0 12387
0.528238 13687
1 12167
0 16384
0 4378
0 4477
0 8287
0 5389
0 5524
0 4122
0.939514 16384
0 4260
0 4972
0.140289 4284
1 6132
0 4885
0.261623 5829
0 9098
0.330477 7701
1 6534
0 9221
0 16384
0 7178
0.853455 16384
1 7610
1 7984
0.152294 12292
0 9863
0.755469 4343
0 4822
0 10506
0.943377 9572
0.185984 13485
0 5262
0 10609
0.479675 16384
1 9396
0 4576
0 4493
0 12371
0 12731
0.693366 8065
0 9877
0.65663 7971
0.674821 7522
0 4123
0 8834
0.313564 11921
0.20261 12492
1 16384
0 8373
0 5837
0.977336 16193
0.466864 10472
1 16384
0 16384
0.250489 13809
1 11912
0 4555
0 8795
0 16384
0 7176
0 6675
0 6459
0 5663
0 4192
0 5697
0 6363
0 6823
0 4521
0 4613
0 5786
0 16384
0 5870
0 9900
0 5005
0.0119979 5751
1 14136
0 4603
0 5680
0.0877103 5826
0 11754
0.838577 8964
1 8411
0.171572 4179
1 11292
1 9330
0 9817
0 9097
0 6370
0 8972
0 10483
0 5222
0 5074
0 5852
0 4735
0 4150
0 12126
0 8899
0 5754
0 4734
0 6489
0 16384
0 4585
0 16384
0 14072
0 10929
0 8793
0 4350
0 12923
0 6271
0.947388 16384
0 8318
0 5687
0 16384
0 7219
0 4182
0 7402
0 6645
0 8119
0 5237
0 4941
0 4225
0 12329
0 6008
0 10557
0.944774 13997
1 13318
0 12724
0 13270
0 8609
0 6610
0.339623 11077
0 13521
0 5400
0 6827
0 11283
0 4459
0 6877
0 4819
0 6917
0 5103
0 6336
0 4802
0 4487
0 13208
0 7509
0 4941
0 8406
0 6269
0 4535
0 4685
0 10735
0 10368
0 8634
0 8721
0 8497
0 16384
0 8547
0.17661 11817
1 13257
0 16384
0 5875
0 9620
0 16384
0 5475
0 7507
0.0897071 13009
1 8285
0 13058
0.156843 15659
1 11949
0 13968
0 13867
0 15157
0 11125
0.42189 7419
1 9082
0 7190
0 12961
0 6642
0 4481
0 14297
0 5999
0 5061
0 4878
0.0484619 16384
1 7909
1 6939
0 6666
0.978546 5407
0 4132
0 4862
0 6241
0 10540
0 8799
0 12433
0 4774
0 7069
0 6649
0 6296
0 7965
0 8734
0 4176
0 4554
0 11915
0 6505
0 8619
0 7669
0.613021 7096
0 5778
0.796875 16384
1 4670
0 6649
0.850958 8454
0 15949
0 5374
0.640806 8984
0 12786
0.708012 5442
0 5662
0.784235 13524
1 16384
0 10539
0.0824646 9592
1 9692
1 6191
0.623285 11879
0 16384
0 5759
0 16106
0 4776
0 8499
0 6737
0 9000
0 6208
0 10108
0 16384
0 12819
0 7676
0 14552
0 4974
0 16384
0 8311
0 10294
0 4926
0 7626
0 5171
0 4418
0 16015
0 10532
0 7337
0 4121
0 11425
0 7638
0 14053
0 13513
0 6129
0.200018 10954
0 5218
0.884399 16384
1 7758
0 16384
0 4673
0.348975 12488
1 6434
0 4473
1 16384
0.480024 4956
1 14668
0.673356 10265
0 10073
0.592352 5544
0 11636
0 6159
0.641109 7969
0.520624 4170
0 5149
0.163644 4687
0 5653
0.290354 7112
1 5774
0 5510
0 7652
0.778117 6882
1 9642
1 15598
0 4795
0.381185 15562
0 13766
0 5157
0 6020
0 9098
0 9548
0 4344
0 7245
0 14068
0.146784 5893
1 5883
0 5800
0 11645
0.810813 12411
0 6790
0.587607 16300
0 8339
0 10215
0.131661 4147
1 5157
0 13638
0 5403
0 4720
0.888611 16384
1 5461
1 12060
0 4534
0.309829 6013
0 16384
0.0761431 10454
1 16384
0.843618 4732
1 14051
1 4154
0.915561 16047
0 16059
0 8271
0.926012 15043
1 5008
0.306513 4437
0 4898
0 10556
0 6448
0.554932 16384
1 8206
1 6946
0 4519
0 12087
0.618482 10605
0 9068
0 16384
0.376988 7292
0 5530
0.884852 9605
0 16384
0 7744
0 4430
0 4298
0 8034
0 13918
0 7861
0 7415
0.689211 8546
0 6455
0 13063
0 6037
0.479848 7890
1 16384
0 9611
0 5030
0.414897 6216
1 13736
0.205548 10022
0 10215
0.940981 12623
1 14623
0.822364 5652
0.210697 7404
1 4655
0.664431 9095
0 8857
0.602944 5163
0.205322 16384
0.191192 5518
0.157404 9968
0 7115
0.679626 16384
1 4806
0 4111
0.810702 8167
0.515598 12694
0.469879 12599
1 16384
0.920653 8570
1 5588
0 7849
0 10147
0.860134 8980
1 16384
0 4609
0 10113
0 6436
0 4927
0 16384
0 11371
0 9850
0.476925 13218
1 16384
0 4725
0.186286 7773
0 12068
0.0705744 5101
1 5061
0 15360
0.793633 7947
1 16384
0 14101
0 6445
0 16384
0 5107
0.446848 4346
1 12304
0 11555
0 7074
0.796072 10337
0 8498
0 8907
0 10366
0.556065 13297
0.747689 16230
0.0316461 11439
1 10251
0 4575
0.424803 11676
1 10270
0 6192
0.347125 4592
1 14618
0 4829
0 5261
0 16384
0 9891
0.329075 10958
1 11144
1 5860
1 6792
0 8163
0.701494 10643
1 10061
0 11277
0 6929
0 6768
0 6325
0 5643
0.589479 6482
1 7413
0 7513
0.763895 4354
1 5597
0 14971
0 7950
0 13871
0 14769
0 4621
0 5645
0.140773 12133
0 4930
0 9835
0 5068
0.302424 4249
0 9164
0.60976 12705
0 4511
0.697815 16384
1 14889
1 10000
0.175533 5771
1 8134
0 5805
0 15392
0 5050
0 7768
0 9008
0 4673
0 12842
0 16384
0 4998
0.842949 13225
1 12887
0 16384
0 12550
0 4504
0 6775
0 6044
0 6159
0.233399 16144
0 4907
0 6998
0 15645
0 4572
0.296582 9478
0 13369
0.511429 13212
0.554943 15598
0 13237
0 7731
0 8220
0 7983
0 5407
0 9038
0 10709
0 6547
0.572115 6247
0 11973
0 6812
0.870809 5488
1 15899
0 4274
0 9074
0 12224
0 8805
0 6722
0 4114
0 4990
0 7526
0.523522 8928
0 4591
0 7317
0.851977 6222
1 16384
0 4145
0 5833
0 4458
0 8536
0 11956
0 9544
0 5757
0.803774 10916
1 16384
0 16384
0 8430
0 7508
0 14313
0 16384
0 6371
0 13654
0 5878
0 16384
0 12543
0 5587
0.254301 10114
1 6872
0.462677 15741
0 10070
0 9687
0 6797
0 7774
0 16384
0 16384
0 5081
0.480694 5646
0 16384
0 16384
0 7794
0 8774
0 5942
0 16189
0 11960
0 5956
0 6831
0.257568 16384
0 10834
0 4830
0 4625
0 5733
0 12638
0 4756
0 15375
0.680839 6915
0 6468
0.3802 8990
1 8494
0.140152 10560
0.6671 7684
0.144352 6401
0 5686
0.659684 8974
0 4583
0.165861 8278
1 6640
0.793024 8286
0 10331
0.890502 9297
1 14797
0.2389 7748
1 5939
0 16384
0 6598
0.360535 16384
1 10618
1 4622
0 5903
0 13191
0 5554
0 6506
0 6076
0 5559
0 4112
0 16384
0 6235
0 7663
0 7952
0 6384
0 15676
0 13846
0 7007
0 7524
0 12897
0 4687
0 5254
0 5893
0 6640
0 11508
0 4907
0 5622
0 5512
0 10685
0 5892
0 6553
0 16384
0 10280
0 7858
0 8968
0 6702
0 11427
0 16384
0 15248
0.922852 16384
1 4954
0.921272 5157
0 9267
0 4456
0 16384
0 16384
0 4326
0.806744 6732
1 5098
0 7412
0 7950
0 4101
0 4402
0 6001
0 6780
0.932507 6534
0 7022
0 4194
0 4590
0.468492 4967
0 5479
0 5582
0.213496 13574
1 7478
0 4782
0 11774
0.8692 5948
0.74441 5814
1 4507
1 4320
1 5700
0.289418 5169
1 6623
1 16384
0.991324 8414
1 4979
0.859682 4333
1 5424
1 5925
1 4186
1 5687
1 7600
0.958008 6525
1 15504
1 16384
1 15419
0.856197 9214
0 6809
0.832142 6994
0 5919
0 7257
0 4660
0 4666
0.501836 7897
0 11455
0 5787
0.471166 11913
0 16384
0 4279
0.96257 14614
1 4323
0.968262 16384
1 7145
1 16384
0 10180
0 7490
0.851481 4491
0 7179
0.825265 7354
0.0434844 7037
1 5176
0.579523 6583
0 9865
0 16384
0 8327
0 4299
0.292924 11037
1 16384
1 12409
0 8693
0.321357 8433
0 9404
0.626484 11033
1 16384
0 6122
0 5104
0 4502
0 4378
0.644696 6721
1 10359
0.947388 16384
0 7454
0.0259299 12958
1 9944
0 9751
0 8384
0 7605
0 6187
0 13708
0 16384
0.768543 8386
1 9258
0 4406
0.893888 14758
1 4563
1 14376
0 6286
0 10598
0 4148
0.359314 16384
1 12521
1 13960
0.759064 7309
1 14938
1 15154
0.78871 4340
1 12299
0.430533 14640
0 14543
0 8512
0.424808 6643
0 4836
0 8665
0 16384
0.314386 9940
1 16384
0 16384
0 9918
0.375244 14372
1 5372
0.875793 16384
1 10437
0 11696
0 13515
0 10850
0 4303
0.459839 15749
1 16384
0 4592
0 6620
0 4356
0 5168
0.0388903 11751
1 16384
1 6802
0 5617
0.597046 16384
1 5807
1 11635
1 7662
0 5920
0.366089 16384
0 9088
0 7470
0 9545
0.224522 13816
1 12687
1 6175
1 7685
1 16384
1 6221
0 6338
0 6490
0.268152 9338
1 5608
0 8956
0 8734
0 13855
0 5198
0 5816
0 12119
0 16384
0 8904
0 15130
0.116364 5457
1 7653
0.273315 11141
1 16384
1 13270
0.524309 13061
0 4727
0.549534 5905
0 14842
0 4977
0 10778
0 14738
0 4523
0 7038
0 9253
0.37876 5452
1 10850
1 6259
0 8878
0 8417
0 10524
0 8851
0 14386
0.543306 12989
1 16384
0 4525
0 6191
0 7348
0 9247
0.246637 6840
0.0713727 5114
0.512146 16384
0.271851 16384
1 5642
0.580025 15970
1 16384
0 8838
0 10960
0 5910
0 7470
0 6192
0 4942
0 16384
0 4887
0.43199 10072
0 5727
0 5590
0.806275 8383
0.453003 16384
1 16384
0.876664 9916
0 6301
0.389634 10669
0 14972
0.370488 4100
1 12303
1 5261
0 6652
0 7141
0 16384
0 16384
0 4936
0 5043
0.354948 4133
1 4749
0 9447
0 16384
0 8997
0 12750
0 4648
0 4929
0 16384
0.10048 7295
1 10370
0 4553
0 6794
0 12148
0.446022 6549
1 15308
0 4495
0 10910
0.782349 16384
1 9919
0.781354 12303
1 9342
0 4997
0 9896
0 6179
0 16384
0 4511
0 16384
0.265736 4369
1 6891
0 5049
0 8488
0 16384
0.477601 5268
1 7695
0 16384
0 10851
0 10719
0.751168 12197
1 14975
0.899335 4361
1 4349
1 10122
0 16384
0.438236 4922
1 6453
1 6191
1 11743
0.379089 16384
1 5101
1 4112
0.0742502 10303
1 15823
1 12244
1 14442
0.523132 6182
1 15555
0.0910451 10028
1 4799
1 4148
0.836121 16384
1 4780
1 11982
0.604309 16384
1 4397
1 13917
0.897696 7595
0 4323
0 10671
0 13135
0.787859 7693
0 16384
0 7241
0.430115 16384
1 5161
1 16384
1 9837
0 11627
0.308838 16384
0 7631
0 4765
0.368731 4586
0 14878
0 4104
0 6352
0 6267
0 4191
0 11238
0 6604
0.473646 6811
1 6660
1 16384
0 6598
0 16384
0 4612
0 6960
0 7074
0 5262
0 5434
0 14685
0 4609
0 6185
0 7098
0 6938
0 10033
0 16384
0 4429
0 4373
0 4177
0 4400
0 4851
0 4459
0 9024
0.885897 10324
1 10193
0 5051
0 4642
0 13528
0 4908
0 7338
0 4842
0 6455
0 4124
0 9385
0 8624
0 4489
0 7509
0 14058
0 8346
0 5809
0.514912 5063
1 7147
0.437589 4927
0 8086
0 14729
0.801152 16319
1 10174
0.0941043 6174
0 5061
0 12301
0 14424
0.182137 11420
0 5166
0 5811
0 12282
0 7741
0 7517
0 10639
0 16384
0 9302
0 16384
0 12552
0 9448
0 13868
0 7645
0 4307
0 4599
0.224161 7334
0 5089
0 5716
0.113034 7511
1 16384
0.542452 7538
1 5670
1 12415
1 16384
0.46489 6266
1 6159
0.925658 10075
0 7389
0.292823 13626
0.110474 16384
0 8979
0 16384
0 4693
0 4688
0.869023 10185
1 7606
0 4534
0 15084
0 4248
0.503781 10580
0 5233
0 7226
0 7176
0.173347 10678
0.170399 4689
0.783566 12304
0 16384
0.618237 6229
1 16384
0 8623
0.209298 5485
0.554199 16384
0 10306
0.174467 4316
0 8456
0.242186 11838
1 5600
0.720362 8629
1 7968
0 4123
0 5587
0 15507
0 5231
0 10717
0 11186
0 16384
0 5534
0.28523 5308
1 12847
1 16384
0.407024 15633
0.327149 9378
1 5025
0.886479 4519
0.753878 8187
1 10426
1 13334
1 16384
0 6956
0 10222
0.786475 10144
0.681624 10274
0 16384
0 5353
0 8452
0.426 4223
0.858359 11515
0.663399 10404
0.934879 8369
0.0291069 5016
1 16384
1 11717
0 6971
0.843334 9766
0 6471
0.568791 13272
0 4221
0.234856 5101
0 7829
0.706349 6552
0.54512 12489
0.581557 5021
1 7977
0 5396
0 16384
0.667316 9234
0 11225
0 5012
0.365167 5644
0.156691 10058
0.755615 16384
0.0882412 15061
1 6303
0 8490
0 14904
0.360901 16384
0 8720
0.119757 9227
0.865792 8159
0.823421 11938
0.0800053 7612
1 15137
0 4905
0.466123 6007
0.116516 16384
0.150165 10029
0.278907 5708
0 11201
0 4453
0.486511 7636
0.205716 10777
0 13621
0.528628 8331
0.304298 9517
0.633911 16384
0.353721 5052
1 10396
0 4710
0.549473 12239
0.347961 16384
0.864942 10862
0.307637 5526
0 5692
0.78327 7161
0.672087 10085
1 5324
0.83708 5027
0 6215
0 4240
0.239662 11825
1 10450
0 9365
0 5381
0 9720
0 16384
0.707154 11378
1 8861
0.809387 16384
1 8576
0.334804 9068
1 8168
0 14112
0 6272
0 16384
0 6208
0 16384
0 5886
0.763402 9793
0.612842 4719
0.818885 15377
0.136703 4828
0.663086 16384
0.144192 5777
0.858063 9934
0.579673 13204
0.0182113 10488
0.900892 8294
0.377009 4854
1 14026
0 12957
0 16384
0 16384
0 6517
0 13740
0.211159 13137
0.559056 5808
0.0770083 5415
0.313653 14414
0.671086 8297
0.862549 16384
0.752982 8384
1 4130
0 4317
0 9546
0 6877
0 12342
0 6012
0 7145
0 12648
0 5941
0 6489
0 16384
0 9665
0.337613 6309
1 6280
1 16384
0 8013
0.170679 6023
1 16384
1 7921
1 14908
1 7226
0.0631119 13278
0.070885 11300
0.849448 8967
0.637656 8514
0.528639 6931
0 16384
0.740417 5609
1 10606
0 11995
0.218541 11046
1 12343
0 9397
0 9289
0 8812
0 7927
0 5954
0.812703 12926
0.943717 13130
0.888367 4900
0 7367
0.687374 4475
0.628052 16384
0.18457 5781
0.263576 9189
0 16384
0.697266 16384
0 5565
0.841664 13004
0 5960
0.472011 4877
0.0865479 16384
0 4353
0.546606 6158
0 14913
0.406851 9313
0 6262
0.283384 5639
0 10796
0.0695374 6572
0.52248 11677
1 7199
0 10874
0 4372
0 4201
0.529628 7088
0 10471
0 8317
0 5739
0.472179 5769
0 7430
0.863164 5196
1 9382
0 9683
0 4601
0.696777 16384
1 4392
1 6504
0 6967
0.150929 14424
1 16384
0 16384
0 4476
0 4868
0 8398
0 6505
0.640198 16384
1 7407
1 16384
0 5310
0.744429 14000
1 15538
0 9768
0.746423 6499
1 16384
0 4235
0 9214
0 16384
0 16384
0 8068
0 16384
0 4712
0 11653
0.364564 5977
0.825953 12353
0.110778 7673
1 10011
0.47619 4473
1 4787
0 10876
0 12636
0 11949
0.979281 4199
0.0117188 16384
1 16384
0.462241 15559
0.61842 11455
0.500251 13961
0.575867 16384
0.32838 4778
1 4723
0 5553
0 6858
0 7744
0 4283
0 6529
0 6664
0 6335
0 8198
0 14398
0 8057
0 5700
0 9282
0 11099
0 13126
0.594208 10636
0.163002 16147
0 10299
0.020813 16384
1 16384
0 7809
0.0597117 13113
0 5102
0 13123
0 16384
0 7956
0.480591 16384
0.561886 13234
1 10678
0.0611201 7428
0.918067 12083
0.136964 6206
0.74509 6975
0.4422 16384
0.52421 12949
0.203763 11960
0.299683 15443
0 7675
0.717728 4648
0 16384
0.118225 16384
0.560315 9666
0.000671387 16384
0.692517 16196
0.334878 7770
0.364991 14299
0 7164
0.938619 15135
0.0770264 16384
0 7598
0.722715 6542
0.820687 6313
0.551332 7208
0.395063 13813
1 9492
0.116242 9463
0.622219 8092
0.0412598 16384
0.638125 12648
0.94635 16384
0.588735 8824
0.0938721 16384
0.721088 9451
0.233704 16384
0.327145 5117
0.526569 12477
0.781375 9514
0.456317 10931
0.693349 7758
0.752667 12000
0.253066 9294
0.872232 7044
0.323623 12564
0.689435 7657
0.632968 4926
0.790538 12217
1 5494
0 5132
0 4260
0.275955 15151
0 9346
0 7334
0 15694
0 6744
0 12952
0 10997
0 6010
0 9681
0.132244 7713
1 16384
0 6242
0 6938
0.785444 13190
0.856229 9849
1 11202
0 11383
0 4435
0 7204
0.5746 5000
0 4624
0 4931
0 6113
0.0332765 8204
1 16384
0.299023 6859
0 8911
0 5755
0.923163 11648
1 4742
0.882062 5452
1 5046
1 11756
0 5449
0.209096 9785
1 10579
0 4312
0 13222
0 16384
0 13079
0 8905
0.91094 13474
1 4886
0 5777
0.925072 14147
1 7596
0.718785 14256
1 4751
0 16384
0.339524 10715
1 14518
0.40824 10849
1 16384
0 4839
0 4497
0 16384
0.422424 16384
0 10461
0 16384
0.158286 6722
0.443697 14866
0.181904 7427
1 16384
1 11051
0 9012
0.36515 14479
0 10427
0 6301
0.334692 4171
0 9101
0 10414
0.0756767 10492
0 13244
0 6901
0 16384
0 7826
0 4696
0 5759
0 10121
0 6798
0 4421
0.32024 8503
1 15575
1 4464
0.951782 16384
1 8747
1 12471
0.389299 15176
1 16384
0.820883 8246
1 16384
0 9084
0.741943 16384
0.554443 16384
1 15984
1 16384
0.519231 10244
1 9355
0 12384
0 4364
0 16384
0.493212 11196
0.526913 5908
0 4333
0.727173 16384
1 13578
0.327403 11579
1 10190
0.440468 9138
1 6565
0 6920
0.0543767 6032
1 9266
0 12189
0 6623
0 16232
0 10736
0 5688
0.664763 7356
1 16384
0 14344
0 4504
0 13255
0 16384
0 16384
0 5836
0 11476
0.752014 16384
0 5788
0 9729
0 11484
0 9967
0 12475
0 11698
0.463529 6375
1 14825
0 6095
0.916303 5496
1 11986
1 6610
0 5208
0.191397 4812
1 16384
0.164641 6748
1 9981
0 16384
0.955451 5971
1 16384
0 4992
0 5216
0 5947
0 16384
0 8895
0 6502
0.157452 4395
1 9697
0.247442 5472
1 12135
0 5853
0 6513
0 4434
0 12172
0 9075
0 8382
0.597759 11779
1 12592
1 4290
0 16384
0.817335 6011
1 16384
1 6106
1 14140
0.890015 16384
0 6279
0 7244
0 16384
0 5048
0 4546
0 10170
0.55629 8323
0 8889
0 7357
0 8459
0 6914
0.814472 9826
1 16384
0 16384
0 5777
0 4257
0 7579
0 9501
0.862122 16384
1 11823
0 16384
0 10803
0 6300
0 4821
0 4283
0.0396565 15836
1 16384
0.401852 13388
0 7156
0.970574 14681
1 5553
0 6022
0.850403 16384
0 4159
0.931 6058
1 9841
0.349976 16384
0.545136 5716
1 16384
0 8729
0 7044
0.530926 6758
1 16384
0.18308 5331
1 11323
0.139448 8254
1 9187
0.444719 6060
1 10290
0 9776
0 5795
0 4153
0 16384
0 11736
0.404341 5206
0 16212
0.462132 15937
1 16384
0.152942 15483
0 10498
0.216455 12774
0.854734 9844
0 6602
0 4579
0 10568
0 5278
0.047644 9550
1 11476
0.47821 16384
1 7315
1 7706
0 5413
0 6430
0 12656
0 5953
0 4872
0 13376
0 5715
0 4191
0 9061
0 6702
0 5786
0 11330
0 6651
0 5525
0 6275
0 9221
0 5753
0.0983506 9822
1 8770
0 5675
0 6453
0 5883
0.261311 4332
0.335444 6001
1 4787
0 9861
0.253276 5800
1 14868
0 14119
0 4663
0.53087 13476
0 16384
0 8093
0 16384
0.295552 13243
1 8573
1 4400
1 5022
1 5357
1 7578
0 4739
0 6167
0.749971 8559
1 12117
0.317169 6867
0 7679
0.63362 9310
1 6520
0 7612
0 6349
0.887644 12496
0.552033 14193
0.82252 14103
1 12562
0.103509 11313
0 4503
0.149629 5654
0.448916 13889
1 8352
0.600926 6480
0 4523
0 5316
0.89281 15272
0 5892
0 4891
0 6013
0.485065 12019
0.327816 15890
1 6037
0.549716 4395
0 13323
0.772727 4334
0 7944
0.51991 5324
1 8873
0.695689 4663
1 5483
0 16384
0 12457
0.764167 9053
0 4509
0 4131
0 5752
0 4376
0 4748
0 5060
0 5703
0 7662
0.507157 6497
0 13610
0.033896 7405
1 9678
0.839302 9969
1 16384
1 5472
1 4789
1 8192
1 16384
1 16001
1 5147
1 16384
1 9355
1 14465
0.908475 15209
1 16384
1 12190
0.320533 13593
1 9163
0 4183
0 6295
0.0240333 10319
1 9205
0 14973
0 5084
0.906184 9977
0.819125 13103
1 9018
0 6793
0.820156 9764
0 13244
0 11423
0 11821
0.065121 4960
0 6713
0 6849
0.429572 11423
0.0249629 11457
1 13963
1 9124
1 9430
0 8027
0 4986
0 7414
0 6236
0 4985
0 5363
0 4761
0 4231
0 4708
0 4234
0 8648
0 5248
0.659485 16384
0.968598 14617
0 16384
0 13708
0.263306 16384
0.405915 9975
1 6185
1 12420
0.3453 11170
1 9005
1 4916
0 6025
0.710649 14377
0.757695 4321
0 16384
0 6716
0 8509
0 5899
0.52832 9163
1 11483
0.41626 16384
0 7933
0 6902
0 13056
0 6594
0.689106 15137
0 10351
0 5795
0 6309
0.915912 6184
0 5208
0 7119
0 5877
0 15825
0 6332
0 6586
0 6917
0 4116
0 13170
0 8631
0 5723
0 7106
0 5544
0 8928
0.527914 7344
1 11345
0.30645 9039
0 16384
0 5669
0 4409
0.538863 6317
1 5487
0 4958
0 4347
0.935817 6388
0.518357 6183
1 16384
0.160862 5943
1 16384
1 6782
0 8116
0.876338 7472
1 6902
1 8947
1 11834
0 8936
0 16384
0 4555
0 12611
0 5649
0 8682
0 8709
0 4880
0 16384
0 16384
0 16384
0 7006
0 12896
0 14633
0 16384
0 11561
0 16384
0 16384
0 5016
0 5732
0 8673
0 8241
0 4160
0 6506
0 6708
0 4659
0 10277
0 4700
0 9442
0 14898
0 11580
0 5745
0 8345
0 7993
0 9150
0 13530
0 4977
0 12597
0 5383
0 4231
0 5257
0.579079 8795
0 7690
0 5393
0 10982
0 5160
0 7939
0 5698
0 4926
0 8012
0 4753
0.664075 4245
0 4973
0 5069
0 10743
0 6765
0 4984
0 7349
0 7580
0 5565
0 16384
0 5025
0 12060
0 4685
0.588053 5474
0 10780
0.372968 10336
1 8389
0 8406
0.658429 9995
0 7073
0 8623
0 16384
0 9062
0 5144
0 5298
0 6825
0 10725
0 14496
0 6290
0 6089
0 11745
0 16164
0 6648
0 5513
0 4761
0 5967
0.893015 11553
0.602763 15273
0 5093
0.690117 9865
0.695862 16384
1 14905
0 4239
0.635565 4555
1 8150
0 4802
0 14341
0 16384
0.990521 9917
0 7096
0 6195
0 9605
0 5965
0 7136
0 5458
0.814352 6006
1 4591
1 4970
0 5046
0.0269712 8231
1 16384
0.84406 5143
1 6668
1 16384
1 16384
1 8973
1 12071
1 15510
1 10274
1 16384
1 9883
1 11406
0.917801 14331
0.570273 13476
0.0768798 5333
1 8522
0 6610
0.38939 8087
1 12773
1 5584
0.66126 9063
0 5774
0.87406 13300
1 7354
0.30336 15058
0 6244
0.0609695 7922
1 12368
0 6756
0 4604
0 6226
0 6125
0.650933 7500
0.0701647 13112
1 11205
0 7659
0 6515
0.768757 12675
0 6808
0 6549
0 6133
0 4624
0 5970
0 12954
0.194958 8925
0 9508
0 16384
0.541378 8942
0 16266
0 5336
0 6163
0 16384
0 4810
0 16384
0 4160
0 5159
0 7384
0 4325
0 9691
0 5685
0.705992 4289
0 9309
0 5554
0 4610
0 5915
0 9440
0 10901
0 12897
0 16384
0 9196
0 4953
0 12161
0 10978
0 7534
0 5463
0 7710
0 4182
0 4794
0 11267
0 6518
0 9632
0 13266
0 5781
0 6816
0 12774
0 7843
0 5734
0 6541
0 8960
0 7048
0 5783
0 16384
0 10322
0 5115
0 5239
0 4332
0 8379
0 16384
0 7435
0 7606
0 14143
0 10163
0 7417
0 7605
0 5110
0 10888
0 9556
0 4173
0 14671
0 7348
0 7793
0 7980
0 11276
0 8135
0 12277
0 4557
0 8634
0 7407
0 6981
0 10183
0 4914
0 6501
0 5106
0 4695
0 9204
0 16384
0 15915
0 7768
0 7977
0 16384
0 6233
0 9327
0 6502
0 13640
0.799534 4719
1 13078
1 16384
0 16384
0.862 16384
1 16384
1 5763
1 15191
0.848089 10335
1 6695
0 12258
0 16384
0 6832
0 16384
0 5910
0 4700
0 16384
0 11972
0 16384
0 10127
0 8395
0 8974
0 16384
0 13939
0 8449
0 7067
0.959039 12451
1 16384
0 5730
0.178537 14518
1 12784
0 7953
0 13059
0.219448 4566
1 4221
1 11167
1 16384
0 6237
0 4426
0 10141
0 6973
0 9796
0 8837
0 6759
0 11350
0 13685
0.354236 4497
0 8477
0.238302 8741
1 9746
1 16384
0 7703
0 4737
0 9224
0 9806
0 7927
0 6757
0 10975
0 13778
0.238903 4303
1 11619
1 12886
1 5877
0 8927
0 16384
0 5866
0 4491
0 9729
0 4187
0 5047
0 8147
0 16384
0.227434 4520
1 12404
1 9537
1 6913
0 6497
0 4273
0 15022
0 4911
0 4231
0 16384
0 7192
0 9977
0 12900
0 7742
0 6084
0 8675
0 6774
0 6417
0 16384
0 4968
0 6658
0 9721
0 4319
0 4231
0 4442
0 4325
0 5114
0.642103 4831
1 10575
1 4491
1 4333
1 4383
1 4250
1 4215
1 4209
1 4175
1 4187
1 4127
1 4132
1 4411
1 4304
1 4156
1 4451
0 5584
0 4301
0 5019
0 5641
0.906677 16384
1 16384
1 12462
0 16384
0 9346
0.334985 12914
0 5079
0.742323 5992
0 4385
0 4420
0 4232
0.502367 5281
0 4190
0 4733
0 4511
0 4252
0 10599
0 5721
0 5045
0.898685 6238
1 16384
0 4103
0 4433
0 9940
0 8625
0 5581
0 6759
0 10732
0 13986
0.541146 4241
1 12997
1 4139
0 8851
0 16384
0 5007
0 4443
0 8924
0 9000
0 8147
0 16384
0.408073 5624
1 12900
0 8757
0 4960
0.335081 4578
1 4557
0 4232
0 4542
0 5237
0 5984
0 15225
0 4645
0 4537
0 16384
0 9598
0 9237
0 11922
0 8571
0 8556
0 7334
0 5523
0 9276
0 5434
0.12775 7319
1 14969
0 4127
0 4193
0 4531
0 4428
0 4183
0.55113 10620
0 5006
0 8941
0 4886
0 15802
0 4843
0 4535
0 16384
0 10055
0 8975
0 16018
0 8573
0 8545
0 5593
0 16384
0.124407 11165
1 14812
0 4442
0.705139 16384
1 16384
1 16384
1 6331
0 16384
0 8309
0.0529175 16384
1 16384
1 16384
1 9752
1 16003
0 4512
0 4376
0 8123
0 13692
0 6009
0 6735
0 10414
0 12240
0.575333 4500
1 13611
1 6859
1 16384
0 5272
0 4435
0 14067
0 8135
0 15547
0.528184 4169
1 9884
1 9895
0 4216
0 12793
0 7145
0 6007
0.194294 4802
1 12068
1 6624
1 8937
0 10141
0 7862
0 7460
0 15711
0 11956
0 12348
0 16384
0 8322
0 16384
0 16384
0 4450
0 10482
0 4503
0 16384
0 7568
0 4583
0.0603022 7081
1 4440
0 10100
0.340435 4506
1 5129
1 6557
0 13388
0.475583 12307
1 4119
1 4912
1 10651
1 10106
0 4221
0 12418
0 7150
0.649155 12068
1 13689
1 7061
0.0677587 12515
1 4310
1 4215
1 4218
1 4182
0 5744
0 8479
0 4137
0 4241
0 10047
0 15448
0 4636
0 4598
0 16384
0 10493
0 12402
0 16384
0 10715
0 9272
0 14401
0 16384
0 16384
0 5384
0 16384
0 16384
0 16384
0 16384
0 16384
0 16384
0 16384
0 16384
0 5055
0.561707 16384
1 7645
0 16384
0 16384
0 16384
0 7386
0 16384
0 16384
0 15142
0.209412 16384
1 13164
0 4296
0 4538
0.565601 7942
1 7980
0.661789 5399
1 6864
1 13296
1 6606
0 15486
0 6720
0 4746
0 16384
0 5494
0 8902
0 12137
0 4346
0 5573
0 7786
0 8239
0 14407
0.633898 14455
1 12059
0.683959 5224
1 13948
1 6387
0 6479
0 13828
0 4579
0 4713
0 4283
0 7064
0 6592
0 16384
0.630188 16384
1 16384
1 4671
1 9370
0.331469 13051
0 4743
0.935633 4754
1 4819
1 4446
1 4902
1 4353
1 8393
1 16384
1 16384
1 16384
1 8095
0 10742
0 16384
0 16384
0 16384
0 16384
0 4699
0 16384
0 16384
0 16384
0 12893
0 8379
0 4554
0 4350
0 4760
0 6319
0.28247 8146
0 4303
0 4501
0 4353
0.831591 15118
1 4551
0.248791 5583
1 15287
0 5350
0 4247
0 7709
0 6722
0 15289
0 4535
0 13399
0 8343
0 8559
0.560157 15019
0 16384
0 9574
0 16384
0 4603
0 9680
0 4651
0.0853261 9200
1 14651
1 7522
0.580444 16384
1 16384
1 10092
1 12808
0.790946 8725
1 4908
0 4488
0.0927961 6552
1 7620
0 6029
0 7216
0.564331 10648
1 8278
1 16384
1 7933
0 5951
0.757397 6286
1 9531
1 12366
0 4449
0 15366
0 4264
0 4241
0.353122 4228
0 5582
0 6795
0.0599672 4269
0.251846 4741
1 4851
0 5353
0 16384
0 10053
0 14061
0 16384
0 4274
0 12722
0 8829
0 4896
0.375431 10721
0.830467 9479
1 14262
1 16384
0 9271
0 9858
0.805968 7808
0.445225 4126
0 8378
0.710999 9737
0 4656
0 9512
0 14668
0 7777
0.673469 4655
0.773083 11004
0.757112 5027
0.522213 5965
1 6520
0 6850
0.155545 6114
0.802606 10745
0 6093
0.760373 4820
0.898678 9307
1 4404
0.528001 8089
1 16384
0.675492 10274
0.748285 11076
1 10127
1 14131
0.69281 16384
1 4785
0 12234
0.900222 7196
1 12956
0.926636 16384
1 6079
1 8321
0 8471
0 8821
0 4575
0.461528 7239
0 6890
0 4658
0 5594
1 10404
0 12255
0.821472 16384
0 8206
0.40781 6530
1 5182
0 4920
0.811429 13300
1 10168
0 9526
0 7310
0 9069
0 5623
0 4118
0 16384
0 6839
0 14594
0.226719 4843
0 4858
0.599814 4308
1 7720
0.0897155 6398
0 8748
0.883525 11745
1 14729
1 16384
0.842254 7455
1 4320
0.680444 6121
1 16384
0 5428
0 6842
0 8938
0 4738
0 8178
0.062075 6911
1 6174
0 8361
0.566736 4323
1 16384
0 7411
0 4785
0.0651897 13361
1 7361
1 5841
0 7633
0 14359
0 10154
0 6943
0 6190
0 16235
0 8514
0 11997
0 5010
0 6419
0 5134
0.860611 10503
1 16384
1 6719
0.14125 16092
0 7822
0.227084 5782
1 4950
0 16384
0 10572
0.249074 4589
0 10769
0.684735 9040
1 16384
1 16065
0 4611
0.26987 6681
1 6101
0 5738
0 6034
0 13530
0 8433
0 6305
0 13314
0 16384
0 7970
0 5669
0 4770
0 8069
0 6084
0 4488
0.322126 9428
0.167475 8037
1 8004
0 7182
0 8724
0.518809 4971
1 7614
0.320678 10799
1 11434
0 9102
0 9479
0 7234
0 7803
0.652161 16384
0 9024
0 16384
0 11702
0 9089
0.409366 10228
0 7941
0.520122 4597
0 13838
0 4835
0 9835
0 4176
0 6542
0 7236
0.217896 16384
1 12627
0.00619003 9693
0.0461426 16384
0 5294
0 7205
0 6892
0 7258
0 9122
0 7657
0 16384
0 5319
0 4492
0 4440
0.684241 6942
0 6603
0 11866
0.55951 8570
0 16384
0 4219
0.960266 16384
0 5285
0 8131
0 6631
0 5955
0 4208
0 5421
0 9717
0.816607 10333
1 9697
0 6590
0 5399
0 6908
0 12145
0 6744
0 14281
0 5251
0 9245
0 4579
0 5131
0 13805
0 7853
0 5021
0.191051 12337
1 8607
1 13106
1 11571
0 15667
0 9265
0 6122
0 6991
0 8367
0.878749 14738
0 6398
0 5253
0.280743 8506
1 16384
0 9990
0.0137939 16384
1 4390
1 5190
0 15659
0.0433551 15892
0 7134
0 7814
0 13147
0 6386
0 9514
0 7732
0 4996
0 11267
0 9261
0 8103
0 5602
0.959363 4208
1 11639
1 15383
0 12087
0 13025
0.901696 5778
1 10283
0 10673
0 12865
0 10986
0 7981
0 10190
0 4104
0 7452
0 6320
0 7328
0 16384
0 8541
0.760882 10568
1 16384
1 10055
1 15120
0 6530
0 10918
0.0937204 5271
0 7858
0 12109
0 9532
0 16384
0 6237
0.36542 10804
0 16384
0 7887
0.768491 6449
1 16028
0.938737 8488
0 4309
0 7428
0 4654
0.641546 4684
1 7414
0.0555786 14448
0 7288
0.72699 16384
1 4191
1 10903
1 16384
0 7861
0 9893
0.738115 6163
1 16384
0.742984 12828
1 15965
0 8319
0 10427
0.477823 4464
0 4318
0.915771 16384
1 7150
0 5336
0.436875 6503
1 13879
0 5044
0 16384
0 6708
0 8781
0 8114
0 15737
0.0218055 9493
1 12090
1 7769
0 4753
0.00940275 5743
1 4600
1 7626
0.905701 16384
1 16133
0 13789
0.591695 9368
0 16141
0.387079 7399
1 13543
1 16384
0 5821
0 5252
0 11103
0 8156
0 11569
0 15964
0 16384
0 10403
0 6703
0 11448
0 5337
0 5118
0 16384
0 12656
0 7609
0 6438
0 11414
0 8408
0 7024
0 10485
0 4339
0 8036
0 15340
0 16384
0 6225
0 7056
0 7056
0 7892
0 14345
0 14731
0 6021
0 16384
0 9731
0 5987
0 16384
0 14399
0.428395 4860
1 4402
0.45147 9932
1 16384
0.804361 9860
1 5964
0 4931
0 5569
0.108324 6896
1 6426
1 9215
0.669513 10073
1 9958
1 16384
0 10505
0 5598
0.684288 8172
1 9516
0 6676
0 4480
0 5465
0 8206
0 9224
0 16384
0 5331
0 6534
0 8735
0 5268
0 4567
0.281864 6418
1 6134
1 8623
1 11145
0.595509 6413
1 4798
1 4383
0.535767 16384
1 11980
0.234103 5976
1 7691
1 10417
0.616971 13871
1 9262
0.94873 16384
1 6802
0 6077
0.735291 16384
1 8913
0 14385
0.21359 4312
1 16384
1 16384
1 12386
1 5544
0.67572 16384
1 14183
1 11096
0.521456 13819
1 5033
1 15996
0.925595 7943
1 5584
1 7346
1 11424
1 4351
0 7368
0 4212
0 15734
0.480426 11086
1 9362
0.232052 12592
1 13970
0.640869 16384
1 7438
1 5684
0 4905
0.839618 8486
1 12446
0.0964172 8764
1 7698
0.169374 7079
1 16384
1 10869
1 14363
1 7305
0.222642 6616
1 14486
0 8853
0 4448
0 4557
0.648161 7205
0 4720
0.970506 6476
1 5241
0.842885 5200
0 7855
0.834667 6496
1 4965
0.961157 7466
1 16384
0 4876
0 7199
0.903597 6338
1 10969
0.644993 5952
1 5740
1 12757
0.353369 4675
1 14568
1 4652
1 6469
0.664627 4577
1 4816
1 7123
0.936819 6331
1 10270
0 7527
0.983897 9129
1 15721
0.851411 9920
1 5200
0.899069 6876
1 5159
1 4776
1 5000
1 6478
0 5121
0 11176
0 4399
0 7448
0 8993
0 11278
0.899789 8063
1 10031
0 15214
0 5615
0 16384
0.748762 10902
1 6448
0 5735
0.797119 16384
1 5209
1 12030
0 5257
0.76694 11482
0 7253
0 5815
0.171351 13662
1 16347
0.65747 10475
1 16384
0 4293
0 7738
0 16384
0 4920
0 15623
0.188409 4124
1 8731
1 12655
0 5087
0 5184
0 14305
0.810557 7881
0.269951 6679
1 8747
1 16384
1 10638
1 9493
1 6479
0.914185 16384
1 10864
0.926508 15580
1 16384
0.756042 16384
1 6996
0.577238 15148
1 7812
0.637638 9416
1 13262
0.917116 10014
0 16384
0.0544473 10928
0 4166
0.832749 8837
1 13139
0.787853 4742
1 5609
1 16384
1 16384
1 16384
1 16384
1 9058
1 12884
0.752803 7403
1 10751
0 4807
0 6086
0 6246
0.771834 4374
1 5285
1 16384
0.943707 10090
1 7328
0.437532 11862
0 5324
0 7811
0.407874 8103
1 6453
0 5611
0.171692 16384
1 4181
1 11165
0.0254602 10919
0 6978
0 9317
0.141728 5059
1 8728
1 8502
1 6751
0 4275
0 5550
0.409162 8295
1 14119
1 5973
0.0891021 5836
0.777035 14953
0.459479 11019
1 4486
0 7915
0 6688
0 4955
0 12028
0 6736
0 12489
0 5577
0 5246
0.38967 4976
1 6739
0.642775 13994
1 7256
0.78249 12804
1 12211
0 4231
0.856995 16384
1 14016
0 8427
0.316927 6989
0 16384
0.944463 5834
1 10709
0.302429 16384
1 7402
1 10363
0 12276
0 4233
0.953253 15680
1 16384
0 9043
0.0469093 12748
1 5788
1 9769
0 4163
0 4732
0 13486
0 11688
0 10087
0.793781 8040
1 9479
0 5232
0 8816
0 4387
0 12430
0.931991 9484
1 4258
0.285337 12480
1 14094
1 5282
0 4428
0.821228 16384
1 5625
1 6909
0 12770
0 8831
0 7144
0 7036
0 10945
0.160278 16384
1 16384
1 5331
1 8401
0.380503 8904
1 16384
0.062698 9155
0.611964 7489
1 16384
1 4912
0.436119 6246
0.294958 6723
1 14952
1 11841
1 16384
0.311398 6975
1 14644
0 4739
0.725908 9661
1 10796
0 6420
0 7997
0 6818
0 4319
0 16384
0 16384
0 8612
0 11402
0.187198 4546
1 4786
0 16384
0.500305 16384
0 6233
0 13758
0.329092 9903
0 7411
0.233916 5549
1 6130
0 13097
0 16384
0.221392 12715
0 16384
0 4654
0.625767 4238
1 7342
1 12148
0.0772095 16384
1 10830
1 7340
0 4995
0 8277
0 8886
0 8519
0 4812
0 4835
0.871698 16352
1 12399
0.628664 10850
1 12160
0.368967 4144
1 7477
1 12025
0.253593 8001
1 11275
0.201618 4573
1 11294
0.594283 8920
1 16384
1 15096
0.829706 13418
0.643433 16384
1 16384
1 16384
1 5358
1 16384
1 8308
0.594794 5955
1 13606
0 7884
0.808773 8184
1 4907
0.976013 16384
1 6621
1 16384
1 11982
1 14681
0.602015 4666
0.182604 15394
0.817236 11151
0 8549
0.365278 6699
0 8865
0 15219
0 4621
0 4711
0 10790
0 5337
0.519425 13488
0 8152
0 7266
0 8614
0 9207
0 6727
0 5755
0 14404
0 10037
0 9634
0.713531 5491
1 12015
0 4223
0 5943
0.473335 14607
1 14548
0.664338 9447
0.796811 4390
1 11623
0.870375 7784
1 16384
1 16384
1 7944
1 4292
1 6980
0.518243 6057
1 14677
0.881012 5177
1 6612
0.377139 9816
0 6603
0 5538
0 4572
0 14776
0 5843
0 8323
0 10573
0 9101
0.451543 8265
