0 6438
0 6010
0 15423
0 5083
0 7147
0 4899
0 9097
0 5044
0 16384
0 16384
0 5011
0 8449
0 9208
0 8673
0 7349
0.354126 16384
0 4760
0 10171
0 12974
0 16384
0 5855
0 5627
0 13866
0 13723
0 16384
0 5216
0 5724
0 5471
0 4867
0 6118
0 11829
0 4914
0 7981
0 10545
0 15962
0 6285
0.57485 6847
0 11322
0 7661
0 9866
0 5250
0 11643
0 4368
0 7966
0 7398
0 7848
0 13219
0 5032
0.535848 9331
1 10465
0 12912
0.696777 16384
0 12698
0 7667
0 16384
0.326933 7552
0 10520
0.878409 15289
0 4700
0 11549
0 7008
0 16384
0 14110
0 9679
0.909912 16384
0 16384
0 16384
0 16384
0 12765
0 10252
0 16384
0.66568 15204
0 4112
0 16384
0 10469
0 7939
0 6362
0 6190
0 5111
0 10381
0 14493
0 5628
0 5524
0 6378
0 9625
0 8556
0 16384
0 14376
0 6956
0 5220
0 16219
0 12103
0 14970
0 7115
0 8908
0 15778
0 8520
0 6642
0 4888
0 16384
0 4356
0 11954
0 4535
0 7528
0 6267
0 9520
0 16384
0 16384
0 7054
0 4221
0 16384
0 5924
0 11718
0 7614
0.88031 16384
0 11584
0 9157
0 5355
0 8294
0 5037
0 10281
0 9893
0 12191
0 4145
0 4620
0 4123
0 5994
0 4871
0 6956
0 10986
0 5454
0 16384
0 13767
0 10029
0 4623
0 16384
0.00124039 8062
1 5850
0 5730
0 16384
0.467896 16384
0 5033
0 6600
0 8227
0 6017
0 7482
0 16384
0.309937 16384
0.434937 16384
0.446925 10259
1 6791
1 5713
1 8123
1 13995
0.554153 6574
0 7032
0.135313 9563
1 16384
0.95001 4841
0.935129 15924
1 5616
0.606503 5136
1 7692
0.0643823 6508
1 8666
1 4801
1 10776
1 12777
0.946723 14359
1 7733
1 5572
0.966648 7106
0.1812 4117
1 16384
1 5465
1 16384
1 16384
1 13773
1 16384
1 16384
0.961864 13006
1 5460
1 9108
1 7873
0.928463 5270
1 7249
1 5449
0.837248 14605
1 7923
0.620543 4235
1 6118
1 16384
0.0806087 6637
1 8288
1 16384
0.608209 8844
1 9951
1 5602
1 8666
1 8112
1 15706
0.975066 9866
0.494684 10346
1 7812
1 6656
0.69164 6220
1 8617
1 11695
1 9419
0.950629 5489
0 4421
0 5225
0 4438
0 5138
0 5377
0.950755 15433
1 5813
1 16223
0 8405
0 5791
0 11910
0.876725 13766
0.726966 8303
0.338057 6351
1 6244
1 16384
1 13778
0.960266 16384
0.108477 4176
1 8140
0.585994 8925
1 4196
0.801537 11841
1 9982
0 14043
0 16384
0 14856
0.702393 16384
0.299497 4768
0 4176
0.967041 16384
1 12866
0.296545 4313
1 5496
1 6759
1 7899
1 12040
0 4377
0.189189 5957
1 9630
0.656555 16384
1 5980
1 6070
0.860779 16384
0.860779 16384
1 7632
0 7591
0.495797 9873
0.757262 9364
0 5803
0 4395
0.649967 10579
1 8136
0.29126 16384
1 8152
0.945068 16384
0.0367261 5718
1 4914
0 5787
0 4594
0.953906 7962
1 8965
1 7574
1 8558
0.400381 7865
1 8027
1 16384
0 4251
0 7118
0 7816
0 4548
0.765515 7267
0.959801 14453
1 11089
0 4477
0.900427 7733
0.924988 16384
0.713698 6081
0.945771 4942
0 4418
0.867432 16384
1 16384
1 8388
1 12141
1 16384
1 16384
1 5805
1 16384
1 13386
0.84444 5477
1 5137
1 6229
1 9467
1 16384
1 8072
1 16384
1 16384
1 4603
1 11688
1 16384
1 14177
0.831177 6492
1 6889
0.742857 12145
1 16384
1 6239
1 13848
1 13169
1 4999
1 8280
0 13968
0.784241 16384
1 4120
1 16384
1 11364
0.920049 10644
1 5978
1 11417
0.929034 6482
1 8815
1 16078
0.893526 13130
1 13038
1 16293
0.96321 6007
1 6486
1 16384
1 5057
0.884045 5390
1 15255
0.474214 4770
1 9323
1 7079
0.855035 16059
1 16384
1 7088
1 8404
1 9540
1 7388
0.889707 7335
1 5924
1 9718
1 13808
1 12359
1 7052
1 10646
1 16384
1 4208
1 7092
1 5779
0.265976 10516
0.848442 8571
0 4167
0.736493 9051
0.872458 15979
0.638998 5349
1 6283
1 6663
1 15751
1 9769
1 6874
0.777333 10994
1 5017
1 7425
1 16384
1 5580
0.914102 12573
0.260572 7307
1 12387
0.511898 5337
1 13677
1 9330
0.722646 7348
1 15051
1 4700
0.540894 16384
1 5145
1 14279
1 4435
1 16384
1 16384
0.893101 5566
1 11861
1 16384
1 8277
1 6240
1 8991
0 4271
0.635573 4599
1 12078
1 12415
0.603803 11570
1 16384
0.605081 7361
1 11923
1 16384
1 16384
1 10192
1 16384
1 7248
1 16384
0.459145 15971
1 16384
1 7276
1 9302
0.564275 10385
1 6531
0.708384 4914
0.654289 13627
1 6013
1 16384
1 10095
1 5666
1 4122
0.163716 4123
1 6086
0.679411 14046
0.653024 4960
0 16384
0 8153
0.863248 10296
1 12115
0.781921 16384
1 6697
1 16384
1 5200
1 16384
0.820557 16384
1 11158
0.845337 16384
0.818466 8318
0 6192
0.133645 4497
1 14299
1 10342
1 6068
0.365187 9439
1 7800
1 16384
1 16384
1 16384
0.842712 16384
1 11872
0.942322 16384
0 16384
0.412364 4222
1 11052
1 16384
0.423749 5154
1 10718
1 9234
1 4190
1 13317
0 6119
0.890313 6555
0.460376 4366
1 9598
1 11588
0.0925903 16384
1 4262
1 5240
0.613322 5930
1 10843
0 7227
0 16384
0 5089
0 16152
0 6670
0 12701
0 5533
0 5161
0 8102
0 8138
0 16384
0 16384
0 11412
0 16384
0 14694
0 4414
0 5387
0.249962 13058
1 6431
0 5340
0 8508
0 5827
0 13614
0 10202
0 16384
0 8342
1 16384
0.541188 10185
1 7748
0 8802
0 4723
0 8504
0 10701
0 5085
0 16384
0 10044
0 16384
0 15380
0 4131
0 7495
0 7601
0 11703
0 7972
0.538196 13326
0 9545
0 8194
0 7968
0 5865
0 4936
0 4913
0 7058
0 16384
0 9799
0 16384
0 5925
0 12134
0.677256 10860
0 5750
0 16384
0 11615
0 7436
0 8525
0 16384
0.366882 16384
0 16384
0 5292
0.405974 5658
1 8261
0 15997
0.768811 9157
0 12389
0.671204 16384
0 5124
0 5084
0.48175 16384
0 7305
0 6148
0 16384
0 12369
0 16384
0 10212
0 14577
0.272565 8963
1 12599
0 9512
0 4311
0 14838
0 6543
0 4193
0 6822
0 9318
0 7300
0.700756 15215
0 9458
0.877991 16384
0 6379
0 4853
0.0984498 13611
1 12854
0.143799 16384
1 4487
0.0833974 6499
1 15986
0 4173
0.643975 5876
1 16384
0 4103
0 13854
0.951965 16384
1 16384
0 6384
0 4453
0.643679 11383
1 10212
0 13297
0 9125
0 6290
0.820374 16384
0 6464
0 6049
0 7870
0 8893
0.304205 12508
1 14620
0.886852 13637
0 16384
0 4244
0 5516
0 7813
0 16384
0 7066
0 8127
0 15892
0 14345
0 4126
0.203577 15601
0.448847 7243
1 6944
0 4273
0.680526 7600
1 7594
0.435425 16384
1 5089
0.212335 13733
0 6333
0 10469
0 12595
0 8432
0 7712
0 7015
0 8367
0 5305
0.750453 8287
0 9966
0 7955
0 13747
0 6688
0.876892 16384
0 8054
0 4437
0 8399
0.92157 16384
1 9619
1 5017
0 4404
0 4663
0.75053 11801
0 4728
0.873441 5934
0 5924
0.219889 5571
1 16384
0.853795 9131
0 16384
0 12044
0 12724
0.0962933 9928
1 6587
0 12355
0 6400
0 9569
0 7819
0.874538 5141
1 10024
0 11772
0.50539 8164
0 4887
0 15235
0 13073
0 11687
0.293497 4552
1 7392
0.262521 4133
1 4437
1 11594
0 14276
0 5461
0 4385
0 6553
0.599505 10914
0.866367 4677
0 6242
0 10594
0 9664
0 9019
0 13438
0 9739
0 7649
0 8781
0 16384
0 5628
0 10105
0 16384
0 11447
0 10835
0 10131
0 7124
0 6548
0 5376
0 9441
0 5700
0 16384
0 8015
0 6625
0 11559
0 16384
0 5743
0 16384
0 11157
0 7994
0 5782
0 11456
0 4370
0 5007
0 13776
0 16384
0 12103
0 10312
0 4521
0 16384
0.916626 16384
0 4292
0 5299
0 8281
0 11541
0.677483 6040
0 15922
0.95556 10486
0 9294
0 5756
0 5014
0 8096
0 4576
0 4500
0 9493
0 5645
0 16384
0 9262
0.923105 13629
0 4109
0 6217
0 6761
0.329621 5388
0.889648 16384
0 4353
0 11369
0 4793
0 15469
0 6986
0 7009
0.798533 13908
0 9065
0 10719
0.865392 16054
0 9497
0.476337 5198
0 6462
0.858651 5589
1 13250
0 8143
0 9926
0.585152 6735
1 7860
0 8387
0 9330
0 8703
0 6394
0 6207
0 4472
0 7848
0 6673
0 4354
0 4768
0 4315
0.724204 10370
0.497053 13572
1 6678
0.705736 10059
1 11119
0 16384
0 8076
0.814568 10063
0.656927 5955
1 8404
0 8083
0 10953
0 7312
0 13725
0.541982 11755
0 10710
0.977255 14377
1 4155
0 5804
0 4334
0 16384
0 4273
0 13039
0.304472 5590
1 11359
0 4815
0 13445
0 5105
0.638985 9850
0.713054 15536
0 4489
0.512634 16384
0.16954 5916
1 6749
0 7263
0 15981
0 5459
0 16384
0 14347
0 11634
0 12897
0 7292
0 7954
0 16226
0.636901 9810
0.825978 9154
1 13023
1 14518
0 16384
0.528278 7161
1 9972
1 14486
0 8407
0.045589 5747
1 5978
0 9531
0 4330
0 9124
0 4237
0 16384
0 16384
0 16007
0 4620
0 16384
0 16384
0 5180
0 4887
0 6512
0 13053
0 4176
0 5597
0 5674
0 5929
0.864624 11878
0 7339
0.119116 5205
1 5666
0 9713
0.173605 12298
1 4337
0 4967
0 4279
0 5407
0 7884
0 12030
0 16384
0 11369
0 9546
0 11981
0.106384 16384
1 16384
0 11776
0 16384
0 5669
0.694393 5903
0 5653
0 11439
0 4808
0 14227
0.447577 5036
0.637573 16384
0.139405 5710
1 11841
0.801133 11118
0.268739 6724
1 10597
0 16384
0.581233 13172
0.677836 15967
1 5728
0 5100
0.173359 4159
1 16384
1 6681
1 7853
0 9506
0 5198
0 4814
0 8632
0 11556
0.979553 16384
0.911457 9566
0 8520
0 4630
0 4521
0 4637
0 6701
0 4256
0 4511
0 12225
0 12173
0.201965 16384
1 7018
0 12914
0 8371
0 13629
0 5233
0.143188 16384
1 6028
0 16384
0 6936
0 6334
0 8533
0 13178
0 7779
0 6073
0 5908
0 8783
0 4276
0 8203
0 8202
0.319421 10782
0 11677
0 5528
0 12896
0.654472 6642
1 8671
0 15953
0 9142
0.863025 13309
1 9191
0 6974
0 5212
0 16384
0 9331
0 9475
0 16384
0 6368
0 4901
0 9987
0 7794
0 10663
0 16384
0.271448 11866
1 4189
0 6121
0 5148
0.854358 5335
1 5321
0 5810
0 9110
0.548362 11507
0 4752
0 6532
0 9228
0.0137931 5510
1 16060
0 10132
0.0790778 9282
1 7857
0 9045
0 9168
0 16384
0 5311
0 4251
0.157104 16384
0 4962
0 6270
0 12436
0 16384
0 6398
0 9397
0 4721
0 10785
0 6873
0.474293 10542
1 10872
0 4139
0 12365
0 8911
0 13473
0 16384
0 9796
0 6121
0 11176
0 7959
0 8323
0 7002
0 14408
0.329268 6888
1 5768
0.562982 8558
0 16384
0.561685 11202
1 4644
1 8471
1 16384
0 14703
0 16384
0.936666 5321
1 8934
0.663162 5801
0 5817
0 5620
0.950944 4342
0 10986
0 16384
0.169942 14146
0 14833
0.716397 10081
0 9384
1 8613
0 5451
0.232705 12836
1 14313
0 10920
0 14579
0 8800
0.722936 8868
0.985046 16384
0 4357
0 15323
0.147095 16384
1 8530
1 9078
0 4413
0 16384
0 8574
0 15661
0 9866
0.643447 4479
1 4365
0.217037 9708
1 15702
0 10870
0 15249
1 12317
0 14313
0.574591 14861
0.118553 9481
0 16384
0.70678 13628
0.303015 14095
0 4565
0.696093 9674
0 14917
0 15654
0 10811
0 4942
0.723535 7151
1 10711
0 9999
0 4148
0 7049
0.802258 14438
0 16384
0 4521
0 7578
0.145986 11049
1 5737
0.436318 5127
1 6446
0 4158
0.883179 16384
0.813538 16384
0 6838
1 5056
0.480896 16384
0 9725
0 8642
0 5683
0 7157
0 14982
0 16384
0 4563
0.874878 16384
0 11177
1 11181
0 8101
0 4186
0.0503045 8866
1 7229
0.474096 7798
1 6887
1 8134
0 16384
0 9752
0 5248
0 11763
0.774554 10752
0 8508
0 4228
0 12853
0 12610
0 6455
0 5349
0 4197
0 16125
0 13978
0 7400
0 11268
0 6881
0 11634
0 16384
0 7789
0 4788
0 5988
0 8424
0 5623
0 7074
0 8266
0 11266
0 4994
0.805349 7516
0.757079 10913
1 10657
0.623474 16384
1 7839
1 8697
0 4343
0 5012
0 7663
0 16384
0 10860
0 4561
0 4572
0.37656 11058
0 5312
0 4585
0.704423 14788
1 16303
0 6384
0 16384
0 11462
0 7908
0 14485
0 5609
0 16384
0 4654
0 5129
0 8846
0 7231
0 4583
0 8092
0 10216
0 6050
0 4560
0 4929
0 8526
0 9571
0 4432
0 9611
0 5510
0 6777
0 9826
0 8404
0 4913
0 5086
0 7018
0 10401
0 6535
0 4787
0 6349
0 4304
0 5664
0 4726
0 4642
0.904164 8358
0 6697
0.510544 8536
0 10165
0 4966
0.552475 8909
1 8925
0.534234 9844
1 6943
0 16384
0 8178
0 4539
0 15247
0.870518 4518
1 5436
0.908155 15058
0.70604 12699
0.0234985 16384
1 5207
0 4367
0 7973
0 7794
0 10687
0 15541
0 8935
0 4387
0 7585
0 9897
0 11071
0.662537 16384
1 10380
0 7484
0.70514 6732
1 16384
0 6386
0 5084
0 8371
0 6252
0.848871 14127
0.886501 7119
1 5990
0.492707 13095
0 9048
0 5987
0 10033
0 5483
0 7397
0 6390
0 4648
0 8652
0 4660
0 10287
0 7406
0 16384
0 5084
0 16384
0 5797
0 6337
0.96698 16384
1 15722
0 16384
0 9757
0 4484
0 12477
0 6320
0 16384
0 12309
0 5012
0 9796
0.6412 5000
0 4180
0 4447
0 8218
0 7726
0 5023
0 6747
0 5149
0 8139
0 14695
0 6553
0 9195
0 13415
0 6546
0 16384
0 9514
0 7507
0 5280
0 6733
0 10355
0 5091
0 5435
0 5380
0 7497
0 6669
0 6962
0 4236
0 6574
0 4383
0 16321
0.92351 6576
1 10311
1 12309
1 6010
1 7761
0.812575 8366
1 5023
0.647067 7126
1 4685
1 12724
1 5702
1 5200
0 9413
0 4510
0 6738
0 15900
0 10363
0 6192
0 10629
0 16384
0 16384
0 4262
0 4966
0 7138
0 9874
0 4246
0 16384
0 14631
0 5141
0 6268
0 11448
0 9511
0.815826 10729
0 9642
0.718286 11036
1 16384
0.125852 6746
1 14403
1 11618
0.822067 16214
0 10038
0.504329 4505
0.099538 7143
1 4776
0.913575 7602
1 12963
1 16384
0.554876 5886
1 7108
0.13345 5163
1 6401
1 14370
1 16384
1 4727
0.274021 9065
1 6817
1 14231
0.22594 10609
1 6264
0.938429 9014
0.593347 11934
0.901674 6092
0.709368 12810
0.627941 9520
1 4474
1 6434
1 16384
1 6698
1 8226
0 7442
0 7228
0 11243
0 4691
0 6190
0 16384
0.0879414 10109
1 11287
0 5649
0.712952 16384
1 4128
1 16384
0.992256 8135
1 9869
0.389199 8425
1 4120
0 9677
0.252075 16384
1 16384
0 7291
0.462192 7062
1 9418
0.929911 11200
1 10172
1 5706
0 4786
0 4770
0.559573 5808
0.948364 16384
0 6869
0 16329
1 10259
1 11440
1 16384
1 16384
0 9155
0 5543
0 6047
0 4287
0 16384
0 5357
0 9068
0 4454
0 4524
0 6340
0 4206
0 10114
0 5443
0 12208
0.657782 6753
1 13248
0.538619 9283
1 6750
0 7518
0 8529
0.758052 6303
1 16271
1 11916
0 5651
0.808807 5314
0 5440
0.71936 16384
1 6852
0 15707
0 16384
0 6283
0.136218 14051
0 7206
0 13689
0 16384
0 16384
0 16384
0 13841
0.558036 5600
0.112312 14344
0 14742
0 16384
0 16384
0 16384
0 10814
0 5729
0 16384
0 4380
0.81665 16384
1 7781
1 16384
0 16384
0 16384
0 16384
0 4431
0.62085 16384
1 16384
0 15138
0.374795 13386
0.341673 9673
1 16384
0 6833
0.722479 8212
0 16384
0 7938
0.0765436 11353
0 6598
0.15318 9466
1 16384
0 12057
0.400447 12094
1 6937
0.814465 6678
1 7323
0 4842
0.116579 7763
0 5580
0.521197 6251
0 12427
0.843249 14035
0.112793 6738
0 5071
0.646621 5105
1 4611
1 6586
0 7484
0 8105
0 15570
0 6955
0 5111
0 5583
0 8857
0 14385
0 4787
0 4179
0 4882
0 4910
0 4220
0 15683
0 9213
0.340922 5183
0 4532
0.781585 9427
0 4231
0.515639 8025
0.779541 16384
0 6491
0.550379 6868
0.499804 7661
0 9458
0.34244 4722
0 12028
0 11782
0.387112 12880
1 10806
0 5489
0 6625
0.818283 8095
1 14387
1 7164
0 14025
0.0666504 16384
1 5283
1 16384
0.0290328 5511
0.865099 4381
1 10938
1 9704
0 4371
0 6416
0 6792
0 7174
0 5491
0 6525
0 16384
0 10021
1 7795
0 13726
0 15575
0 5800
0 4644
0 15383
0.562012 16384
1 14437
0 8022
0 10202
0 5336
0 6729
0 16384
0 9410
0 10083
0 6596
0 8051
0 6975
0.564392 16384
1 5353
0 8022
0 10202
0 5336
0 6729
0 16384
0 11898
0 10083
0 6596
0 8051
0 16384
0 10058
0 16384
0 12173
0 16384
0 16384
0 7263
0 10555
0 5336
0 9810
0 16384
0 6975
0 8396
0 6328
0 16384
0 11272
0 5336
0 12068
0 14403
0 8209
0 16384
0 11619
0.724304 16384
1 9970
0 16384
0 11386
0 10083
0 7847
0 16384
0 9964
0 16384
0 11786
0 16384
0 9012
0 10083
0 8559
0 6950
0.586548 16384
1 13523
1 16384
1 11266
0 16384
0 11593
0.569092 16384
1 5276
0 16384
0 5067
0 9580
0 14403
0 8209
0 5161
0.773682 16384
1 10457
1 16384
1 11463
1 9900
0 8223
0 14755
0 16384
0 5702
0 10073
0 11131
0 7532
0 10780
0 5898
0 5473
0 4599
0 6565
0 6440
0 7870
0 16384
0 14545
0 16384
0 8975
0 7962
0 7886
0 4898
0 4123
0 8750
0 11674
0 9538
0 13482
0 16384
0.325256 16384
1 16384
0.762756 16384
0.162088 5861
1 9541
0 10156
0.853943 16384
0 16384
0.978943 16384
0 10237
0 9897
0 6565
0 16384
0.723321 12079
0.685111 11277
0.78387 6894
0.381955 4511
1 16384
0 6411
0.798212 12974
0 12318
0 10103
0 14132
0 8765
0 8541
0 12292
0.243949 15286
0 8236
0 16384
0 4220
0 14806
0 6062
0 9520
0 13002
0 11634
0 16384
0 16384
0 16384
0 5776
0 8481
0 9256
0 8481
0 12956
0 8097
0 16384
0 5816
0 9837
0 6820
0 5925
0 16384
0 4682
0 5451
0 16384
0 5311
0 16384
0 8331
0 6551
0 13346
0 13576
0 4928
0 14239
0 6717
0 8975
0 7966
0 6442
0 4311
0 15198
0 8257
0 4490
0 16384
0 4447
0 10458
0 5004
0 16384
0 5722
0 10541
0 9422
0 8626
0 6512
0 12385
0.75553 6013
1 7094
0 9252
0 13734
0 4236
0 16384
0 5385
0 5153
0 16384
0 8594
0 13781
0 5602
0 5978
0 5247
0 16384
0 13396
0 5969
0 4615
0 16384
0 5759
0 16384
0 5665
0 6065
0 4657
0 12755
0 7254
0 12573
0 12035
0 9200
0 10843
0 6077
0 13008
0 16209
0 6678
0 4894
0 5121
0.101411 16231
0 8778
0 13632
0 5549
0 5547
0 5609
0 6714
0 7523
0.973938 16384
1 16384
1 4817
0.198082 13141
1 10974
0 5534
0 16384
0 4845
0 4113
0 10016
0 9400
0 6300
0 14464
0 9211
0 9041
0 7107
0 8456
0 8017
0 11411
0 8914
0 9016
0 5750
0 13116
0 9387
0 7050
0 16018
0 13155
0 11411
0 16384
0 16384
0 9540
0 4469
0 10977
0 6070
0 8799
0 4835
0 6467
0 15281
0 8576
0 16384
0 9450
0 9262
0 4881
0 9262
0 16384
0 16384
0 5554
0 8674
0 16384
0 7357
0 4365
0 7051
0 7972
0 12136
0 16384
0 8116
0 16384
0 16384
0 12204
0 5897
0 5170
0 4412
0 13827
0 6983
0 4449
0 5170
0 6342
0 11711
0 7241
0 16384
0 5261
0 9067
0 9552
0 5295
0 16384
0 9590
0 9099
0 4967
0 11340
0 12308
0 4822
0 4255
0 10181
0 6424
0 10312
0 10425
0 16384
0 10043
0 5677
0 14564
0 16384
0 12771
0 6533
0 4517
0 15010
0 7128
0 14791
0 5843
0 8092
0 5450
0 4237
0 11053
0 16384
0 9814
0 7578
0 8782
0 11257
0 14535
0 13541
0 16384
0 4561
0 9096
0 8767
0 11376
0 9733
0 13291
0 4340
0 9449
0 5701
0.193186 12475
1 16384
0 6984
0 14376
0 14718
0 10809
0 8695
0 7311
0 4630
0 5872
0 13246
0 10899
0 6092
0 12880
0 5925
0 10884
0 5136
0 8251
0 7227
0 4182
0.100769 16384
1 7647
1 16384
0 4794
0.85199 16384
0 9976
0 10161
0 14144
0.62055 9129
0 5429
0 6259
0.57489 16384
1 16384
1 5794
1 7662
0 7604
0 4393
0 6062
0 4222
0 5496
0 7483
0 8231
0 4131
0 6109
0 4928
0 6036
0 4163
0 4607
0 6193
0 5193
0 5598
0 5918
0 4553
0 5990
0 16384
0 5688
0 4237
0 4898
0 5030
0 4613
0 10424
0 5790
0 5660
0 6882
0 5544
0 4402
0 4982
0 4195
0 5469
0 15302
0 4183
0 9552
0 9623
0 14201
1 7105
0.414879 8764
1 8322
0.425216 5322
1 16384
0 16384
0 10982
0 8509
0 8172
0 10014
0 14824
0 8579
0 11188
0 16151
0 16384
0 6613
0 7677
0 9402
0 16384
0 5093
0 8996
0 8650
0 5169
0 16384
0 6950
0 7233
0 4388
0 6875
0 9423
0 5210
0 16384
0 16384
0 16384
0 13390
0 5011
0 5423
0 10964
0 16384
0 11779
0 10442
0 12381
0 10787
0 6442
0 7601
0 9546
0 16384
0 4403
0 12818
0 12176
0 8577
0 14687
0 4312
0 7824
0 6063
0 5623
0 6580
0 4451
0 16384
0 6073
0 5180
0 7763
0 4887
0 13487
0 5015
0 7147
0 16384
0 5605
0 13297
0 4324
0 6170
0 16384
0 16384
0 16384
0 11260
0 6197
0 4495
0 9382
0 7669
0 5335
0 6951
0 5202
0 16384
0 10429
0 13274
0 10988
0 4116
0 7514
0 6111
0 7111
0 16384
0 16384
0 4360
0 6363
0 7901
0 9578
0 13878
0 6535
0 10825
0 6449
0 16384
0 4190
0 4453
0 12014
0 4953
0 13635
0 9416
0 12149
0 4375
0 4120
0 8467
0 10563
0 6524
0 10103
0 16384
0 6986
0 6895
0 13565
0 9755
0 16384
0 6053
0 16384
0 9448
0 12357
0 4751
0 13425
0 7125
0 16384
0 5120
0 16384
0 16384
0 9048
0 4164
0 15296
0 7452
0 8023
0 11249
0 11143
0 4411
0 13124
0 6963
0 16384
0 5289
0 14133
0 4459
0 16384
0 5283
0 7815
0 6551
0 10017
0 5164
0 9795
0 16384
0 6423
0 7737
0 16384
0 10944
0 4510
0 5235
0 12519
0 4585
0 5261
0 10317
0 13654
0 14446
0 5923
0 16384
0 5592
0 6171
0 7896
0 6430
0 12632
0 15802
0 13207
0 6237
0 5278
0 10088
0 4482
0 6407
0 15246
0 14561
0 7225
0 12753
0 6950
0 12532
0 16381
0 8627
0 9756
0 16384
0 12596
0 4528
0 13142
0 16384
0 5245
0 7538
0 7608
0 5414
0 13926
0 8323
0 6360
0 9442
0 9561
0 11594
0 5807
0 9191
0 4914
0 7030
0 12206
0 4238
0 13995
0 6038
0 4227
0 4528
0 11001
0 13041
0 6177
0 6531
0 6060
0 14281
0 7109
0 14374
0 5120
0 4736
0 4318
0 9744
0 12946
0 8025
0 11562
0 9425
0 10229
0 6509
0 10240
0 6295
0 7699
0 6383
0 4340
0 7641
0 4239
0 4412
0 7146
0 12396
0 7262
0 8500
0 4938
0 9688
0 9267
0 5636
0 4507
0 5709
0 16384
0 4473
0 4639
0 13531
0 6051
0 8985
0 9732
0 6240
0 14466
0 5694
0 10175
0 5320
0 8226
0 5903
0 15244
0 4942
0 4721
0 16384
0 4378
0 5155
0 16384
0 16384
0 6660
0 9944
0 5638
0 7552
0 16384
0 5169
0 16384
0 8131
0 10957
0 6661
0 16384
0 4114
0 8289
0 7964
0 6670
0 16384
0 5674
0 10158
0 5218
0 7690
0 5126
0 12464
0 14935
0 7223
0 16384
0 8368
0 9589
0 9515
0 4585
0 16384
0 4688
0 16384
0 6244
0 14048
0 6276
0 13279
0 16384
0 4640
0 10300
0 6590
0 6265
0 16384
0 10657
0 5110
0 9479
0 13100
0 8460
0 7500
0 5747
0 6651
0 4654
0 13578
0 6642
0 4627
0 7184
0 8262
0 15563
0 13490
0 6090
0 8439
0 4387
0 7323
0 6957
0 12764
0 14164
0 14314
0 5522
0 9099
0 9008
0 12381
0 6439
0 6038
0 16384
0 14060
0 6509
0 9880
0 4739
0 5417
0 5390
0 8020
0 7822
0 4850
0 16384
0 6035
0 16089
0 16346
0 13633
0 9330
0 5721
0 12656
0 6575
0 8190
0 6242
0 15652
0 4858
0 4782
0 6245
0 10612
0 5112
0 16384
0 5088
0 7127
0 6495
0 8321
0 13785
0 14160
0 4614
0 5190
0 7857
0 7349
0 15093
0 15039
0 16384
0 6180
0 16384
0 4269
0 6881
0 9726
0 12002
0 4675
0 8974
0 5714
0 6229
0 4567
0 5097
0 4169
0 5057
0 11881
0 12874
0 11793
0 16384
0 16384
0 6907
0 9701
0 6230
0 15712
0 16384
0 16384
0 8556
0 14275
0 11435
0 16384
0 16384
0 4553
0 5175
0 4644
0 9334
0 11049
0 10862
0 4966
0 6443
0 7355
0 16384
0 14407
0 16384
0 5788
0 7807
0 16384
0 16384
0 6558
0 16384
0 9966
0 4457
0 11807
0 9365
0 13158
0 9381
0 9284
0 12418
0 13669
0 5494
0 4919
0 8712
0 4317
0 6595
0 8133
0 4527
0 6682
0 16384
0 4183
0 4174
0 4776
0 5203
0 16384
0 4244
0 6964
0 5556
0 16384
0 7485
0 5058
0 10665
0 10203
0 6698
0 4446
0 16384
0 8292
0 8432
0 14549
0 14485
0 9754
0 6558
0 8721
0 5863
0 5996
0 7576
0 7636
0 10930
0 16384
0 8831
0 8789
0 9494
0 16384
0 4259
0 5156
0 16384
0 15413
0 8818
0 13302
0 12768
0 4876
0 14281
0 6054
0 16384
0 12986
0 16384
0 14833
0 4681
0 16384
0 9682
0 7490
0 4801
0 4277
0 6771
0 4121
0 8249
0 7197
0 9667
0 9499
0 9145
0 7911
0 13878
0 9290
0 10349
0 16384
0 13394
0 4841
0 8703
0 5816
0 5670
0 4536
0 4143
0 4341
0 4229
0 4479
0 8504
0 10848
0 10014
0 4930
0 6894
0 5108
0 9067
0 7184
0 16384
0 9220
0 7586
0 7308
0 16384
0 11200
0 8079
0 11059
0 16384
0 5113
0 9293
0 4510
0 13368
0 4388
0 4206
0 10682
0 14196
0 11811
0 4787
0 10188
0 8937
0 6335
0 7917
0 6267
0 4128
0 5004
0 15029
0 7026
0 16384
0 5968
0 4732
0 16384
0 7279
0 5013
0 13909
0 10268
0 11904
0 10380
0 16384
0 15389
0 9352
0 4785
0 16384
0 9217
0 16384
0 8359
0 16384
0 6016
0 12095
0 16384
0 5951
0 5899
0 4275
0 8609
0 5860
0 6225
0 5244
0 16384
0 7605
0 13070
0 6591
0 5659
0 4590
0 16384
0 6872
0 6032
0 8730
0 5454
0 8161
0 13162
0 5602
0 5015
0 16384
0 6100
0 11462
0 14877
0 4397
0 7025
0 14543
0 7816
0 16384
0 11707
0 6935
0 14369
0 15876
0 5271
0 16384
0 16384
0 7859
0 4725
0 4197
0 4648
0 4790
0 5418
0 7637
0 9509
0 16384
0 16384
0 5316
0 13076
0 8710
0 5750
0 8304
0 4267
0 9771
0 4104
0 4514
0 16384
0 13622
0 12127
0 7244
0 4160
0 4177
0 7054
0 16384
0 6240
0 13240
0 4187
0 4127
0 4310
0 4661
0 11621
0 13870
0 9591
0 13965
0 13126
0 16384
0 8108
0 4391
0 4161
0 5461
0 4630
0 4408
0 5971
0 6207
0 9368
0 10517
0 11995
0 6984
0 11168
0 12734
0 7545
0 7747
0 12943
0 15783
0 11238
0 5325
0 5958
0 11338
0 11543
0 5175
0 16384
0 9361
0 4389
0 7832
0 4543
0 4155
0 16384
0 16384
0 7511
0 8680
0 8641
0 4640
0 4594
0 4439
0 9800
0 5247
0 10563
0 4608
0 4115
0 4228
0 5346
0 4746
0 14722
0 5079
0 16384
0 9185
0 16384
0 16384
0 7408
0 10003
0 4268
0 8029
0 13743
0 5281
0 9597
0 16384
0 9986
0 10395
0 7678
0 5220
0 11136
0 9173
0 4536
0 16384
0 5225
0 7866
0 4160
0 9159
0 15683
0 7916
0 5923
0 8864
0 16384
0 9263
0 4318
0 9371
0 8587
0 4276
0 6010
0 4792
0 7444
0 7881
0 9592
0 6278
0 7052
0 4687
0 10798
0 4135
0 10996
0 8211
0 6567
0 11521
0 7202
0 4924
0 16384
0 10689
0 12557
0 6986
0 8970
0 6850
0 6434
0 12252
0 16384
0 13666
0 12799
0 5125
0 8208
0 8370
0 5472
0 6507
0 16384
0 5175
0 16384
0 10914
0 16384
0 13023
0 4912
0 4856
0 6873
0 5295
0 5306
0 11420
0 4830
0 7150
0 14969
0 4284
0 5196
0 14003
0 5842
0 5101
0 16384
0 5874
0 15922
0 5671
0 13942
0 7721
0 7914
0 4384
0 11482
0 6798
0 16384
0 6262
0 11159
0 7189
0 8794
0 11419
0 8921
0 4457
0 16384
0 16384
0 5430
0 6550
0 4602
0 6642
0 16384
0 4739
0 7018
0 12240
0 6110
0 8589
0 7358
0 10370
0 14782
0 6257
0 16384
0 9555
0 16384
0 4966
0 4918
0 7742
0 4500
0 5365
0 16384
0 12670
0 13764
0 4940
0 8063
0 4119
0 4768
0 4311
0 6006
0 4353
0 16384
0 10608
0 10285
0 7083
0 14823
0 6033
0 4324
0 11460
0 14635
0 14152
0 15490
0 12391
0 9606
0 4545
0 16384
0 6506
0.578419 5477
1 14628
1 13624
0 4824
0 16384
0 16384
0 9366
0 16384
0 7793
0 16384
0 6919
0 9163
0 11967
0.248596 16384
0 4967
0 4395
0 5961
0 16384
0 7380
0.303803 15961
1 11376
0.0814819 16384
0 16384
0 16384
0 15447
0 10571
0 4855
0 7111
0 8510
0 13665
0 7243
0 10859
0 16384
0 15537
0 10292
0 8488
0 16384
0 16384
0 6958
0 6048
0 5481
0 4881
0 7633
0 13317
0 9693
0 5652
0 16384
0 4708
0 11076
0 16384
0 15988
0 16384
0 11429
0 6474
0 16363
0 8612
0 16384
0 10641
0 5493
0 16384
0 16384
0 16384
0 16384
0 6241
0.881104 16384
0 16384
0 16384
0 14715
0 16384
0 16384
0 6144
0 4613
0.924549 7157
0 4176
0 16384
0 13538
0 16384
0 11199
0 7891
0.938665 12179
0.174783 5195
1 6079
0.573792 16384
0 16384
0 4771
0 9362
0 6386
0 4566
0 4791
0 4802
0 5583
0 10335
0 5063
0 16384
0 5524
0 5715
0 16384
0 16384
0.682296 16081
0 13680
0 11921
0 12724
0 16384
0 4288
0 7482
0 16384
0 8859
0 15454
0 16384
0 7444
0 15975
0 4200
0 10404
0 15388
0 4517
0 16384
0 16384
0 16384
0 4791
0 15605
0 10146
0 5983
0 15397
0 6981
0 13702
0 7253
0 13760
0.0233154 16384
1 16384
0 16384
0 16384
0 5776
0 16384
0 16384
0 16384
0.0974506 9061
1 16384
0 5203
0 4661
0 4631
0 16384
0 7112
0 8236
0 6934
0 7908
0 9272
0 5381
0.350249 14484
0.965881 16384
0 16384
0 8622
0 8289
0 4835
0 8248
0 5114
0 5126
0 7162
0 4919
0 16384
0 9570
0 6829
0.618293 12114
0 6533
0 16384
0 5157
0 11093
0.236565 9304
0 5120
0 6656
0 5527
0.969683 15305
0.874573 16384
0 16384
0 16384
0 7810
0 4700
0 6767
0 7001
0 16384
0 15563
0 6066
0 10851
0 16384
0 6250
0 16384
0 16384
0 16384
0 16384
0 16384
0 16384
0 8063
0 8111
0 16384
0 15555
0 16384
0 16384
0 10632
0 10098
0 16384
0 7389
0 11107
0 11491
0 16384
0 10271
0 16384
0 16384
0 16384
0 16384
0 8268
0 11647
0 16384
0 13337
0 5241
0 16384
0 16384
0 16384
0 16384
0 13616
0 7089
0 5664
0 13413
0 16384
0 16384
0 13682
0 8608
0 10693
0 16384
0 16384
0 7950
0 8397
0 6619
0 16384
0 8746
0 6639
0 12629
0 14122
0 16384
0 16384
0 16384
0 7123
0 16384
0 16384
0 16384
0 13510
0 16384
0.267456 16384
1 5750
1 16384
0 4217
0 14167
0 16384
0 16384
0 10634
0 6861
0 16384
0 16384
0 12288
0 16384
0 16384
0 4129
0 4605
0 5694
0 15218
0 16384
0 16384
0 16384
0.995422 16384
0 4266
0 13302
0 4521
0 4557
0 16384
0 13059
0 16384
0 9039
0 7957
0 9446
0 6440
0 7986
0.647787 5491
0 10066
0 6198
0.145874 16384
0.0683193 6777
1 16384
0.0595093 16384
0 7888
0 12984
0.704018 10950
0 10204
0 14405
0 16384
0 16384
0 6772
0 7936
0 9602
0 16384
0 16384
0 16384
0 16384
0 16384
0 7515
0.278992 16384
0 11849
0 8918
0.300903 16384
0 9028
0 16384
0.859347 13608
0 16384
0 8578
0 11548
0 9103
0 16384
0 5414
0 4110
0 4594
0 4449
0 12118
0 5254
0 16384
0 5339
0 7131
0 7256
0 5120
0 6144
0 5057
0 12205
0 10651
0 16384
0.776245 16384
0 9753
0 7699
0 7726
0 11761
0 16384
0 16384
0 16384
0 14928
0 8169
0 16384
0 16384
0 16384
0 5590
0 16384
0 11940
0 9723
0 16384
0 7851
0 12365
0 4850
0 5486
0.486757 6985
1 10692
0 12283
0 6798
0 12983
0 12242
0 6867
0 7236
0 9985
0 16384
0 4295
0 9642
0 11969
0 8677
0 7131
0 4195
0 16384
0 7176
0 16384
0 6632
0 9047
0 8949
0 15317
0.318428 4808
0 7420
0 10170
0 16384
0 9907
0 10391
0 16384
0 12712
0 16384
0 16384
0 4160
0.730371 11501
0 5593
0 12695
0.691406 16384
0 16384
0 16384
0 6148
0 7169
0 9339
0.480469 16384
0 11895
0.91113 8023
0 8681
0 7267
0 16384
0 10117
0 16384
0 5765
0 15978
0 4448
0.887679 12126
0 16384
0 7098
0 4142
0 5405
0 4238
0 9628
0 4505
0 6231
0 16384
0 16384
0 16384
0.0182495 16384
1 16384
0 16384
0 9072
0 16384
0 16384
0 7652
0 6693
0 16384
0 6186
0 16384
0 16384
0 16384
0 16384
0 15184
0 4604
0 6444
0 4246
0 4162
0 10685
0 5810
0 16384
0 6990
0 16384
0 16384
0 16384
0 10487
0 4613
0 9741
0 5125
0 7657
0 5656
0 11258
0 5637
0 16384
0 16384
0 11673
0 16384
0 10892
0 7391
0 7804
0 5542
0 4695
0 5529
0 10138
0 16384
0 5039
0 10922
0 4593
0 5027
0 10246
0 16384
0 16384
0 16384
0 16384
0 4788
0 5482
0 9329
0 9655
0 12032
0 16384
0 7680
0 14188
0 16384
0 12025
0 10981
0 6140
0 8109
0 13637
0 8699
0 5869
0 4138
0 6140
0 9164
0 16384
0 16384
0 16384
0 8971
0 4287
0 7567
0 4588
0 4191
0 14163
0 16384
0 10588
0 16384
0 16384
0 4514
0 6133
0 6263
0 16384
0 16384
0 16384
0 13829
0 16384
0 10640
0 10234
0 4805
0 5947
0 4162
0 16384
0 16384
0 5405
0 7249
0 8152
0 16384
0 9635
0 15719
0 9648
0 5299
0 4809
0 16384
0 4218
0 15741
0 7674
0 4120
0 9524
0 12066
0 7070
0 16384
0 11542
0 11733
0 16384
0 8917
0 5209
0 5371
0 8453
0 8283
0 7636
0 11690
0 16384
0 9350
0 16384
0 16384
0 16384
0 16384
0 9288
0 15332
0 16384
0 16384
0 14156
0 16384
0 16384
0 16384
0 13504
0 16384
0 7857
0 16384
0 16384
0 16384
0 16384
0 14633
0 16384
0 16384
0 16384
0 16384
0 16384
0 6039
0 5752
0 16384
0 6146
0 13243
0 9205
0 9583
0 16384
0 7835
0 16384
0 16384
0 8132
0 7416
0.708497 11746
0 7063
0 6129
0 4902
0 6777
0 7080
0 11369
0 5632
0.615794 14841
0 6144
0 6159
0 5617
0 5120
0 4608
0 4608
0 11296
0 7142
0 4370
0 4334
0 6692
0 6622
0 9162
0 6456
0.261536 16384
0.886536 16384
0.949036 16384
0.292786 16384
0.230286 16384
0.468663 15062
0.774597 16384
0.743347 16384
0.732607 6152
0.491607 14298
0.522766 16384
0 16384
0 9393
0 16384
0 9712
0 16384
0 15780
0.683228 16384
0 8433
0 4575
0 4765
0 8252
0 8168
0 11046
0 8575
0 14653
0 10134
0 10496
0 11498
0 15156
0 8366
0 7127
0 6754
0 11947
0 15441
0 5418
0 5708
0 4274
0 5013
0 6009
0 7539
0 11178
0 11113
0 11075
0 16384
0 4731
0 15776
0 16384
0 13946
0.583496 16384
0 16384
0.239746 16384
0 8365
0 4101
0 4264
0 7124
0 12306
0 16384
0 16384
0 16384
0 7313
0 12462
0 7213
0 8640
0 4571
0 13774
1 8385
0 7291
0 16384
0 13628
0 16384
0 15780
0 5589
0 7121
0 16384
0 12883
0 10132
0 16384
0 12075
0 14011
0 16384
0 16002
0 5232
0 14197
0 16384
0 11138
0 16384
0 13814
0 8655
0 16384
0 13020
0 5777
0 7205
0 12287
0 10198
0 12172
0 14774
0 4488
0 16384
0 16384
0 16384
0 12133
0 8083
0 14663
0 16384
0 16384
0 12858
0 7450
0 6109
0 9220
0 13808
0 16384
0 5906
0 7662
0 4643
0 9234
0 7368
0 4372
0 16384
0 16384
0 11283
0 16384
0 16384
0 8789
0 4608
0 4607
0 5061
0 9197
0 4158
0.46698 16384
1 16384
0 16384
0.21698 16384
0 16384
0 16384
0 16384
0.420765 12425
0 7001
0 10753
0 5857
0 16384
0 11143
0 16384
0 4118
0 15338
0 16384
0.377808 16384
0 13325
0 16384
0 12286
0 16384
0 8580
0 9297
0 16384
0.594604 16384
0 16384
0.782104 16384
0 9836
0.913696 16384
0 10148
0 5141
0 7699
0 11611
0 16384
0 5122
0 5743
0 7732
0 15171
0 16384
0 16384
0 14524
0 5123
0 16384
0 15365
0 10801
0 15249
0 5160
0 16384
0.770561 15381
0.942139 16384
0.285889 16384
0.817139 16384
0 16384
0 16384
0.910889 16384
0.837814 9002
0 6245
0.347979 10265
0.55828 9300
0.785645 16384
1 16351
0 7276
0.808993 7272
0.664511 12987
0 16384
0 14205
0 15288
0.545593 16384
0.764343 16384
1 9667
0 4967
0.895007 9553
0 6306
0 4199
0.131775 16384
1 9725
0.666411 7824
0.839844 16384
1 16384
0 5978
0 13411
0 8752
0 16384
0.0261841 16384
1 12294
0.58905 16384
0.46405 16384
0 5793
0.536377 16384
0 7168
0.692627 16384
0 16384
0 16384
0 16384
0.036377 16384
1 16384
0 16384
0.969012 13812
0 11407
0 12128
0.924119 12770
0 7193
0 5632
0 5605
0 14514
0 16384
0 7312
0 14640
0 6280
0 5159
0 16384
0 16384
0 16384
0 13423
0 6558
0 5932
0 7121
0 4331
0 4400
0 16384
0 7173
0 16384
0 16384
0 13620
0 16384
0 16384
0 16384
0 16384
0 16384
0 9956
0 7717
0 6462
0 14592
0.256042 16384
0.381042 16384
0.693542 16384
0.943542 16384
0.974792 16384
0 16384
0 16384
0 9020
0 16384
0.550167 8701
0 16384
0 7712
0 5121
0 9549
0 16384
0 14042
0 11750
0 6236
0 16384
0 10285
0 15196
0 16384
0 16077
0 15023
0 11752
0 13323
0 8628
0 12990
0 11560
0 16384
0 9020
0 16384
0 6131
0 10789
0 5121
0.467944 7830
0 6306
0 7837
0 5069
0 6227
0 11606
0 16384
0 5456
0 13282
0 11496
0 12940
0 16384
0 16384
0 12467
0 16384
0 16384
0 9288
0 16384
0 10788
0 5818
0 16384
0 16384
0 16384
0 6578
0 16384
0 16384
0 15367
0 16384
0 9138
0 16384
0 12036
0 16384
0 16384
0 7458
0 10147
0 16384
0 16384
0 11876
0 16384
0 4589
0 16384
0 16384
0 16384
0 7294
0 11193
0 8136
0 16384
0 14469
0 7923
0 7663
0 16384
0 4179
0 15020
0 5636
0 16384
0 16384
0 16384
0 16384
0 16384
0 16384
0 16384
0 16384
0 16384
0 5173
0 16384
0 6496
0 8113
0 4846
0.839469 6927
0 8260
0 10008
0 16384
0.51731 9070
0 6556
0 4957
0 16384
0 8244
0 6314
0 4860
0 16384
0 16384
0 16384
0 6355
0 14048
0 16384
0 16384
0 16384
0 5536
0 16384
0 9476
0 14324
0 7130
0 16384
0 16384
0 6873
0 16384
0 9334
0 16384
0 11067
0 9706
0 12994
0 4824
0 4860
0 6750
0 16384
0 7646
0 16384
0 4904
0 16384
0 16384
0 16384
0 16384
0 16384
0.709363 15294
0 4750
0 7730
0 5008
0 16384
0 16384
0 4825
0 7855
0 8015
0 16384
0 14038
0 6719
0 16384
0 5753
0 10687
0 6853
0 16384
0 16384
0 12330
0 12631
0 16384
0 5964
0.100037 16384
1 9084
0 12176
0 7918
0 16384
0 10006
0.679138 16384
1 14939
1 16384
1 16384
0 5955
0 10674
0 16384
0 6022
0 16384
0 4654
0 16384
0 16384
0 16384
0 16384
0 4422
0 10919
0 16384
0 5335
0 16384
0 11977
0 12474
0 6895
0 8709
0.118396 8252
1 4538
0 5601
0 8735
0 15423
0 6689
0 16384
0 16384
0 13950
0 8183
0 13770
0 16384
0 4259
0 5257
0 16384
0 16384
0.617734 8481
0 4158
0 9860
0 16384
0 16384
0 5394
0 9218
0 7550
0 14755
0 16384
0 5899
0 16384
0 9807
0.043457 16384
1 15186
0 14264
0 10240
0 12491
0 6130
0 7412
0 16384
0.523621 16384
0 5901
0 16384
0 16384
0 8029
0 12446
0 16384
0 14509
0 16384
0 16384
0 16384
0 15457
0 11142
0 16384
0 16384
0 16384
0 10092
0 7321
0 16384
0 8029
0 16384
0 4691
0 4818
0 4437
0 8091
0 6197
0 16384
0 5834
0 16384
0.717773 11264
0 10012
0 9791
0 13935
0 5914
0 4361
0 10679
0 4691
0 5473
0 7327
0 7693
0 5856
0 4361
0 13751
0.857764 12198
0 8997
0 16384
0 12997
0 9191
0 9575
0 16384
0.612494 6547
0 15015
0 16384
0 16384
0 12559
0 11394
0 10519
0 16384
0 16384
0 9289
0 15482
0 12420
0 10966
0 4851
0 11528
0 4463
0 16384
0 7182
0 4184
0 5552
0 16384
0 11223
0 16384
0 16384
0 13260
0 4308
0 16384
0 6940
0.244375 6044
0 5710
0 16384
0 10138
0 16384
0 4802
0 7260
0 16384
0 16384
0.508545 16384
0 16384
0 16384
0 16384
0 13674
0 16384
0 16384
0 16384
0 16384
0 16384
0 16384
0 16384
0 6934
0 4197
0 7225
0 16113
0 16384
0 16384
0 9429
0 14912
0 5116
0 5819
0 16384
0 16384
0 16384
0 5539
0.293152 16384
0.296793 9916
0 6322
0 4493
0 16384
0.743626 14237
0 5857
0 4560
0 11563
0 16384
0 12251
0 15187
0 7972
0 11400
0 16384
0 16384
0 16384
0.818385 11183
0 4633
0 10196
0 7699
0 10642
0 14321
0 16384
0 13027
0 8738
0 16384
0 10237
0 10707
0 16384
0 16384
0 16384
0 11092
0 16384
0 10389
0 8268
0 16384
0 16384
0 9029
0 5854
0 16384
0 16384
0 16384
0 4177
0 11497
0 6166
0 9712
0 9189
0 8247
0 4553
0 8759
0 7259
0 10655
0 10403
0 9180
0 8117
0.967203 15794
0.859412 11523
0 12839
0 5924
0 16384
0 16384
0.859469 14616
0 8360
0 11795
0 11198
0 16384
0 4118
0 16384
0 5098
0 16384
0 10953
0 15099
0 7087
0 16384
0 12652
0.946111 11431
0 8168
0 16384
0 12190
0 13753
0 5814
0 13824
0 14986
0 9977
0.558044 16384
0.839294 16384
0.651794 16384
1 10990
1 16384
0.829186 14589
0 16384
0 9249
0 16053
0 5974
0 13045
0 4297
0 16384
0 7629
0 16384
0 7984
0 7711
0 10860
0 13873
0 16384
0 7525
0 16384
0.24198 10224
0 16384
0 16384
0 16384
0 15368
0 16384
0 10893
0 16384
0 16384
0 11381
0 16384
0 8192
0 14675
0 8065
0 4739
0 16384
0 16384
0 16384
0 10240
0 9028
0 4796
0 16384
0 10915
0 16384
0 16384
0 9049
0 16384
0 16384
0 16384
0 9910
0 16384
0 16384
0 16384
0 16384
0 12083
0 11264
0 4608
0 7193
0 14336
0 7168
0 16384
0 10346
0 16384
0 9517
0 16384
0 6262
0 6920
0 7811
0.959721 15070
0 6117
0 9392
0.0793457 16384
1 16384
0 16384
0 9008
0.774441 13318
0 11803
0 16384
0 16384
0 16384
0 16384
0 16384
0 16384
0 16384
0 16384
0 16384
0 7003
0 14185
0 12492
0 16384
0 5207
0 4739
0.67524 11975
0 5662
0 9951
0 16384
0 16384
0 14744
0 13923
0 16384
0 16384
0 16384
0 6092
0 5329
0.460769 15587
0 4690
0 16384
0.474609 16384
0 16384
0 16384
0 10013
0 16384
0 16384
0 10269
0 12367
0 16384
0 16384
0 8837
0 16384
0.131714 16384
0.893812 13429
0 4447
0 6218
0 16384
0 16384
0 6288
0 16384
0.017334 16384
1 7795
0 16384
0 6056
0 16384
0 16384
0 6131
0 6215
0 11567
0 9209
0 16384
0 16384
0 16384
0 13509
0 5307
0 5997
0 16384
0 8714
0.805664 16384
0 5305
0.320095 5917
1 6384
0 13158
0 4246
0 9170
0 7456
0.332275 16384
0.863525 16384
0 9964
0 6077
0 16384
0 9487
0 13621
0 7474
0 16384
0 6717
0 6067
0 7593
0 16384
0 16384
0 8686
0 16384
0 16384
0 16384
0 16384
0 16384
0.783889 10763
0 5886
0 16384
0 4156
0 16384
0 16384
0 16384
0 9615
0 4608
0 16384
0 13614
0.201904 16384
0 16384
0 16075
0 4864
0 6313
0 16384
0 4587
0 16384
0 16384
0 4979
0 16384
0 6922
0 16384
0 8201
0 16384
0 9581
0 16384
0 14915
0 6041
0 8861
0 15844
0 8759
0 13384
0 16384
0 16384
0 16384
0 16384
0 16384
0 4262
0 4671
0 10497
0 16384
0 6855
0 10066
0 11159
0 6789
0 16318
0 11597
0 5198
0 11192
0 15869
0 16384
0 6142
0 16384
0 16384
0 12117
0 16384
0 11372
0 9394
0 16384
0 5119
0.248256 13043
1 5272
0 9337
0 16384
0 4832
0 4608
0 4191
0 4551
0 8700
0 4356
0.763367 16384
0 7883
0 16384
0 8309
0 9319
0 14892
0 8455
0 4208
0 16384
0 12209
0 8063
0 16384
0 10940
0 8192
0 4116
0 5612
0 15028
0 6988
0 12322
0 12513
0 16384
0 16384
0 7723
0 16384
0 16384
0 16384
0 9523
0 4584
0 6727
0 16384
0 5826
0 4194
0 4369
0 9544
0 13895
0.802958 8790
0 6397
0 9248
0 10446
0 16384
0 16384
0 15682
0 14194
0 16384
0 16384
0 16384
0 16384
0 16384
0 16384
0 11220
0 16384
0 16384
0 16384
0 6568
0 4922
0 16384
0 5915
0 4313
0 16384
0 6747
0 11885
0 4655
0 14410
0 16384
0 7130
0 16384
0 16384
0 4509
0 16384
0 16384
0 14391
0 4898
0 16384
0 6078
0 11532
0 16384
0 4806
0 9164
0 10817
0 16384
0 9369
0 14717
0 10342
0 16384
0 16384
0 16384
0 16384
0 10089
0 10036
0 6606
0 11121
0 8991
0 15973
0 4353
0 9907
0 16384
0 5783
0 14445
0 16384
0 5645
0 15272
0 8464
0 8781
0 16384
0 5484
0 5807
0 16384
0 16384
0 16384
0.723267 16384
0.910767 16384
0 16384
0 4885
0 7206
0 16384
0.742493 16384
0 13368
0 16384
0 10466
0 16384
0 15473
0 8061
0 11920
0 16384
0 16384
0 13565
0 16384
0 16384
0 16384
0 16384
0 11010
0 4574
0 11701
0 16384
0 16384
0.948181 16384
0 16384
0 4862
0 4869
0 6318
0 16384
0 15238
0 16384
0 16384
0 8277
0.331726 16384
1 10804
0 4532
0 11834
0 4737
0 5115
0 5280
0.110657 16384
1 9094
0 12417
0 12351
0 7563
0 5564
0 5655
0 8114
0 8739
0 7533
0 6849
0 4197
0 6974
0 4189
0 4376
0 9165
0.4505 16384
0 16384
0 16384
0 6641
0 4617
0 4866
0 9943
0 16384
0 16384
1 9423
0.544836 6323
0.732534 11837
0 13847
0.925066 11757
0 16384
0.802298 6004
0.301465 5324
0 9167
0.214627 12361
0.689496 11243
0 16384
0 8741
0 10280
0.801488 9007
0.633372 7719
0 5963
0 8244
0 11706
0 7951
0.809561 9058
0 4993
0.327648 6098
0 12405
1 6094
0.554138 16384
0 11465
0 13473
1 6890
0 9344
0 15545
0 6745
0 11057
0 16384
0 8090
0 5272
0 6098
0.154857 8976
0 4105
0.795528 6485
0.469254 10538
0.895569 16384
0 5353
0 16312
0 14449
0 10059
0 16384
0 4106
0 8836
0 6240
0 11649
0 7263
0 5166
0 10173
0 6189
0 7654
0 7593
0 5457
0 9098
0 8959
0 5770
0 6113
0 16384
0 5002
0 13843
0 4364
0 9678
0.494027 6864
0 16384
0.766001 4906
0.324839 12086
0.605896 14722
0 4936
0 6174
0 6873
0.889858 6764
0 9583
0.546021 16384
1 10689
1 11651
0 9040
0.134907 7835
1 10852
0 7674
0.424758 7755
0.846442 8557
1 4558
0.876526 16384
0 7735
0.720191 10693
0.801693 4488
1 9562
0.44186 4859
0.190664 4306
0.614967 7176
0 10919
0 5016
0 12904
0 4904
0 7185
0.824284 14899
0 15330
0.707278 10621
0.901316 12079
0 5352
0 16384
0 8165
0.632004 7424
1 8172
0 7081
0 13685
0 9095
0.558497 7744
0.69312 12601
0.432616 8971
0 4726
0.679016 16384
0 14381
0 16384
0 10495
0.554533 4236
0.818116 15235
0.491305 7706
0.958057 7391
0.67793 6629
0 5487
0.388429 7121
1 10720
0 5208
0 16384
0.433901 13321
1 6682
0 11668
1 15648
0.775426 10442
0 12428
0.254639 16384
1 4846
0 5003
0 4683
0.405153 8150
0 10905
0 9399
0.479128 9726
0.659086 4353
0 11221
0 11537
0 7709
0.471367 11333
0.710403 8940
1 10946
0 4618
0.722512 15125
1 14676
0.556235 10305
0.563133 5631
0 16384
0.474792 16384
0 9660
0 15362
0 14429
0 16384
0.564877 11360
0 7757
0 14457
0 16384
0 9724
0 12848
0 16384
0 16384
0 12174
0 9146
0 16384
0 8355
0 16384
0 16384
0 15414
0 16384
0 7890
0 16384
0 9163
0 10461
0 6491
0 14401
0 9138
0 16384
0 16384
0 16384
0 11511
0 12412
0 16384
0 16384
0 10449
0 16384
0 11857
0 5532
0 11786
0 7693
0 6489
0 6004
0 7984
0 11987
0 14145
0 6477
0 9508
0 16384
0 14578
0 16384
0 16384
0 4882
0 8878
0 16384
0 13308
0 13116
0 5360
0 15869
0 5455
0 11992
0 16384
0 9558
0.36499 16384
0.747489 8760
0 8126
0 16384
0.0250384 9106
1 16384
0 16384
0 11161
0.991331 13266
1 14080
0 8974
0.904264 9756
1 16384
0 8110
0 13722
0.916801 4339
0.609336 6855
0 16384
0 4432
0.324646 8480
1 8652
0 16384
0 13301
0 16384
0.279747 11682
0.707397 16384
1 5819
0.679254 6382
0 10016
0 7132
1 4835
0.669497 8832
1 5816
0.127822 16210
0.228023 5938
1 7573
0.490128 12966
0 16384
0 16384
0 16384
0 8006
0 4247
0 15436
0 16384
0 15581
0 10523
0 16384
0 16384
0 7855
0 4532
0 16384
0 16384
0 16384
0 16384
0 16384
0 16384
0 16384
0 8029
0 12905
0 16384
0 16384
0 16384
0 16384
0 14267
0 10956
0 4315
0 16384
0 10901
0 5324
0 16384
0 16384
0.898071 16384
0.409987 12376
0.791651 5366
1 4426
0 9214
0 7186
0 7300
0 11754
0.906146 15343
0 11694
0.137324 6532
0 5521
0.648709 7202
0.804763 10162
0.335988 10045
1 5760
0 8572
0 5744
0 6227
0.458346 6650
1 5530
0 5632
0 5627
0 6212
0 7612
0 6158
0.528164 8486
0.36731 16384
1 5036
0 7844
0.188932 7463
0 4190
0.891763 5026
0 11109
0 8489
0 4326
0 4748
0 6701
0.591257 13977
0 6225
0.5199 8367
0 4779
0 7565
0 5889
0.68279 10151
0.704285 16384
0.926515 13826
0 5887
0.940647 12788
0.974588 10192
0.262512 16384
0.574431 6328
0.685242 16384
0 13582
0 5375
0.62931 8352
0 6292
0.641231 5622
0.408739 7758
0.524077 5171
0.403297 6613
0.147386 5930
0 6192
0 4543
0 5585
0.830688 16384
0.749241 15146
0.600953 11337
0 4135
0 6147
0.668396 16384
1 4432
0.579258 15765
0.63256 11376
0.644592 11446
0 8611
0.741783 4868
0 16351
0 9012
1 5295
0.266216 15371
0 6754
0.814915 7791
0 10334
0 13279
0 15136
0 16384
0.760462 7886
0.650544 15072
0.966342 12924
0 6190
0.708496 16384
0.122029 13128
0 7088
0 6372
0.877885 9057
1 5781
0 6018
1 14927
0 13366
0 11337
0 15867
0.927979 16384
0.738 16229
0.873146 14560
0 13016
0 6751
0.933313 9657
0 5448
0 8084
0 4125
0 11725
0 16384
0 5906
0 4890
0 4811
0 11245
0 10615
0 16384
0 15427
0 4577
0 16384
0 14935
0 16384
0 8814
0 12903
0 16384
0 6726
0 6887
0 5433
0 4302
0 12950
0 5243
0 7769
0 7974
0 5040
1 16384
0 11629
0 12841
0 9662
0 5269
0 4754
0.171318 11359
0 9601
0 13125
0 9505
0 4682
0.164592 12534
0 5893
0 8259
0 4379
0 6061
0 10910
0.82866 4173
1 6175
1 6047
1 4162
0.634146 5412
1 4239
1 6181
1 6108
1 5714
1 4429
1 6117
1 6143
1 6125
1 4641
1 6098
1 5276
1 7031
1 6144
1 4129
1 6111
1 6165
1 16289
0 11170
0 15625
0 8915
0 16384
0 10440
0.526202 4179
1 4989
0.979509 9809
1 16384
0.545755 6043
0 16384
0 16384
0.430303 7260
1 11731
0 6929
0.795206 6133
0 11982
0 14284
0 6068
0 15312
0 6220
0.292396 16228
1 16384
0 11670
0 8954
0 8736
0 4237
0 9659
0 7886
0 8329
0 5893
0 11543
0 6504
0 4678
0 16384
0 4696
0 7160
0.527896 6094
0 4861
0 4164
0 4614
0 16319
0 11634
0 14506
0 4639
0 4217
0 6623
0 6434
0.399302 12607
1 16384
0.715234 8133
0 11460
0 8106
0 9027
0 16384
0 9654
0 6170
0.180359 16384
1 7787
1 5029
0.869116 11812
1 10681
1 8664
1 8600
0 9783
0.523946 5596
0 8889
0.756528 9229
0 5318
0 6167
0 6951
0.759752 10639
1 5237
1 12779
1 5944
0 9281
0 16384
0 16384
0 10064
0.242495 5563
1 6249
0 15839
0 16384
0.815024 9904
1 9047
0 13050
0 16384
0 5250
0 11138
0 5514
0 14551
0 4525
0 7862
0 9545
0 16384
0 4573
0 16384
0 5201
0 8172
0 5970
0 5916
0 16384
0 13770
0 16384
0 16384
0 11068
0 4872
0 8992
0 16384
0 16384
0 8628
0 14863
0 16384
0.522422 7894
1 6369
0 10129
0 7108
0 8734
0 9029
0 10736
0 4608
0 8935
0 11371
0 4140
0 6560
0 11766
0 7426
0 5331
0 4722
0 10895
0 4486
1 16384
0 16384
0 16384
0 8778
0 16384
0 9776
0 5265
0 16281
0 5796
0.731422 6836
1 6395
0.543107 14754
0 7841
0 8253
0 16036
0 6433
0 4842
0 5518
0 6860
0 6240
0 10500
0 7032
0 16384
0 5180
0 16384
0 10626
0 6308
0 11494
0 6179
0 10596
0 6165
0 5200
0 16384
0 12878
0 6592
0 5413
0 4265
0 16384
0 6622
0 16384
0 16384
0 5081
0 5262
0 16384
0 16384
0 5180
0 10142
0 16384
0 16384
0 16384
0 16384
0 5576
0 16384
0 16384
0 16384
0 16384
0 8603
0 4192
0 16384
0 16384
0 16384
0 9552
0 14168
0 16384
0 12903
0 16384
0 9158
0 16384
0 14037
0 16384
0 16384
0 12842
0 16384
0 16384
0 16384
0 16384
0 8622
0 6398
0 16384
0 9375
0 11627
0 13401
0 10972
0 5305
0 12447
0 7982
0 16384
0 7712
0 5389
0 16384
0 5343
0 5930
0 4771
0 7390
0 6548
0 7300
0 4772
0 7899
0 11330
0 13707
0 16384
0 14118
0 9587
0 11825
0 16384
0 16384
0 9751
0 5347
0 9382
0 10626
0 16384
0 12466
0 10504
0 9815
0 4358
0 14138
0 8878
0 14215
0 7704
0.673425 12873
0.677382 5973
1 10573
0 12548
0.42132 8846
1 6711
0 7823
0 7828
0 8391
0 8538
0 10890
0 5542
0 6532
0 6983
0 7102
0 5689
0 9026
0 7690
0 7338
0 6872
0 5295
0 14177
0 4511
0 9992
0 6884
0 7057
0 6817
0 8989
0 9232
0 5505
0 4867
0 12256
0 8530
0 7778
0 8322
0 8093
0 15367
0 10846
0 10134
0 5271
0 5204
0 7279
0 10596
0 8508
0 9150
0 4578
0 11801
0 5579
0 6855
0 9581
0 4498
0 10538
0 11555
0 5094
0 8797
0 8897
0 16384
0 5547
0 4855
0 16384
0 6725
0 5660
0 5637
0 5992
0 6311
0 5574
0 11449
0 8449
0 4450
0 6600
0 15366
0 9761
0 13880
0 10469
0 8530
0 15600
0 14731
0 4926
0 15323
0 8845
0 7810
0 6112
0 5967
0 5578
0 9318
0 8791
0 5859
0 5932
0 4135
0 5207
0 16384
0 9144
0 6136
0 5521
0 8641
0 5121
0 6496
0 11518
0 6220
0 10299
0 7906
0 10308
0 4342
0 8887
0 8333
0 5133
0 11235
0 7784
0 6800
0 5291
0 7961
0 8463
0 4480
0 4985
0 16384
0 8256
0 10079
0 9895
0 5873
0 8788
0 6169
0 6218
0 5504
0 7208
0 5388
0 4454
0 6836
0 11239
0 11049
0 8023
0 5956
0 4168
0 4962
0 12878
0 9469
0 14277
0 9987
0 8048
0 10840
0 4149
0 6497
0 6485
0 13383
0 9537
0 6693
0 15872
0 9767
0 6204
0 7478
0 8033
0 13138
0 10043
0 5911
0 6515
0 5573
0 5662
0 7227
0 7128
0 7643
0 11688
0 12556
0 8120
0 6605
0 8593
0 7832
0 4459
0 8320
0 8259
0 6991
0 5301
0 5525
0 6061
0 7192
0 5365
0 5307
0 10216
0 8808
0 10063
0 7626
0 4979
0 11755
0 7807
0 6704
0 10503
0 10108
0 6714
0 10058
0 12435
0 5936
0 4514
0 6094
0 4848
0 11472
0 7690
0 12861
0 10452
0 15533
0 6535
0 11507
0 6122
0 13222
0 4581
0 15962
0 8632
0 7026
0 7019
0 8522
0 6204
0 8750
0 8141
0 5914
0 6876
0 6675
0 14135
0 6909
0 6667
0 10502
0 10310
0 8679
0 8621
0 10771
0 6725
0 6916
0 7022
0 5799
0 7080
0 5604
0 6423
0 11861
0 9143
0 6999
0 6304
0 10206
0 4652
0 12592
0 8387
0 6920
0 10842
0 7034
0 4756
0 6549
0 11985
0 7123
0 5791
0 6592
0 5298
0 8109
0 15144
0 7095
0 6585
0 8307
0 10139
0 7030
0 5911
0 6665
0 7155
0 8756
0 5921
0 6037
0 6919
0 7021
0 5430
0 8104
0 7631
0 6151
0 5597
0 12711
0 8184
0 8022
0 5666
0 5226
0 5647
0 6681
0 6233
0 5654
0 7187
0 10223
0 10232
0 10813
0 12079
0 5989
0 4549
0 5899
0 5234
0 4998
0 9955
0 8315
0 8791
0 6607
0 6551
0 5904
0 9665
0 6457
0 8599
0 10521
0 7774
0 4111
0 14833
0 6693
0 16277
0 16384
0 8283
0 8893
0 7203
0 11838
0 10625
0 5429
0 6675
0 8106
0 9862
0 15212
0 8284
0 6495
0 5496
0 5660
0 5471
0 10979
0 5943
0 5589
0 4956
0 4756
0 5285
0 5546
0 6623
0 5871
0 7470
0 10974
0 4601
0 6007
0 6911
0 11090
0 4141
0 5992
0 8155
0 5788
0 8867
0 6210
0 4527
0 10075
0 8151
0 13797
0 9388
0 5473
0 5704
0 8263
0 5314
0 11274
0 9759
0 4203
0 6569
0 6882
0 13106
0 9686
0 7731
0 6536
0 8708
0 7714
0 4447
0 10170
0 6592
0 5212
0 6694
0 6021
0 6348
0 6196
0 9126
0 8311
0 8893
0 4488
0 6257
0 7041
0 13286
0 4587
0 6643
0 5316
0 5799
0 16019
0 6202
0 10233
0 6817
0 9128
0 5696
0 10913
0 7264
0 5875
0 8128
0 16384
0 6647
0 15161
0 12465
0 5663
0 5864
0 9361
0 4314
0 9296
0 5259
0 9797
0 11461
0 9561
0 15475
0 11129
0 6484
0 5205
0 6008
0 8831
0 8716
0 5959
0 11046
0 11523
0 8055
0 6661
0 10062
0 6837
0 15379
0 6556
0 4433
0 5034
0 12093
0 11486
0 8033
0 7026
0 6099
0 7575
0 8676
0 14793
0 6626
0 6822
0 8058
0 7757
0 6224
0 16384
0 6651
0 5808
0 4869
0 9424
0 5632
0 4552
0 4173
0 6553
0 10357
0 6142
0 15297
0 5548
0 8342
0 10267
0 6419
0 5330
0 9531
0 13717
0 9265
0 9081
0 8155
0 7651
0 6494
0 6888
0 11192
0 6156
0 10925
0 8971
0 4224
0 7174
0 9695
0 10639
0 6595
0 10639
0 11854
0 5771
0 8122
0 6544
0 10491
0 9629
0 4152
0 7084
0 10157
0 10166
0 10747
0 12013
0 7777
0 5771
0 16372
0 8800
0 9010
0 5788
0 6275
0 8796
0 12619
0 8785
0 6735
0 4472
0.742805 16330
0.217155 4780
1 6120
0.351738 11338
1 5485
1 6429
0 12745
0 8678
0.620526 14976
1 16384
0.368287 16088
1 4890
0 16376
0 4533
0 11139
0 7167
0.401245 16384
1 7247
0.794954 4994
1 16384
1 8980
0 10039
1 14601
0 6346
0 6697
0 5461
0.653259 16384
0 9068
0 5282
0 6694
0 7060
0 6662
0 15458
0 16384
0 11906
0 6584
0 4124
0 7503
0.492868 16335
1 16384
0 5225
0 9975
0 5155
0 9666
0 4581
0 4145
0 4702
0 7291
0 5286
0 16384
0 4768
0 5488
0 5051
0 16384
0 16384
0 16384
0 16384
0 4184
0 5790
0 12452
0 15193
0 13400
0 14448
0 16384
0 16384
0 16384
0 16384
0 8567
0.856438 12155
0 13352
0 5423
0 8118
0 12402
0 15618
0 5019
0 10132
0 6249
0 9738
0 5230
0 5547
0 13952
0 10095
0 11846
0 7564
0 16384
0.441724 16010
0 8908
0 4958
0 13696
0 4491
0 8868
0 4170
0 14275
0 9881
0 16384
0 4696
0 6682
0 16384
0 11891
0 5580
0 4625
0 6487
0 7627
0 12284
0 16384
0 16384
0 7961
0 5044
0 10555
0 5106
0 4723
0.512199 6886
1 8586
0 4460
0 4543
0 6337
0 5790
0 11466
0 5144
0 5711
0 9422
0 16384
0 4957
0 5945
0 11851
0 6279
0 12291
0 14563
0 15824
0 10939
0 7952
0 11275
0 7425
0 9963
0 12983
0 9019
0 7611
0 9619
0 14311
0 4876
0 6753
0 16384
0 5874
0 16384
0 4341
0 4584
0 11709
0 9992
0 8705
0 9201
0 16092
0 16150
0 4298
0 13041
0 8798
0 16384
0 5898
0 4288
0 8902
0 16384
0 11253
0 5610
0 6168
0 11062
0 16384
0 4468
0 5145
0 7377
0 7580
0 6953
0 7370
0 4507
0 7983
0 16384
0 4205
0 13773
0 4398
0 10826
0 7830
0 13191
0 4732
0 12624
0 11511
0 16384
0 12377
0 4516
0 6891
0 15906
0 8475
0 8514
0 4168
0 9829
0 11933
0 6181
0 6281
0 9112
0 4934
0 12919
0 5160
0 13110
0 9849
0 6471
0 16384
0 8856
0 10345
0 8864
0 7993
0 8766
0 8822
0 15425
0 12160
0 11021
0 4548
0 15026
0 13561
0 13463
0 12870
0 8541
0 5601
0 6193
0 10063
0 16384
0 6051
0 16384
0 9021
0 4251
0 7591
0 12236
0 9590
0 4305
0 4857
0 4458
0 12098
0 9737
0 10814
0 15574
0 10706
0 4405
0 4245
0 9105
0 8444
0 14669
0 16384
0 4274
0 5544
0 4356
0 6775
0 11557
0 4438
0 4352
0 13337
0 11997
0 6231
0 10836
0 12385
0 10590
0.707126 15423
0 9161
0 4307
0.701537 15228
0 10026
0 16384
0 6880
0 5719
0 4764
0 16384
0 6622
0 5705
0 12598
0 5723
0 10911
0 12485
0 8222
0 11317
0 16384
0 6833
0 4285
0 16384
0 8690
0 16384
0 10778
0 16384
0 11955
0 10212
0 10278
0 16384
0 16384
0 6267
0 16384
0 15550
0 16384
0 14356
0 9483
0 16384
0 16384
0 16049
0 16384
0 16384
0 5718
0 16384
0 5239
0 6397
0 7157
0 16384
0 4870
0 16384
0 16384
0 16384
0 6105
0 16384
0 16384
0 16384
0 16384
0 7632
0 14086
0 16384
0 16384
0 16384
0 8261
0 16384
0 15058
0 7688
0 16384
0 16384
0 16384
0 10295
0 7053
0 16384
0 7127
0 16384
0 4709
0 16384
0 13933
0 10865
0 16384
0 16384
0 16384
0 16384
0 14242
0 16384
0 16384
0 16384
0 7997
0 16384
0 5295
0 5884
0 6098
0 16384
0 16384
0 11782
0 16384
0 16384
0 16384
0 16384
0 4556
0 16384
0 16384
0 16384
0 16384
0 16384
0 16384
0 7908
0 9227
0 6115
0 13396
0 4691
0 12686
0 14937
0 10981
0 16384
0 10128
0 7777
0 14104
0 16384
0 16384
0 16384
0 16384
0 16384
0 16384
0 4966
0 16384
0 16384
0 5363
0 16384
0 13199
0 4245
0 12394
0 11393
0 13412
0 16384
0 4703
0 10894
0 6987
0 11401
0.383652 6949
1 4719
1 10764
0.676082 4850
1 15435
1 16384
1 14481
0 8208
0.92041 16384
0 4399
0.688904 16384
0 5994
0 16384
0 4516
0 7481
0 15390
0 10511
0 6432
0 6823
0.613829 8851
1 14526
0 12687
0 4211
0.522339 16384
0 5255
0.736277 5866
0.283784 6586
1 16384
1 6247
0.599711 13850
1 13565
0.774414 16384
0 4437
0 4303
0.895527 9390
1 6224
0.182245 12785
1 16364
1 16384
1 5348
1 4251
0.826132 6804
0.606995 10379
1 8655
0 4251
0.605437 13610
0 8023
0 6324
0.562132 5947
0.176592 12107
1 16384
1 8921
1 7213
1 12243
1 6817
0.910048 11873
0 5884
0 6595
0.671143 16384
1 16384
1 9733
0 5320
0 4726
0 4352
0 11128
0.604431 16384
1 4643
1 8382
1 15837
1 7990
0 7022
0 6798
0.278655 8297
1 5430
1 5027
1 6903
0 16384
0 5989
0.727234 16384
1 4871
1 8139
1 5541
0.971983 9066
0 10382
0.568825 4170
1 8926
0.526324 6268
0 8145
0 6144
0.935946 9695
0.86094 4703
0 6326
0 4998
0.80898 7973
1 6782
0.327086 14779
0 14467
0 16384
0 12862
0 4191
0 5369
0 8219
0 4630
0 8493
0 6298
0 5401
0 10321
0 7809
0 8324
0 15184
0 5608
0.209144 6168
1 7061
0.43649 6621
1 9022
1 16384
0.154305 13577
0 6072
0 8525
0 10717
0 6347
0.200444 9913
0.908961 6294
0 5395
0 5789
0 5575
0.901961 5712
1 10005
1 9904
0 8805
0 15783
0 4310
0 5215
0.495728 16384
0 9666
0.842486 13840
1 16384
0 16384
0 15902
0.69257 5276
0.471738 6652
0 5052
0 4166
0.197323 10759
1 5108
0.53792 10944
0 5221
0.738263 12333
0 7419
0 16384
0 4174
0.947475 15345
0.453198 10865
0 4195
0.811953 8684
0.139902 4303
1 16384
1 16384
1 5896
0 4678
0 5418
0.413133 6533
1 6297
0.949465 14485
0.196893 9914
0 4428
0.368615 6500
0 10349
0.199289 5906
1 4685
0 5365
0 7273
0 16384
0 10402
0 14821
0 4691
0.871643 16384
1 6975
1 7204
0 10608
0.465876 8850
0 15701
0 13622
0 8352
0.50149 14427
0.273132 10559
0 8238
0.0689235 8212
1 5441
1 16384
0 4346
0 5201
0 13789
0.0995955 5191
1 7680
1 11977
1 6297
0 14299
0.932929 6918
1 11527
0.0758244 9522
1 4151
0.843344 4845
1 6605
0.584807 11308
1 13703
1 5043
1 8588
0 11500
0.42917 14563
0.284474 14163
0 6779
0 10178
0 13902
0 4689
0 7232
0 10822
0 5451
0 8144
0 9411
0 6743
0 8182
0.0749528 8472
1 11919
0.909051 13799
0 12564
0.245979 6155
1 16384
1 5409
0.842217 8011
1 5038
0.76916 4332
1 11929
0 15263
0.197172 15347
1 11535
0 9778
0 7184
0 13988
0 4910
0.825064 7860
1 4772
0 5715
0 11192
0 6788
0 4477
0 8855
0 14184
0 16384
0 9674
0 10774
0 15366
0 8361
0 12083
0 4524
0 12158
0 9105
0 4823
0 7651
0 15971
0 6533
0 11000
0 8540
0 8545
0 16384
0.914742 8445
0 4937
0 16007
0.789884 12198
1 8887
0 4975
0 11100
0 16384
0 4378
0.742334 8022
1 8130
0.630708 14322
0 14911
0 4127
0 5026
0.0994094 11005
1 5119
0.389614 11727
1 10391
1 4763
0.201399 6718
0 7201
0 7760
0 9103
0 4360
0 4856
0 4561
0.581868 12795
1 5172
0.167144 6982
1 4455
0.362177 5420
1 6046
0 4194
0 4203
0.524859 4264
1 12732
0.363831 16384
1 5313
0 5004
0.79822 10675
0 7168
0.157979 6906
1 4358
0 5538
0.848119 11937
1 4541
0 8485
0.952471 8458
1 4561
0 4861
0.706528 6740
1 11852
1 4826
0 10922
0.80373 6649
1 4311
1 5173
1 7519
0 5100
0.480347 16384
1 15546
1 4356
0 6121
0.469284 4509
1 5634
0.627883 13571
0 7680
0 4861
0 8025
0 9130
0.0429559 6076
1 5717
0 5777
0 4968
0.251098 7284
1 6749
1 4465
0.582769 8566
1 6027
0 7309
0 6320
0 7843
0.209181 6731
1 5577
0 5120
0 5012
0 5740
0 5632
0 4861
0.218024 6458
1 5577
0 16160
0.848987 9476
1 5084
0.167144 6982
1 5818
0 5799
0 6392
0.533754 12680
1 5198
0 10380
0 7167
0 4598
0 11274
0 7168
0 4299
0 9021
0 5194
0.0377284 7554
1 6443
1 5889
0 4398
0 5155
0.373217 7923
1 6588
0.530951 13489
1 4119
0 5637
0 5427
0.496537 11550
0 4501
0 11982
0 6185
0 5676
0 10434
1 6098
0 4291
0.60494 15223
1 5736
0 6680
0.712453 4521
1 16384
0.945764 4296
1 5000
1 10997
0 6560
0 14044
0 5914
0 12459
0 7049
0 8887
0 11757
0 6054
0 8754
0 4385
0 16384
0 11815
0 7628
0 9956
0.309285 11255
0 4407
0 6503
0 9234
0 8398
0 8338
0 16384
0 5730
0 14475
0 5576
0.799005 9045
0.0757852 5476
1 9400
0 6388
0 12774
0 4188
0 6072
0 8124
0 5945
0 4377
0 7533
0 4920
0 8122
0 4245
0 11088
0 12375
0 7174
0 11168
0.748724 4115
1 16384
0.238739 8059
1 7311
1 16384
0.179287 10129
0.131257 8091
0.265712 6985
1 14662
1 5341
0.834167 16384
0 8457
0 13442
0 5551
0 16384
0 16384
0 16384
0 7451
0 16384
0 11814
0.4767 4957
1 10139
0 11371
0 6393
0 10997
0.467978 13116
1 4832
0.287912 8322
1 13381
0.480053 6091
1 7656
0.506741 6824
1 16384
1 5435
0.761536 16384
0 5578
0 15650
0 4254
0 14565
0 5457
0 13024
0 8027
0 4398
0 15343
0 4710
0 13024
0 8027
0 4398
0 11321
0 7542
0 5413
0 10818
0 16384
0 5258
0 9858
0 9467
0 8057
0 5171
0 14615
0 5459
0 9316
0 4895
0 12527
0 12330
0 14554
0 5965
0 8797
0 6176
0 5965
0 8797
0 6621
0 8786
0 4442
0 15343
0 7284
0 5218
0 9141
0 4540
0 8378
0 5338
0 11118
0 10043
0 16384
0 16384
0 11639
0 12058
0 7737
0 13893
0.163697 16109
1 9866
0.816553 15574
0.907471 16384
0 12629
0 14212
0.557803 5043
1 8832
1 15491
0 9381
0 8934
0 12589
0 16067
0 16384
0 6404
0 4215
0 6298
0 6846
0 13980
0.729248 16384
0 4977
0 4391
0 8895
0 8221
0 8845
0.845114 8800
1 16384
0 5431
0.426044 13961
0 4693
0 5928
0 5709
0 16384
0.584072 5525
1 14838
0 5764
0 8570
0.795166 16384
0 15680
0 15243
0 6365
0 7431
0 6219
0 9625
0 11134
0 7349
0 12298
0 4164
0 9728
0 16384
0 15970
0 5319
0.016545 4110
1 15460
1 13594
1 7707
0 6904
0 14063
0 4817
0 6422
0 16384
0 4370
0 9227
0 8230
0 5516
0 8469
0 11296
0 16384
0 7908
0 16384
0 4471
0.657406 7919
0 8102
0 7250
0 8008
0 10137
0 5390
0.265196 15596
1 9814
0 6987
0 5569
0 11562
0 7235
0 11835
0.107895 7118
1 4833
0 6916
0 16384
0 11675
0 14069
0 11445
0 5102
0 8246
0.554308 8995
0 4648
0 14110
0 5848
0 10880
0 15462
0 8521
0 5078
0.0140381 16384
1 6485
1 11295
0 4855
0.900751 7859
0.883857 9583
0 15364
0 13899
0 14681
0 6498
0 8026
0 7895
0 16384
0 13911
0 4391
0 16384
0 4281
0.0331345 10563
1 8339
0 6020
0 7709
0 4218
0.730469 16384
1 8513
1 16384
0 12075
0 4234
0 7225
0 6224
0 6419
0 7833
0.593105 7513
0 7873
0 13962
0.211088 12753
1 5174
0 4360
0 4711
0 10005
0.473761 14311
0 4329
0 6702
0.233597 9495
1 6955
0.680833 10753
1 6305
0.703159 11016
0.379028 16384
0 9926
0.453613 16384
0.702665 4278
1 8642
0.789011 5460
0 5846
0.915261 7057
1 12090
0.336332 4335
1 16384
1 16384
1 11827
1 9400
1 14220
1 5242
0.885809 14248
1 15312
0 11957
0.473578 5923
0 4386
0 16114
0 6955
0.965291 11150
0.173895 7424
1 5647
0 14122
0 4803
0 4870
0 4990
0 9368
0 4222
0 5734
0 12738
0 11331
0 10037
0 5679
0 11049
0 7550
0 16384
0.41966 10051
1 7652
0 4531
0 5760
0 5821
0.952146 14419
0 9865
0 6554
0 11983
0 7195
0 4833
0 8258
0 13390
0 4555
0 4884
0 4325
0 5103
0 14871
0 4396
0 5199
0 8422
0.018331 16093
1 4983
0 11820
0 12170
0 7113
0 13117
0 5840
0 4863
0 5304
0 4837
0 10192
0 4962
0 8216
0 5637
0 16384
0 5834
0 6761
0 6802
0 6692
0 12572
0 5209
0 8159
0 6359
0 6063
0 5437
0 4253
0 8190
0 5784
0 16099
0 4656
0 6155
0 6302
0 5097
0.37982 10763
1 11786
0.591116 12517
0.0711367 4161
1 12845
0 16384
0 5401
0 14397
0 14339
0 6378
0 7334
0 5729
0 11833
0.372838 4742
1 6433
0 5751
0 6445
0.701165 12271
0 5914
0.886108 16384
1 4392
0 6434
0 13599
0 11579
0 4883
0 8562
0 11553
0 5910
0 5122
0 4282
0 6466
0 5153
0.454052 14908
0 5397
0 4309
0 5653
0 5051
0 4582
0 4540
0.95854 15340
1 14283
0 5486
0 5202
0 9688
0 4101
0 8344
0.209057 9385
1 14662
0 16384
0 9243
0 10629
0 7783
0 4268
0 4263
0 16088
0 5767
0 7229
0.675467 14279
0 12859
0 8992
0 4447
0 6170
0 7952
0 4577
0 4409
0 10681
0 6603
0 16384
0 5303
0.194265 11788
1 16384
1 6089
1 6297
1 6456
1 10275
0 4610
0 5256
0.52631 9806
1 5100
0.759948 8444
0 14940
0.68607 6992
0 10979
0.670702 4956
1 4619
0 7900
0.687777 9932
1 9363
0.503407 15848
0 9164
0 5237
0 9274
0 10051
0.501741 7755
0 4241
0 4544
0 10524
0 15723
0 9596
0 5044
0 15359
0 5146
0 6895
0 10200
0 5667
0.368303 4909
1 9959
0 9315
0 13164
0 8010
0 15559
0 8370
0 16384
0 8534
0 6368
0 16384
0 4888
0 5954
0 9546
0 8220
0 5295
0 4932
0 4628
0 4805
0 6727
0 4802
0 13409
0 6894
0 5236
0 9207
0 12986
0 8965
0 6175
0 7413
0 6726
0 12321
0.439209 16384
1 14838
0 11942
0 4711
0 8610
0 6015
0 6220
0 8431
0 13589
0.595093 8355
0 16384
0 4857
0 5905
0 7428
0 5877
0 4664
0 4630
0 7239
0 6412
0 4862
0 5556
0 8628
0 7256
0 4895
0 14679
0.463387 12277
1 8115
0 15217
0 5020
0 9098
0 7225
0 4378
0 9171
0 10028
0 4602
0 4941
0 16384
0 9927
0 9536
0 8648
0 14752
0 4980
0.159923 13988
0.891516 7697
0.706531 4532
0.616707 5004
0.51858 4225
0.414978 16384
0 7116
0 5861
0.87239 9529
0.851135 16384
0.411972 9372
0.687849 8954
0 4290
0.863781 5983
0 11448
0 7000
0 6683
0 5914
0.772766 16384
0.815661 11864
1 10370
0.787915 9284
1 8965
0.698768 7144
0.508862 5473
1 8074
0.0812411 4899
1 9724
0 9018
0.883471 15893
0.803687 11935
0 4694
0.903198 16384
0 4618
0 4599
0 7756
0.355061 7103
0.89262 5122
0 6792
0 4884
0 9338
0.20983 12329
0.0263232 14170
1 4637
1 6380
0 5110
0.0584192 6402
1 13118
0.635986 16384
0.958987 8095
0 5481
0.5271 16384
1 10145
0.864123 12504
0.518471 11586
0.784347 10132
0.513511 11028
0.61286 5210
0 7268
0.323115 11776
1 4420
1 16384
0 4496
0 6132
0.992186 11646
0 4679
0 6839
0.555955 10303
0.828021 5396
0 10280
0.599518 6642
0.369572 6678
0.279725 12212
0.891142 10950
1 4165
0 5330
0.148989 4450
0.295975 4149
1 5112
0 16384
0.367908 7790
0.945942 13282
0.221867 13463
0.415169 8900
0 4213
0 5990
0 4805
0 10222
0.599403 7037
0 13474
0.494253 6525
0 4645
0 4909
0 4760
0.497783 7895
0.80457 8709
0 7835
0.769265 11121
0 4582
0.429614 4795
0 6207
0 5151
0 8223
0 4850
0.855176 7989
0 4147
0 6298
0.594378 5372
0 6780
0 6764
0.615154 16378
0.567246 7480
0.86029 9942
0.538384 6982
0.516591 7052
0.571526 5837
0.8078 9282
1 5976
0.265192 4657
1 8244
0.905205 13429
0.898193 16384
0.0856934 16384
1 16384
0.921659 14756
0.0974164 4219
1 4458
0 9100
0.0868548 7691
1 5810
0.885958 10540
0.727894 12723
0 4899
0.646118 10625
1 15461
1 16384
1 16384
1 16384
1 16384
1 14962
0.932129 16384
1 14121
1 11738
1 16384
1 16221
0 4340
0 5256
0 6200
0 4121
0 15883
0 16384
0 9296
0 6672
0 13050
0 6688
0 8227
0 8287
0 5867
0 7458
0 6894
0 4210
0.216905 13310
1 13079
0 6104
0.395234 4868
0.888421 5700
0.319918 6858
1 14932
0.260771 6615
0 11776
0.90556 14263
0.960558 10040
0 16384
0 16384
0 11888
0.681214 16337
0.84503 4175
1 4976
0.572176 7648
0.20459 16384
0.9524 4874
1 4811
0.718935 8265
0.756071 9224
0.863159 16384
0.831909 16384
1 16384
1 6264
1 16384
0.36845 14333
0 8418
0 4109
0.764757 12706
1 6264
0 8910
0 11588
0 9595
0 7534
0 10646
0 13519
0 12978
0 9295
0 11552
0 13462
0 10680
0 9465
0 5703
0 16384
0 4254
0 7098
0 7591
0 5017
0 6263
0 8467
0 12006
0 8118
0.13093 9654
1 13924
0 7493
0 7123
0 6855
0.987488 16384
0.537703 5981
0 7297
0.530213 9979
0 5456
0 4118
0.945618 16384
1 4498
0.888181 8952
0 13194
0 5093
0.867184 15977
0.58949 13644
1 7419
0 5757
0 8719
0 6177
0.680379 8751
0.0555118 5080
1 4223
0 5153
0 9115
0.908876 13114
0.925098 11762
0.0703735 16384
1 4322
0 4993
0 6938
0 6409
0.328552 16384
1 8089
0 6175
0 4500
0 11729
0.615385 10556
1 15050
1 16384
0 6774
0.273473 6827
0 6026
0.154809 7028
1 4719
0 6707
0 7392
0 5129
0 5839
0.50314 12261
1 12569
0.284933 10055
0.587655 16006
1 5766
0.613525 16384
0.988525 16384
0.12665 4319
1 4488
0.154762 11004
1 4750
0 4406
0.787781 16384
1 6176
1 5980
1 7500
0 8491
0.503242 14341
1 5817
0 11887
0 4572
0.114411 11214
0.970832 8674
1 8751
0.688112 12248
0.180886 10338
0.242208 11647
1 4819
1 9009
0.769876 7748
1 6796
0 6943
0 7109
0.906829 8962
1 5021
0.720495 5338
0.315051 6345
0.309509 16384
1 7537
1 12777
0 8842
0 11244
0 4785
0.282873 7742
0.51108 7040
0.82398 5738
1 8932
0.852337 4578
0.0901006 13718
1 4980
0 6581
0.374817 16384
0 4646
0.665529 9080
1 16384
0 7426
0 4131
0 16384
0.809191 9727
1 7284
0 4398
0.401769 10964
1 10076
0 4475
0 5429
0 6570
0.0853485 7030
0 4948
0 9432
0 6936
0 5318
0 5837
0 5977
0 5503
0 16384
0 5235
0.496037 6560
0 16384
0 4586
0.637681 6624
0.562988 16384
0 5227
0 16350
0 4738
0 4568
0.430007 9451
1 13165
0 7469
0.79667 10992
0 5089
0.734665 5706
1 16372
0.497498 16384
0.216248 16384
0 7667
0.563085 4811
0 5543
0.478775 6761
0.928733 4869
0 14287
0 5668
0 5195
0 4375
0 6314
0 5467
0 11818
0 9921
0 4681
0 5504
0.0670488 9247
1 9059
0 8871
0 4579
0 16384
0 8256
0 4530
0 4795
0 4240
0 4857
0 12299
0.64111 11608
1 9698
0 4417
0 8724
0 9877
0 9159
0 7535
0 7412
0 16384
0 4240
0 6729
0 7795
0.0252672 4116
1 8624
0 7472
0 5913
0.54794 8156
0 6196
0 4561
0.906186 6886
1 12644
0 16384
0 6745
0 12434
0 5799
0 8383
0 5833
0 6086
0 4137
0 8585
0 4164
0 10433
0.867429 15486
0 15443
0.536669 7295
0 9821
0 16384
0 6782
0 6689
0 10198
0 16384
0 11809
0.628533 8103
1 6828
0 7234
0 16384
0 4806
0 6043
0 5034
0 16384
0 5195
0 5230
0 6237
0 16384
0.647359 7441
1 5845
0 4129
0 7196
0.788244 9374
1 7075
0 16384
0 7859
0 6784
0.096194 6227
1 5935
0 6554
0 11495
0.686275 12444
0 9807
0.687428 5186
1 4692
0 4988
0 12019
0 12792
0.137297 9301
1 8505
0 4856
0 9152
0 4100
0 9112
0 5545
0 15383
0 5091
0 6025
0 4850
0 5698
0 5807
0 9417
0 10350
0 5331
0 5601
0 4320
0 14145
0 6608
0 16384
0 6163
0.650899 15010
1 5289
0 5911
0 4526
0 6984
0 6871
0 9352
0 8399
0 4268
0 8875
0 7424
0 5390
0 6517
0 11024
0.103754 11720
1 14373
0 5702
0 16384
0 6262
0 6545
0 5719
0 11065
0 7273
0.495715 4434
1 14970
0 4907
0 4508
0.705489 14047
0.505309 8947
1 10209
0.367352 4233
1 8799
0 5273
0 5939
0.326387 9789
0.215982 12251
0 4101
0 5254
0 6603
0 6612
0 6362
0 4563
0 7418
0 9022
0.597021 13090
0 4778
0 13198
0 5731
0 10546
0 6606
0 5180
0 4835
0 4882
0 7999
0 5349
0.562664 4955
1 5614
0 8214
0 7489
0.658752 16384
1 4326
0.555514 13213
1 7167
1 5610
0.855887 11491
0 16384
0 5268
0 5169
0 11726
0 14208
0.873407 12789
0 5621
0 6709
0 5800
0 11865
0 6497
0 8366
0.121856 6163
1 6361
1 4605
0 8587
0.619552 11610
1 16384
0.873121 11909
1 7244
0 7954
0 4577
0 6949
0 12101
0 7312
0 9878
0 16384
0 9806
0.262926 7040
0 4602
0.738928 6661
0.510772 6684
0.927124 16384
0.614624 16384
0.357698 8236
0.460521 6877
1 10994
1 9601
1 6711
1 9288
1 9312
0.486054 6131
0.457558 4889
0.843518 8608
0 4820
0.568196 6408
0 5628
0 4485
0 4993
0 8370
0 16384
0 12517
0.17829 12805
0 5079
0 16384
0 6897
0 11454
0 4739
0.654061 15575
0 5850
0 5761
0 8411
0 6243
0 6590
0.641869 4194
1 4697
0 5041
0 13739
0 8012
0 6604
0 9223
0 7105
0 12619
0 7343
0 4876
0 10267
0.166823 6396
1 6438
0 7980
0 4601
0 7753
0 8590
0 11443
0 7478
0 4193
0 5496
0 6134
0 5930
0.548706 16384
0 7766
0 4572
0.644068 9558
0.160733 14017
0 10862
0.202348 11159
1 11872
0 7725
0 16384
0 7740
0 12236
0 6341
0 8587
0 5273
0 13656
0 4469
0 5869
0 16384
0 7816
0 16384
0 4597
0 4378
0 7171
0 4828
0 11514
0 11846
0 7729
0 10757
0 6619
0.826557 11191
0 4676
0 4774
0 6245
0 5783
0 12074
0 6938
0 5116
0 15235
0 16384
0 5155
0 4510
0 6458
0 4265
0 7005
0 7379
0 4802
0.733333 7815
1 16384
0 5180
0 13850
0 5997
0 5120
0 4403
0 8977
0 5677
0.936811 5713
1 7516
0 8392
0.407189 7790
1 6472
0 7771
0.947325 9587
0 8343
0.751038 16384
1 16384
1 16384
1 14024
1 16384
1 4372
0.637955 11366
1 12536
0 8942
0.358273 7712
0 5791
0.303345 16384
1 7225
1 16384
0 8412
0 9576
0 5155
0 5741
0 7748
0.449463 16384
1 11420
0 10670
0 6106
0 5572
0 7149
0 6420
0.79049 4248
1 7414
0 4931
0 4469
0 8295
0 11652
0.365581 9396
1 6642
1 4728
1 5656
0.461322 10303
1 16384
1 5695
0.544343 14151
1 14325
0.829679 14960
1 15361
1 5518
1 11130
0.535389 9438
1 5971
0 4626
0 16384
0 9035
0 7020
0 7306
0 8198
0 5246
0 16384
0 6125
0.0988115 8582
1 11677
1 9728
1 8987
0 6968
0 9400
0 16384
0 5801
0.963239 10990
0.810866 11706
1 10038
1 9257
0 4304
0 7099
0.345792 7438
1 12366
1 6000
0 4886
0.891405 8656
1 10689
0 4227
0 6927
0 4780
0 13413
0 9054
0 8591
0 5423
0 10033
0 4714
0 6094
0 5523
0 5412
0 10129
0 5779
0 7234
0 7151
0 4787
0 6417
0 11034
0 9255
0 7744
0 5837
0 8232
0 6804
0 10732
0 4495
0 7183
0 5277
0 5638
0 4110
0 9159
0.451659 6992
1 12841
0 4665
0 4636
0.920527 11312
0 4499
0.867064 11073
1 9405
0 9966
0 8291
0 7156
0 8984
0 5943
0 7449
0 5660
0 4683
0 4364
0 4261
0 6218
0 4727
0 7600
0.760864 16384
0 4402
0 14907
0 16384
0 13030
0 5744
0 6398
0 8825
0 4186
0 5299
0.7988 7669
0 4569
0.642209 16205
0 7785
0 6988
0 5087
0 7992
0.180638 6239
1 16384
0 16384
0 4100
0 6820
0 8150
0 9228
0 4186
0.866045 7719
0 11826
0 5681
0 10874
0 7055
0 4762
0.973846 8450
1 16384
0.805699 6001
1 5371
0.758681 10310
1 9308
0.518205 14392
0 10369
0 16384
0 11331
0 4572
0 7791
0 8812
0 4674
0 12659
0 5834
0 6880
0 16384
0 12586
0 4962
0 8316
0 11909
0.078186 16384
1 15509
0 11233
0 8774
0 13381
0 9701
0 4175
0 9463
0 8765
0 13617
0 16384
0 11912
0 7932
0 6415
0 5000
0 6900
0 7384
0 5432
0 5420
0 5857
0 9577
0 4836
0 7173
0 11589
0.983432 12615
0 9602
0 6188
0 13446
0 9477
0 12082
0.0305176 16384
1 7731
1 8106
0.963989 16384
1 6109
0 7704
0.787003 10033
1 9972
0 6273
0 16262
0 16384
0 10266
0 8526
0 16384
0 8898
0 4131
0 16384
0 15818
0 6438
0.970434 11026
1 4956
0 11822
0 8727
0 6552
0 5740
0 9730
0 4813
0 16384
0 12085
0 5734
0 9292
0 5051
0 4374
0 12850
0 8490
0 4153
0 16384
0 5778
0 8598
0 9485
0 5082
0 4674
0 6709
0 7900
0 7291
0 4917
0 7386
0 6237
0 9555
0 4191
0 4508
0 6479
0 5948
0 15402
0 7295
0 6106
0 5714
0 4666
0 16384
0 6569
0 6259
0 7418
0 8307
0 10336
0 7243
0 9426
0 8395
0 8359
0 11058
0 6792
0 9669
0 4383
0 8297
0 4742
0 6097
0 5424
0 16384
0 5490
0 9867
0 8802
0.899412 4255
1 9650
0 6090
0 5302
0 9802
0 8246
0 12392
0 16384
0 5276
0 16384
0 14169
0 8816
0 4280
0 8977
0.229865 11224
1 7527
1 7728
0 9203
0 8843
0.31664 11821
0.491545 9757
1 16384
0.0947558 9973
1 11138
0 7178
0.569655 11679
1 9616
0 5035
0 10447
0 7441
0 6691
0 10210
0 16384
0 4353
0.234015 6068
1 13589
0 8297
0 6331
0 4900
0.868425 6255
0 5312
0 6393
0.323928 4359
1 16384
0 8800
0 5457
0.213663 4816
0 5172
0.887637 8606
1 4574
0.088966 8936
0 5887
0.04801 8040
1 9222
0 10348
0 4499
0 7229
0 7679
0 5990
0.516015 9054
1 8221
0.899537 10153
0 7872
0 10730
0 5085
0.573068 9936
1 8748
1 15841
0.574765 10319
0.674049 11649
0.885498 16384
0.528799 12674
0.971558 16384
0.284058 16384
0.550314 4452
0 4748
0 11978
0 8567
0.795429 7044
1 16384
0.964594 15280
1 5526
0.700227 9257
1 16384
0.187703 10490
0.505805 5340
0 4561
0.808694 10214
0 6673
0 6454
0 4792
0.531567 7397
0.674184 9932
0 16384
0.304906 4362
1 8219
0 4330
0.898218 4490
0.464189 14451
0 8234
0.613295 14321
0.382465 7334
1 16384
0 6556
0.0555711 10689
1 7055
0 8910
0.351224 9763
1 5000
0.364223 9291
0 5045
0.0653153 5772
1 6253
0 4166
0 16384
0 8467
0.199463 16384
0.202074 6171
1 4445
0.512733 5890
0.934043 8551
0 5002
0.665377 14736
0 13058
0 6115
0 4905
0 10909
0 7779
0 6755
0 8318
0.426726 5807
0 8547
0.219481 5554
1 14885
1 5573
0 4596
0 11286
0 16384
0 12218
0 16384
0 9103
0 6206
0 5235
0.789762 11330
0 16384
0 7926
0 6972
0 9603
0 8209
0.298564 8494
1 7266
0 5772
0 6250
0 7324
0 4873
0 4450
0 13350
0.771021 9324
1 9269
1 5492
0.855078 14180
0 16384
0 12272
0 13172
0 10500
0 5966
0 16384
0 6587
0 6692
0 16384
0 9928
0 16384
0 9493
0 6134
0 10789
0 11260
0 11597
0 7415
0 16384
0 5276
0 14656
0 8622
0 5222
0 12659
0 16384
0 12170
0 11881
0 12424
0 16384
0 8162
0 4644
0 6741
0 8198
0 6818
0 9513
0 4127
0 4175
0 4452
0 8419
0 8530
0 8726
0 12562
0 8781
0 6044
0 4559
0 6437
0 7780
0 10369
0 6736
0 5389
0 9171
0 7946
0 6850
0 8743
0 11230
0 11214
0 16384
0 4655
0 14519
0 16384
0 16384
0 5978
0 4100
0 16384
0 16384
0 5060
0 16384
0 11837
0 11469
0 5604
0 7916
0 4766
0 8436
0 8673
0 5689
0 7389
0 8077
0 4701
0 9866
0 4479
0 4764
0 5810
0 16384
0 6671
0 5560
0 11659
0 4335
0 5708
0 6850
0 6698
0 4586
0 4472
0 16384
0 13028
0 6122
0 5828
0 4226
0 6439
0 9182
0 8711
0 11131
0 5080
0 6047
0 4163
0 4280
0 9196
0 4368
0 4286
0 12267
0 5798
0 8465
0 4833
0 16384
0 5170
0 4577
0 4227
0 10908
0 10791
0 4687
0 5438
0 6486
0 16384
0 10914
0 13576
0 7062
0 9105
0 7726
0 11330
0 9627
0 7279
0 8861
0 11527
0 5584
0 9031
0 5313
0 5132
0 11935
0 10709
0 10188
0 11516
0 16384
0 16384
0 7574
0 16384
0 16384
0 16384
0 11298
0 16384
0 16384
0 8541
0 12386
0 12688
0 5068
0.409702 6988
0 9098
0.400866 8776
1 4129
0 9455
0 4593
0 4932
0 8703
0 10979
0 6078
0.572179 10467
0 4167
0 9580
0 6656
0.586982 5162
1 7933
0 6395
0.695516 15298
1 9563
0.609356 12505
0 9269
0.727783 16384
0 8100
0 8446
0.655954 8028
1 14998
0.487883 12874
1 8043
0.921378 13177
1 10021
0 14914
0.292729 4745
1 12060
1 8890
0 9622
0.277039 16384
1 7299
1 10764
1 5593
0 4273
0 14859
0 6124
0 6253
0 4560
0 5477
0 7955
0.0653167 15754
1 7196
1 10382
0 5553
0.560262 7932
1 8683
0 13144
0 6463
0 4984
0.507594 6584
1 5809
0 4306
0.446874 6494
0.638645 6138
0 9805
0.370496 9104
1 10350
1 6272
1 4322
0 6134
0.730182 12968
0 4376
0 11351
0 11890
0.198885 14888
1 4380
0.314859 5828
0 4693
0.344557 14256
1 7019
0 7810
0.511598 7803
1 16384
1 5374
1 9077
0.717186 9013
1 16384
0 7698
0 8185
0 4235
0.428293 8207
1 4516
0 5517
0 5687
0.846267 4768
1 10220
0.94697 4224
1 4475
1 7140
0 8036
0.787475 11401
1 4103
0.966029 6800
0 4638
0 4409
0.580432 6807
1 4552
0 4614
0.625518 6999
1 8011
0.763627 11558
1 16384
0 4365
0 6117
0 16384
0 5105
0 6540
0 4784
0 7153
0 16384
0 6835
0 16309
0.289024 5266
1 16384
0 10212
0.13909 9102
1 8612
1 16384
0.60968 16384
0 5655
0 4908
0 6564
0 7395
0.631734 9170
1 7821
0 5255
0 13508
0 16384
0 6615
0 5369
0 5077
0 11269
0 6716
0 6130
0 5889
0 5007
0.753688 10779
0.5271 16384
1 4964
0 5542
0 16384
0 13262
0 6964
0 7797
0.272009 8224
0.190659 5460
1 6242
0.745918 6431
0.61583 4839
0.983369 5532
1 4989
0.698305 9556
1 9388
0.722105 8532
1 15761
1 6932
0 9427
0 7278
0.846363 8455
0 5016
0 6963
0 6920
0 10902
0 13749
0 6654
0.525869 14496
0 8171
0 4886
0.18366 7503
1 5065
1 11608
0.667977 8397
0.896918 10157
1 8737
0 16384
0 4523
0.246518 9334
0 15540
0.942353 10252
0 5560
0.262067 5739
1 5888
0.749375 6404
1 16384
0 8399
0 6968
0 8905
0 9881
0 16384
0 4520
0 9268
0 4830
0 7870
0 5684
0 5414
0 5811
0 4271
0 10711
0 10316
0 6101
0 4450
0.670586 6123
0.279197 6379
1 16384
0 8060
0 8783
0 6873
0.206591 7222
0 6186
0 10072
0 4824
0 6792
0 8808
0 10390
0 4254
0 7675
0 6244
0 5278
0.569565 8891
1 7468
0.639893 16384
0.827393 16384
1 7023
0.603482 8789
1 9901
0 13412
0.264331 6280
1 4791
0 16384
0 4325
0.898876 14952
0 7238
0 6874
0.300412 5589
0 7151
0 11321
0 16148
0 11895
0 16384
0 10085
0 4795
0.715865 5610
0 6813
0 4908
0 16384
0.64801 16384
0 6510
0 12822
0 4891
0 8737
0.0518648 8580
1 4511
0 16384
0 13007
0 13467
0 4387
0.123596 16384
1 4462
0.821727 6692
1 16384
0 5611
0 8075
0 5442
0.179787 14812
0.295869 8399
1 16384
0 4597
0.630264 9926
0 13038
0 4149
0 4719
0 5375
0 9488
0 11367
0 7198
0 5003
0 9917
0 5455
0 11947
0 4256
0.194863 7164
1 8773
0 8186
0.00858653 4542
1 10248
0 5933
0 16384
0 10114
0 14389
0 5889
0 11933
0 6898
0 14506
0 5360
0 11088
0 5215
0 16384
0 5995
0 16384
0 5645
0 5041
0 4628
0 7050
0 16248
0 4101
0 6468
0 4211
0 12636
0 5597
0 6334
0 7284
0 8820
0 4291
0 5514
0 7025
0 5970
0 12290
0 8344
0 9406
0 7650
0.739069 4986
1 6093
0 16275
0.623951 5603
1 12074
0.211131 5049
0 4379
0.0954089 11152
1 6549
0 4660
0 8026
0 13108
0 6311
0 8343
0 6985
0.952795 5296
0 16384
0 7073
0 5200
0.413754 4435
0 8004
0 11588
0.187744 16384
1 16384
0 10429
0 12574
0 13721
0 4245
0 5029
0 6697
0 5365
0 5405
0 14202
0 12978
0 11518
0 7417
0 16384
0 14356
0 15458
0 4659
0 4647
0 4728
0 4767
0 16384
0 5050
0 4107
0 8813
0 5293
0 9121
0 10414
0 6552
0 10474
0 6263
0 5280
0 5512
0 15821
0 10067
0 4189
0 7371
0.37214 8873
1 5720
0.103286 7639
0 5674
0 8210
0 6007
0.980317 15851
0 4863
0.633234 6740
0.0959853 4907
1 16304
1 9159
1 13056
0 4804
0 10336
0 7412
0 6279
0 4348
0.645028 7995
0 6298
0 6186
0 4664
0 6267
0.5672 10878
0 7843
0.917786 16384
0.867903 14073
0 9773
0 5617
0 10402
0.949597 7817
0.0380222 6654
1 12811
0 5645
0.315493 14555
0 4368
0 6714
0.894165 16384
0 8317
0.224998 15289
0.930516 9441
0 4801
0.034527 12483
1 6049
0 5423
0.734098 8018
0 5042
0.418915 14676
0.368612 4677
0 5941
0.512804 9489
0 6398
0 6038
0 6609
0 4931
0 7993
0 5671
0 8582
0 4924
0.463546 13181
0.926996 7479
0 14595
0 5922
0 10536
0 6646
0.401612 6698
0 4280
0 16384
0 4142
0 8299
0 7718
0 5338
0 12971
0 14008
0 11186
0.106628 16384
1 16006
0.126971 4883
1 7687
0 16384
0 6712
0 4738
0 5033
0 10763
0.456917 10352
1 10819
0.818066 10218
0 5923
0 5502
0 5439
0 6893
0 12585
0.353333 16384
0 6675
0 16281
0.579206 7127
0 8746
0 4665
0 6358
0 7108
0 8513
0 9893
0 6636
0 16384
0 11577
0 9881
0 6536
0 5486
0 5113
0 9220
0 5193
0 14616
0.77169 7757
0 4199
0 4110
0 9061
0 9409
0 4294
0.949084 6226
0.745075 10964
0 7211
0 8599
0 5991
0 11034
0 5373
0 6043
0.628557 11878
1 9436
0 5208
0.232451 8006
1 16384
0.405851 6426
1 5056
0.852499 5722
0 5461
0 11769
0 9036
0.34269 9904
0 6939
0 6050
0 14341
0 11396
0 4926
0.967295 7369
0.855376 7357
0.95078 7375
1 9188
0 4514
0 11678
0 16201
0 4828
0 5583
0 8214
0 8435
0 4227
0 15101
0 4222
0 6991
0 12592
0 7474
0 6216
0 11194
0 5386
0 14960
0 5742
0 4180
0 8384
0 6499
0 9833
0 6652
0 4186
0 9434
0 11062
0 5107
0 11023
0 4542
0 4146
0 4195
0 4996
0 10030
0 5779
0 16384
0 11977
0 4270
0 4244
0 5835
0 7034
0 10325
0.21979 5346
1 6487
0 16384
0 7240
0 8584
0 6210
0 13505
0 7477
0 8646
0 4876
0 6662
0 4279
0 16384
0 7954
0.855641 5043
0 12960
0 4202
0 5801
0 4509
0 6687
0 13184
0 10723
0.43393 6478
0 5294
0 15610
0 4925
0 7508
0 4722
0 6685
0 11902
0 10652
0 5755
0 9223
0 16384
0 5191
0 8699
0 4895
0 6562
0 7588
0 16384
0 12123
0 4960
0 4819
0 5227
0 16384
0 5562
0.971316 11400
1 16384
1 14201
0 16384
0.938205 13561
0 4317
0.778939 8613
0.923805 6024
0 5320
0 11651
0.636054 4987
0 16384
0 7586
0 5209
0.943298 16384
1 10364
0.700867 16384
1 4301
0 7016
0 4390
0 5130
0 12568
0.16019 5687
1 4214
1 14595
0.0927548 14382
1 16384
0.717251 4336
0 10748
0.969357 15599
0 5891
0.640179 8482
0 12619
0 12660
0 9912
0 11996
0 13227
0.228406 6900
1 4323
0 16384
0 6511
0 5135
0 5554
0 7936
0.781242 7922
0 7234
0 9300
0 4469
0.854981 6675
0 7582
0 8121
0 6790
0 7760
0 5451
0.752901 6463
0 6407
0.433619 6312
0 8981
0 16384
0 12070
0.935589 4285
0.437224 14711
0.791809 16384
1 8630
0.645269 8381
0 4569
0 4931
0.904785 16384
1 16384
1 4380
1 7991
0 6533
0 16384
0.551223 5847
1 7760
0 5232
0 8030
0.940776 14234
0 16384
0 9745
0 12857
0 16384
0 14790
0 4555
0.658813 16384
0 8332
0 16384
0 7321
0 7061
0 6938
0 8030
0 6863
0 9070
0 4688
0.529292 13792
1 5238
1 9594
0.965507 13510
1 9284
1 4780
1 11237
0 8052
0.176597 13443
1 4763
0.091739 8873
1 9299
0.987364 10051
0 7134
0 9465
0 5697
0 6653
0 4391
0 7805
0 14307
0 11981
0 10127
0 15744
0 5158
0 16384
0 8921
0 5072
0 6049
0 16384
0 4495
0.399565 6432
1 8178
0 9651
0.836465 14315
1 4117
0 4227
0.703629 10912
0 5706
0 6306
0.784936 6054
0 4757
0 5116
0 4869
0 4530
0 5379
0 7877
0 11826
0 10776
0 7187
0 7260
0 16384
0 5808
0 8483
0.539257 6572
0.442094 5578
0.808932 9337
1 13507
0 8955
0 7784
0 8774
0 9467
0 12255
0.533433 10080
1 14940
1 5807
0.763672 16384
1 4514
1 14683
0 4446
0 10692
0 13868
0 5119
0 5601
0 6131
0 11444
0 5151
0 4224
0 6618
0 4974
0 6722
0 6218
0 5425
0 10456
0 10904
0 9691
0 14116
0 5606
0 6449
0 5717
0 4462
0 4238
0 4800
0 7310
0 9773
0 6985
0 4304
0 5130
0 5268
0 5469
0 6299
0 10797
0 5123
0 8371
0 9587
0 5488
0 9482
0 13416
0 8008
0 6744
0 7455
0 16384
0 8271
0 4866
0 8937
0 16384
0 4192
0 12384
0 8294
0 15679
0 9645
0 14524
0 5247
0 6984
0 5377
0 11332
0 5905
0 9431
0 5784
0 7695
0 5836
0 9379
0 8162
0 5604
0 7461
0 5135
0 8225
0 6242
0.83844 16384
1 6168
1 9109
1 10353
0 4706
0 8122
0 5013
0 8423
0 9111
0 4777
0 7937
0 15757
0 16384
0 5111
0 15257
0 9616
0 4886
1 5284
0 6626
0 7913
0 4591
0 6636
0 10277
0 9399
0 5039
0 5587
0 15648
0 10853
0 7166
0 9058
0 11985
0 16384
0 9018
0 7476
0 5293
0 9018
0 5671
0 5700
0 5079
0 8718
0 16384
0 5438
0 8573
0 5035
0 6530
0 4568
0 7230
0 16384
0 5238
0 8784
0 4785
0 6114
0 8177
0 4277
0 11242
0 4460
0 4913
0 5469
0 6083
0 8340
0 4534
0 7535
0 11229
0 10502
0 8692
0 7964
0 4866
0 4602
0 4366
0 7864
0 11267
0 6948
0 5538
0 4453
0 7881
0 4765
0 8656
0 6941
0 4103
0 16384
0 13400
0 16384
0 4833
0 4375
0 6347
0 12236
0 6727
0 9540
0 9683
0 6810
0 4834
0 5406
0 11857
0 4194
0 6691
0 4872
0 6278
0 5896
0 14553
0 13870
0 7793
0 14016
0 13710
0 12665
0 8843
0 8139
0 16384
0 13204
0 4211
0 4363
0 7974
0 6241
0 10152
0 8393
0 7343
0 16384
0 7361
0 5124
0 12124
0 5779
0 9699
0 8006
0 16384
0 7281
0 11277
0 10344
0 9835
0 5532
0 15444
0 6671
0 13696
0 16366
0 11267
0 16384
0 15330
0 16384
0 5687
0 16384
0 10304
0 9162
0 4100
0 4286
0 16046
0 9850
0 5950
0 5802
0 6595
0 10408
0 15875
0 4138
0 8425
0 10561
0 5696
0 12770
0 5743
0 4246
0 4521
0 16384
0 11753
0 7220
0 9428
0 7342
0 11313
0 4521
0.738013 6966
1 5644
0 16384
0 5023
0 7883
0 8014
0 5484
0 9118
0 9153
0 5036
0 4997
0 4761
0 7175
0 5227
0 4255
0 16384
0 9338
0 4515
0 4713
0 11239
0 4781
0 4790
0 14869
0 6044
0 4505
0 5167
0 6274
0 12387
0 8710
0 5478
0 7609
0 7656
0 12921
0 4589
0 15455
0.288307 7218
1 7814
1 11239
1 6656
0 10919
0 9897
0 6985
0 10026
0 5864
0 15658
0 4322
0 7351
0 7680
0 16384
0 16194
0 12410
0 9806
0 5250
0 16384
0 5789
0 4656
0 8868
0 4789
0 7852
0 4880
0.0351015 12763
1 10705
1 6433
0 16384
0 10042
0 6991
0 4564
0 12442
0 5392
0 6467
0 7036
0 7391
0 11643
0 10420
0 5465
0 15917
0 7610
0 8583
0 16384
0 7519
0 4294
0 13963
0 5076
0 8543
0.0291271 11055
1 8674
0 6412
0 9252
0 10331
0 10452
0 4413
0 10165
0 9210
0 9182
0.188293 11036
1 9510
0 4535
0 16384
0 7619
0 14988
0 8827
0 10381
0 5508
0 6868
0.694551 5762
1 16384
0 7097
0 7073
0 7836
0 16384
0 16384
0 7789
0.75477 9905
1 7724
0 4199
0 7227
0 13951
0 9854
0 10272
0 6807
0 6029
0 9673
0 6635
0 7707
0 7185
0 4935
0 5321
0 5940
0 7867
0 5214
0 12844
0 4215
0 8198
0 15255
0 9301
0 7415
0 16384
0 4324
0 4921
0 8099
0 4964
0 8224
0 8159
0 7348
0 7566
0 4222
0 6147
0 5199
0 8407
0 6487
0 7485
0 16384
0 4417
0 5377
0 10200
0 9831
0 5465
0 8398
0 9634
0 10803
0 13069
0 7767
0 4586
0 10498
0 16384
0 7964
0 13981
0 10777
0 6882
0 11163
0 8613
0 16384
0 4975
0 8866
0 6910
0 4746
0 8567
0 4437
0 6144
0 15408
0 7971
0 9794
0 6075
0 8169
0 5918
0 16384
0 4319
0 12581
0 5111
0 8734
0 8620
0 7790
0 4709
0 7433
0 11324
0 6561
0 6230
0 4770
0 7610
0 5120
0 16384
0 7971
0 6709
0 6667
0 6637
0 7244
0 11877
0 7588
0 11782
0 13927
0 13450
0 5996
0 5549
0 11385
0 4683
0 6490
0 16384
0 4872
0 4304
0 5227
0 11030
0 5158
0 15616
0 10472
0 4211
0 12091
0 4449
0 6853
0 6221
0 4441
0 10090
0 10826
0 5340
0 4905
0 9556
0 4117
0 8491
0 8192
0 16384
0 4362
0 15225
0 11506
0 10755
0 11298
0 4801
0 16384
0 8589
0 5228
0 6605
0 14110
0 7737
0 15713
0 4705
0 5076
0 5714
0 5698
0 14027
0 7192
0 5843
0 7344
0 6652
0 4641
0 14665
0 14555
0 4563
0 9051
0 16384
0 8211
0 9539
0 4399
0 5852
0 8439
0 7039
0 9962
0 5588
0 14274
0 5349
0 11069
0 7478
0 11331
0 13403
0 4307
0 12506
0 6742
0 6266
0 7904
0 5427
0 8462
0 4105
0 9163
0 5536
0 4391
0 8212
0 12399
0 6764
0 8740
0 8114
0 15377
0 6119
0 9842
0 6811
0 13134
0 4487
0 5792
0 7734
0 6283
0 8103
0 8005
0 11821
0 7504
0 16384
0 7535
0 6678
0 6622
0 4915
0 6976
0 7146
0 4777
0 11279
0 6210
0 5599
0 16384
0 4402
0 4916
0 4344
0 5102
0 16201
0 11893
0 9866
0 7036
0 6207
0 5395
0 6682
0 8016
0.381738 10667
1 7341
0 13466
0 7402
0 7959
0 5153
0 12002
0.278358 8428
1 6461
1 13174
1 5495
0 6522
0 5726
0 16384
0 6242
0 5999
0 16384
0 6369
0 6131
0 15120
0 5979
0 5874
0 16384
0 4271
0 5661
0 16384
0 5190
0 4316
0 10115
0 5134
0 7067
0 5568
0 5699
0 6958
0 11437
0 6359
0 10048
0 5953
0 8388
0 4977
0 13944
0 16384
0 4929
0 15681
0 4975
0 5668
0 6143
0 16384
0 16384
0 11526
0 5930
0 8627
0 16384
0 16384
0 5608
0 4998
0 6318
0 7991
0 12014
0 5251
0 5675
0 5280
0 10744
0 6102
0 4105
0 4339
0 4834
0 4810
0 5967
0 6741
0 6918
0 5421
0 7617
0.118415 6055
1 7702
1 12556
0 8762
0.930359 16384
1 6569
1 7749
1 4554
0 6908
0 4852
0 4194
0 4869
0 5957
0 9766
0 5607
0 8377
0 6409
0 8946
0 15117
0 8005
0 7717
0 16384
0 9407
0 11129
0 6908
0 10212
0 13487
0 7408
0 6350
0 4505
0 4462
0 14235
0 12531
0 16384
0 5550
0 8199
0 6369
0 4888
0 5912
0 7391
0 4127
0 14843
0 9047
0 6181
0 8271
0 12217
0 14846
0 5749
0 5105
0.585516 9238
1 11089
0 10464
0 6641
0 15176
0 5473
0 7884
0 4601
0 7455
0 16384
0 12481
0 5294
0 9942
0 4702
0 4864
0 11450
0 11210
0 11398
0 6174
0 6179
0 16384
0 5617
0 6387
0 13229
0 4254
0 5261
0 11232
0 5682
0 4745
0 5468
0.373674 5941
1 16384
0 4552
0 7928
0 9003
0 7144
0 16384
0 6557
0 14324
0 4200
0 16384
0 11008
0 4189
0 5489
0 8437
0 7316
0 5573
0 9782
0 10012
0 13144
0 4852
0 11541
0 16384
0 4907
0 4646
0 6785
0 9062
0 15841
0 8643
0 11756
0 16384
0 7185
0 9531
0 6697
0 11636
0 11584
0 8754
0 16384
0 6428
0 4383
0 9592
0 6342
0 4207
0 9944
0 11583
0 5384
0 16384
0 4654
0 6378
0 7783
0 11469
0 11050
0 5083
0 4146
0 9001
0 4148
0 6901
0 11979
0 6784
0 10718
0 4348
0 16384
0 5349
0 5498
0 5529
0 9406
0 4432
0 6261
0 4345
0 7322
0 6286
0 4526
0 12589
0 9023
0.330723 5618
1 14617
0 14815
0 5920
0 4229
0 4635
0 11368
0 12659
1 15107
0 5560
0 9106
0 16384
0 12195
0 9044
0 7093
0 4389
0 8543
0 7593
0 6537
0 11305
0 4293
0 15894
0.683818 10320
1 5589
0 8063
0 5329
0 4687
0 4815
0 10298
0 6151
0 6497
0 9084
0 16384
0 9806
0 8999
0 5221
0 13187
0 7616
0 6007
0 6879
0 7375
0 7924
0 5757
0 7929
0 5438
0 4244
0 8023
0 8498
0 5203
0 6666
0 7015
0 16384
0 4134
0 5422
0 4584
0 6060
0 11660
0 13188
0 5602
0 9181
0 4326
0 11420
0 5596
0 13023
0 12578
0 5298
0 8553
0 6195
0 16384
0 9403
0 4634
0 12723
0 9124
0 4141
0 4499
0 5150
0 7684
0 5933
0 10773
0 4953
0 10828
0 11565
0 14960
0 4692
0 7112
0 7008
0 6702
0 4657
0 16384
0 5884
0 6265
0 5611
0 4184
0 4265
0 4305
0 5278
0 14263
0 7494
0 5061
0 4127
0 4580
0 6807
0 4695
0 6330
0 5879
0 7969
0 10009
0 7140
0 6933
0 16384
0 6970
0 5946
0 13060
0 6829
0 5815
0 5796
0 8550
0 9803
0 7796
0 6559
0 9294
0 6603
0 6167
0 4976
0 4318
0 8761
0.689219 4109
1 4432
1 11525
1 4201
0 16056
0 13831
0 8428
0 8316
0 11659
0 4185
0 10123
0 9616
0 5875
0 5582
0 11517
0 6953
0 8226
0 7257
0 5403
0 8461
0 6076
0 10151
0 8197
0 4719
0 4173
0 5131
0 4222
0 5301
0 12795
0 4866
0 5742
0 5261
0 6092
0 6076
0 8468
0 16384
0 9553
0 9183
0 4489
0 4584
0 4217
0 16384
0 6650
0 5854
0 15730
0 7344
0 4762
0 16384
0 9096
0 16384
0 5423
0 6442
0 16384
0 4456
0 11410
0 6373
0 16384
0 4322
0 5318
0 16384
0 5215
0 5919
0.909607 16384
0 6348
0 9075
0 8714
0 14620
0 15539
0 7634
0.576467 11397
0 10033
0 12037
0 5303
0 4298
0 4193
0 5079
0.9197 6401
0 4716
0 7325
0 7031
0 13743
0 8063
0 8542
0 4985
0 14405
0 16384
0 8980
0 10733
0 9490
0.724485 6261
0 8120
0 5424
0 6760
0 15279
0 11930
0 7343
0 9223
0 6921
0 16384
0 7346
0 14499
0 8069
0.609433 10961
0 11778
0 9511
0 8727
0 4636
0 5846
0 16384
0 4601
0 11937
0 7104
0 6287
0 7435
0 8191
0 5432
0 7507
0 16384
0 4835
0 12771
0 10177
0 9450
0 7940
0 11938
0 16384
0 8951
0 5520
0 7886
0.496217 15727
0 7336
0 7289
0 16384
0 5023
0 16384
0 5714
0 16384
0 7743
0 8510
0 8922
0 11186
0 6766
0 6213
0 13936
0 4855
0 14103
0 9170
0 16384
0 9267
0 10817
0 6362
0 4408
0.906921 16384
0 6308
0 11991
0 4241
0 7542
0 4257
0 16183
0 4329
0 11885
0 16384
0 8691
0 7210
0 7134
0 16384
0 6912
0 13619
0 8519
1 8593
0 13253
0 16059
0 4748
0 7721
0 6695
0 5584
0 5874
0 7449
0 6360
0 8072
0 16384
0 6684
0 10980
0 4212
0 8034
0 7314
0 7585
0 9531
0 12904
0 4951
0 5588
0 8151
0 10213
0 6996
0 4989
0 9583
0 8081
0 10268
0 10523
0 6556
0 4266
0 12478
0.933881 11691
0 7103
0 9158
0 7325
0 5475
0 9891
0 10558
0 4735
0.664432 8055
0 6452
0 8714
0 5132
0 14478
0 4832
0 7689
1 11876
0 6786
0 12439
0 8548
0 4487
0 9810
0 9102
0 12382
0 9917
0 9671
0 5025
0 4379
0 15876
0 12260
0 4324
0 4882
0 10336
0 5245
0 4548
0 7860
0 10832
0 10704
0 9605
0 6859
0 10371
0 16384
0 4102
0 9508
0 13524
0 10212
0 16384
0 5541
0 5536
0 16384
0 10908
0 11889
0 11249
0 4868
0 8058
0 6464
0 7600
0 15998
0 4443
0.651099 12826
1 16384
0 4813
0 9063
0 8234
0 12599
0 16231
0 8031
0 13760
0 4729
0 12664
0 4342
0 7517
0 8758
0 5200
0 11639
0 9870
0 7184
0 8924
0 6946
0 10597
0 15263
0 11486
0 12058
0 13265
0 9924
0 10783
0 6264
0 9205
0 16384
0 10002
0 4216
0 4434
0 5391
0 6991
0 6711
0 11093
0 14703
0 16384
0 7504
0 14283
0.285278 16384
0 4716
0 16384
0 5156
0 16384
0 16384
0 9905
0 4678
0 16384
0 4199
0 7879
0 9730
0 12419
0 5233
0 16384
0 8179
0 9053
0 16012
0 7578
0 7954
0 6651
0 13354
0 9785
0 16384
0 5214
0 8609
0 8272
0 6555
0 12188
0 13074
0 16384
0 9091
0 14484
0 10754
0 5497
0 9770
0 9440
0 16384
0 16384
0 4866
0 7609
0 6808
0 16384
0 16384
0 7656
0 10200
0 5012
0 13606
0 4785
0 10343
0 8944
0 14227
0 9338
0 16384
0 7128
0 5377
0 4124
0 16384
0 4302
0 7613
0 5264
0 5901
0 7799
0 5623
0 6154
0 6468
0.279346 9780
1 16023
0 13109
0 7587
0 12184
0 6884
0 14645
0 4726
0 7083
0 10751
0 5244
0 8138
0 7035
0 5854
0 8560
0 15250
0 11581
0 12583
0 8816
0 4904
0 6494
0 4374
0 7225
0 8098
0 4711
0 12259
0 10321
0 9920
0 7868
0 7644
0 9011
0 10189
0 10148
0 5226
0 4794
0 5426
0 8862
0 5038
0 6913
0 5198
0 6951
0 4257
0 6614
0 12045
0 4548
0 5505
0 7393
0 5064
0 5474
0 4802
0 11163
0 5195
0 4392
0 5874
0 5845
0 7171
0 8155
0 5452
0 10922
0 11551
0 9854
0 5983
0 8972
0 16384
0 12751
0 5941
0 12887
0 4948
0 5215
0 12222
0 6218
0 16384
0 11853
0 10546
0 11867
0 8150
0 9433
0 16384
0 8776
0 6610
0 9428
0 4884
0 9383
0 7697
0 9063
0 8159
0 8159
0 6329
0 9703
0 12190
0 8669
0 6729
0 8422
0 7319
0 4635
0 9094
0 5785
0 10917
0 5247
0 7974
0 11029
0 6134
0 4614
0 5815
0 9139
0 6996
0 6870
0 4979
0 4242
0 5352
0 10149
0 6230
0 7443
0 16384
0 5255
0 6900
0 8157
0 16384
0 11167
0 16384
0 6551
0 8772
0 6703
0 16384
0 13918
0 7715
0 14311
0 16384
0 5780
0 4222
0 5997
0 12648
0 10670
0 16384
0 10595
0 7442
0 6966
0 12089
0 7237
0 10236
0 8159
0 8882
0 5111
0 8038
0 8158
0 15524
0 9270
0 9033
0 13553
0 9350
0 5903
0 11282
0 16384
0 9851
0 7630
0 6813
0 7449
0 5633
0 8788
0 13449
0 8370
0 16384
0 5261
0 7817
0 16384
0 6078
0 15466
0 5383
0 7306
0 5582
0 16384
0 5797
0 10593
0 6658
0 5738
0 6854
0 10470
0 4366
0 15190
0 10445
0 5061
0 4486
0 4200
0 7734
0 9596
0 7241
0 5290
0 8143
0 5378
0 5975
0 7868
0 8018
0 16384
0 4402
0 5233
0 16384
0 6576
0 6992
0 15266
0 13439
0 13646
0 5233
0 6344
0 7044
0 16384
0 16384
0 14050
0 6609
0 9226
0 5285
0 16384
0 6363
0 16384
0 11393
0 14128
0 12485
0 10527
0 10253
0 4283
0 16384
0 5301
0 5499
0 4394
0 4680
0 16384
0 7949
0 16206
0 16384
0 4822
0 4763
0 6014
0 6458
0 10739
0 8034
0 5694
0 9240
0 8700
0 8523
0 5940
1 15191
0 4921
0 4456
0 14364
0 12656
0 6289
0 5410
0 4653
0 4659
0 5694
0 4575
0 7947
0 7117
0 16384
0 6468
0 5271
0 5410
0 11119
0 5095
0 6959
0 16384
0 6229
0 16384
0 10681
0 6333
0 8024
0 7006
0 6940
0 16384
0 9572
0 6368
0 10360
0 6427
0 6574
0 16384
0 6923
0 9209
0 8083
0 10872
0 4880
0 15577
0 7307
0 11202
0 4148
0 9159
0 9374
0 6345
0 9819
0 7327
0 6339
0 8921
0 16384
0 13598
0 16384
0 12216
0 11451
0 16384
0 5345
0 16384
0 7624
0 10832
0 12353
0 13506
0 6930
0 10787
0 4364
0 8849
0 13120
0 13156
0 11809
0 4879
0 7296
0 4662
0 6469
0 8331
0 9948
0 9415
0 12016
0 16384
0 16384
0 5273
0 4182
0 10739
0 5025
0 6164
0 8904
0 16384
0 7191
0 8146
0 6115
0 8808
0 16384
0 7424
0 15096
0 4349
0 10445
0 5411
0 16384
0 5639
0 12770
0 16384
0 7719
0 9147
0 6362
0 8188
0 6482
0 16384
0 4856
0 10882
0 4436
0 4705
0 11561
0 8222
0 7724
0 7006
0 12884
0 10852
0 6689
0 13118
0 8802
0 6411
0 5822
0 15632
0 6773
0 5173
0 4792
0 16384
0 4692
0 11631
0 15716
0 7301
0 5822
0 6121
0 6822
0 7285
0 16384
0 8589
0 12979
0 4376
0 7865
0 4883
0 7105
0 5885
0 4522
0 4584
0 5095
0 15033
0 11371
0 9237
0 8022
0 5799
0 13736
0 10474
0 6152
0 10524
0 16384
0 12471
0 15202
0 4372
0 10414
0 16384
0 16384
0 16384
0 4124
0 9188
0 7303
0 5846
0 8093
0 8896
0 9859
0 8917
0 4581
0 5125
0 9796
0 6808
0 5258
0 6215
0 7000
0 7747
0 16384
0 4918
0 12931
0 15145
0 9703
0 10264
0 6169
0 4186
0 4878
0 9946
0 11994
0 4185
0 6738
0 4198
0 7786
0 11405
0 9735
0 16384
0 11114
0 5582
0 5935
0 5152
0 5418
0 4685
0 16384
0 8444
0 10621
0 7095
0 6523
0 16384
0 9235
0 9017
0 6283
0 9805
0 8831
0 6960
0 7303
0 4276
0 10007
0 4662
0 8921
0 14846
0 12497
0 4911
0 4178
0 8716
0 9014
0 6620
0 5912
0 10193
0 4592
0 11231
0 14340
0 15951
0 4930
0 6938
0 10305
0 5132
0 7917
0 10677
0 5248
0 11279
0 9533
0 4922
0 9542
0 8082
0 6505
0 5683
0 10636
0 5801
0 4486
0 4981
0 13336
0 5870
0 14039
0 8575
0 9624
0 6615
0 8271
0 4869
0 5304
0 5521
0 7328
0 8357
0 4316
0 5111
0 5398
0 9091
0 4758
0 6004
0 15525
0 4158
0 10613
0 13273
0 5349
0 12229
0 4752
0 16384
0 4484
0 4327
0 6243
0 5679
0 4649
0 10168
0 5516
0 5025
0 4931
0 7838
0 4793
0 5648
0 10924
0 4129
0 8745
0 4819
0 11409
0 12475
0 10313
0 16384
0 4155
0 11616
0 8827
0 10177
0 8057
0 8203
0 5644
0 16384
0 16384
0 5499
0 4523
0 7140
0 13473
0 9436
0 9062
0 12839
0 12808
0 14804
0 13040
0 10494
0 10877
0 7431
0 16384
0 7367
0 9441
0 5900
0 7576
0 16384
0 5726
0 16384
0 7279
0 4642
0 10825
0 7299
0 4655
0 7660
0 8171
0 7805
0 10710
0 4163
0 5816
0 4558
0 12610
0 16384
0 12688
0 11039
0 6979
0 10171
0 6480
0 16384
0 16384
0 4162
0 9151
0 8304
0 7704
0 5102
0 4353
0 7912
0 5575
0 16384
0 12910
0 5445
0 9825
0 4115
0 5204
0 16384
0.918961 12821
0 5564
0.650047 14982
1 8125
0 13164
0 8143
0.369607 5679
1 12935
0 5034
0 4756
0 5995
0 5637
0 11309
0 11421
0 8659
0 9761
0 4310
0 7371
0 9778
0 4557
0 6445
0.471387 7811
0 14459
0.666969 4408
0 4814
0 12997
0 16384
0 5585
0 5518
0 5130
0.823648 4956
0 8919
0 6553
0.744973 14222
1 7234
0 6290
0.0744455 12264
0 8507
0 5677
0 5535
0 6406
0 8680
0 11397
0.916638 11468
0 16384
0 8382
0 4845
0 6445
0 10611
0 14620
0 16384
0 5618
0 4497
0 13207
0 13886
0.340986 6490
0 16384
0 10694
0.07173 4503
1 10463
0 4910
0 16384
0 8687
0 6642
0.671142 13854
0 5152
0.762316 12159
0 5726
0 16384
0 5582
0 6294
0 5373
0 9955
0 15659
0 16384
0.383675 5562
1 10514
0 11887
0 4717
0 8359
0 9687
0 5986
0 16384
0 8096
0 8431
0 16384
0 9226
0 5135
0 5612
0 5001
0 4331
0 5080
0 5290
0 4996
0 5505
0 5339
0 5519
0 4237
0 5340
0 7845
0 8301
0 10235
0 4861
0 7233
0 6306
0.664192 13201
0 8637
0 5919
0 14768
0 5773
0 5349
0 4142
0 8976
0 6912
0 16384
0 16384
0 8860
0 8483
0 8805
0 6413
0 4196
0 5564
0 5118
0 7316
0 16384
0 8166
0 15479
0 7176
0 14965
0 16122
0 5603
0 13610
0 6490
0 5917
0 8039
0 10250
0 4632
0 16384
0 5666
0 11933
0 9080
0 11289
0 6069
0 9548
0 16384
0 6535
0 13953
0 9273
0 5312
0 16133
0 10816
0 4298
0 9687
0 7069
0 5313
0 13530
0 5075
0 4882
0 16384
0 14238
0 9080
0 7270
0 7541
0 9720
0 4968
0 6466
0 5719
0 8064
0 4621
0 4569
0 7918
0 6031
0 9762
0 5558
0 4526
0 6666
0 10479
0 4711
0 5362
0.160473 4655
1 11547
0 16384
0 4546
0 8849
0 5206
0 14581
0 10870
0 16181
0 4764
0 4156
0 5325
0 16384
0 15713
0 16384
0 10955
0 11443
0 4484
0 4639
0 6566
0 12440
0 5968
0 5537
0 15886
0 9806
0 11116
0 8158
0 5836
0 7211
0 5819
0 6162
0 6229
0 4117
0 11596
0 4920
0 16384
0 8915
0 9464
0 13280
0 4990
0 4881
0 7838
0 6404
0 7084
0 4538
0 4388
0 4575
0 5145
0 4366
0 15201
0 6333
0 16384
0 4329
0 14913
0 12238
0 10554
0 9347
0 4484
0 16384
0 4895
0 16384
0 12181
0 9132
0 4573
0 4840
0 6447
0 4338
0 5026
0 5278
0 10868
0 6001
0 9007
0 5417
0 4842
0 6074
0 6763
0 16384
0 9216
0 4126
0 5236
0 6532
0 5645
0 10664
0 10589
0 10529
0 10536
0 7128
0 5510
0 6145
0 5692
0 6807
0 6783
0 9061
0 8980
0 14047
0 14902
0 7908
0 12326
0 9404
0.73122 4100
0 16303
0 9632
0 4120
0 12008
0 10102
0 9721
0 5128
0.0107422 16384
1 4765
1 6633
1 16384
1 4621
0 4145
0 9233
0 8934
0 8306
0 6269
0 10044
0 11818
0 4825
0 6076
0 6861
0 14240
0 5865
0 16384
0 8683
0 10966
0 8687
0 10970
0 5304
0 8699
0 13589
0 6611
0 16384
0 16384
0 16384
0 7918
0.530578 14831
0 14617
0 13315
0 7965
0 13944
0 8574
0 7590
0 14731
0 4535
0 10887
0 4318
0 10247
0 6473
0 6015
0 8836
0 6479
0 7086
0 13270
0 9013
0 11582
0 7032
0 5482
0 5399
0 4359
0 12399
0 12031
0 5736
0 10404
0 8645
0 16384
0 13261
0 4417
0 5233
0 5566
0 8520
0 13394
0 5961
0 6064
0 4905
0 16384
0 5075
0 15550
0 16384
0 7916
0 5053
0 5488
0 16013
0 11373
0 16384
0 4465
0 4558
0 6247
0 9433
0 7230
0 9876
0 7530
0 6580
0 6330
0 11449
0 16384
0 5673
0 10293
0 4494
0 9545
0 5424
0 8781
0 7817
0 5886
0 8249
0 8858
0 12097
0 9853
0 4548
0 7438
0 12173
0 6779
0 7681
0.926579 5448
0.903001 14361
0 6012
0 7057
0 4568
0 4353
0 4493
0 6041
0 8051
0 12687
0 9005
0 16384
0 4962
0 10017
0 16384
0 10850
0 4281
0 7749
0 7767
0 10431
0 12043
0 6124
0 16384
0 7631
0 7275
0 4511
0 7975
0 9646
0 10675
0 5660
0 4381
0 13234
0 4765
0 16384
0 5164
0 10081
0 6293
0 14972
0 4249
0 5939
0 6038
0 16384
0 4786
0 6165
0 5588
0 13810
0 4285
0 4261
0 4672
0 15228
0 6639
0 5241
0 9352
0 10446
0 9778
0 7985
0 5967
0 5834
1 16384
0 4250
0 14775
0 8690
0 4434
0 16384
0 6288
0 6969
0 13751
0 6619
0 4242
0 15268
0 16384
0 4112
0 4345
0 4778
0 5042
0 6545
0 12599
0 8272
0 5200
0 13080
0 6027
0 5131
0 6712
0 16384
0 8862
0 5448
0 8448
0 4470
0 5100
0 5537
0 16384
0 5844
0 4348
0 7348
0 11498
0 4465
0 16384
0 15252
0 6011
0 7325
0 13846
0 9254
0 9694
0.317286 14000
0 13876
0 10214
0 4404
0 12107
0 5386
0 14139
0 10923
0.0688364 13089
0 7263
0 13931
0 5001
0 16384
0 8946
0 8063
0 16384
0 9620
0 6266
0 5171
0 6270
0.975586 16384
0 16252
0 4576
0 8554
0 6748
0 16384
0 7504
0 16384
0 7475
0 15575
0 5920
0 6379
0 6855
0 5261
0 4371
0 8342
0 6757
0 4745
0 16384
0 16079
0 11924
0 9080
0 5771
0 6799
0 11041
0 4678
0 16384
0 4210
0 6010
0 4631
0 5024
0 4150
0 4182
0 5357
0 4558
0 5295
0 8288
0 9359
0 16384
0 4323
0 6206
0 4964
0 7867
0 9607
0 8459
0 14675
0 13592
0 11861
0 7169
0 6143
0 4265
0 5066
0 11045
0 12731
0 8697
0 7566
0 8323
0 7688
0 12742
0 16384
0 9421
0 15156
0 15498
0 7228
0 10953
0 12484
0 14971
0.300579 6391
1 7405
0 6895
0 16384
0.314742 9951
1 5594
0 4377
0 6080
0 15057
0 4200
0 5266
0 16384
0 9460
0 9357
0 8412
0 14621
0 16384
0 5028
0 7600
0 4973
0 12578
0 7912
0 5389
0 16384
0 5617
0 4140
0 9321
0 7763
0 5856
0 11429
0 5714
0 8031
0 5234
0 5742
0 6281
0 11854
0 8362
0 6364
0 6373
0 4755
0 7173
0 8479
0 6523
0 15792
0 6810
0 8899
0 5955
0 4277
0 4839
0 10941
0 12949
0 5587
0 6093
0 7491
0 6347
0 6002
0 4209
0 7175
0 5629
0.558465 15163
0 5823
0 16221
0 8332
0 4609
0 6563
0 7638
0 13129
0 16384
0 5716
0 5510
0 13704
0 8806
0 6239
0 6070
0 4746
0 5301
0 4484
0 8315
0 6562
0 7932
0 4412
0 16384
0 4425
0 6917
0 8410
0 4585
0 5584
0 10143
0 14557
0 14362
0 7627
0 6611
0 8814
0 8020
0 16000
0 16384
0 9975
0 14975
0 5211
0 11857
0 6582
0 5139
0 4397
0 6109
0 16384
0 13986
0 14218
0 16279
0 5568
0 11610
0 9754
0 5498
0 8609
0 8029
0 8385
0 13145
0 9099
0 8736
0 10624
0 8537
0 7838
0 6323
0 13040
0 9202
0 6440
0 11845
0 16384
0 10070
0 6917
0 6532
0 14592
0 13409
0 7945
0 10782
0 12859
0 13104
0 5678
0 6039
0 4836
0 8135
0 4467
0 5549
0 6193
0 16384
0 7387
0 16384
0 10772
0 11719
0 5218
0 12011
0 5705
0 4958
0 6715
0 9704
0 9822
0 7100
0 4725
0 16384
0 6396
0 8904
0 8072
0 13907
0 4992
0 16141
0 5150
0 5289
0 6673
0 11677
0 4974
0 4778
0 13129
0 8748
0 4395
0 13983
0 14081
0 6404
0 11536
0 9441
0 7158
0 16384
0 4677
0 16384
0 4777
0 6613
0 8347
0 9965
0 5604
0 5740
0 4357
0 11009
0 16384
0 8380
0 11170
0 16384
0 16384
0 5699
0 10492
0 4660
0 5766
0 7005
0 5349
0 11264
0 16384
0 12132
0 5264
0 9251
0 8790
0 9251
0.466762 6980
1 8398
0 8038
0 8652
0 10536
0 11060
0 6844
0 9041
0 7949
0 11258
0 9778
0 14564
0 12644
0 6770
0 4801
0 6678
0 9239
0 16384
0 9085
0 5407
0 12315
0.536059 13450
1 13207
0 9081
0 4553
0 5848
0 10473
0 5290
0 7948
0 5482
0 16384
0 8345
0 5849
0 10555
0 7033
0 11363
0 10490
0 13972
0 10551
0 11330
0 6235
0 11398
0 6693
0 5813
0 4602
0 15201
0 12486
0 11445
0 16384
0 16384
0 7735
0 7923
0 6101
0 11725
0 9755
0 4254
0 9016
0 8587
0 14072
0 7710
0 6191
0 4455
0 10661
0 12936
0 6713
0 14486
0 10180
0 13277
0 4529
0 10331
0 7412
0 5239
0 16384
0 8510
0 9205
0 6492
0 8540
0 6040
0 6953
0 5217
0 8510
0 4294
0 5553
0 15862
0 6860
0 11798
0 4237
0 4280
0 4954
0 9911
0 16384
0 4576
0 12759
0 6809
0 5860
0 11880
0 10694
0 4582
0 7075
0 9158
0 5531
0 9030
0 11654
0 16384
0 7511
0 6887
0 10316
0 5381
0 8751
0 8522
0 10830
0 15199
0 13660
0 4705
0 5110
0 11488
0 4906
0 11021
0 5505
0 5225
0 9793
0 6204
0 6227
0 8224
0 5454
0 5641
0 16384
0 12591
0 12923
0 9521
0 11792
0 10317
0 5582
0 11760
0 5818
0 5812
0 5103
0 10650
0 6444
0 8728
0 6303
0 6792
0 13956
0 11012
0 7653
0 7857
0 4181
0 5207
0 10470
0 11139
0 7032
0 7775
0 6431
0 10190
0 14455
0 6169
0 16068
0 11336
0 8369
0 12355
0 4257
0 6754
0 16384
0 6785
0 14583
0 16384
0 7962
0 5757
0 7530
0 16384
0 4754
0 13816
0 16384
0 4838
0.975532 11648
1 6058
0 4629
0 10488
0 8957
0 4509
0 16384
0 6555
0 4754
0 16384
0 4202
0 8084
0 16244
0 12226
0 11061
0 5987
0 8138
0 7362
0 15803
0 16384
0 4590
0 4172
0 12127
0 16384
0 4503
0 8687
0 6405
0 4119
0.579566 5618
1 5105
1 6767
0 7667
0 6366
0 16384
0 12630
0 16384
0 4412
0 5386
0 10671
0 5480
0 7792
0 4261
0 4825
0 4588
0 5333
0 5646
0 5881
0 7176
0 7979
0 11192
0 10706
0 10198
0 15496
0 10169
0 5924
0 13924
0 8298
0 12162
0 6737
0 7117
0 7511
0 4806
0 6929
0 7213
0 10272
0 13794
0 7205
0 9430
0 6180
0 11792
0 4767
0 5323
0 4615
0 13797
0 5853
0 6031
0 16384
0 10057
0 16384
0 7818
0 4507
0 9495
0 10175
0 6596
0 4219
0 12551
0 9144
0 7305
0 4584
0 16384
0 6636
0 13199
0 8550
0 16384
0 7294
0 14208
0 16384
0 16384
0 6858
0 8354
0 7556
0 4781
0 10634
0 5972
0.253906 16384
1 4475
1 4765
1 15696
0 4790
0 16384
0 4434
0 8690
0 5494
0 6953
0 8897
0 11911
0 5376
0 12108
0 5055
0 7671
0 4684
0 15992
0 5634
0 7021
0 10447
0 10890
0 4437
0 13920
0 5781
0 4266
0 6107
0 7586
0 11547
0 4227
0 10423
0 4623
0 9869
0 6548
0 8128
0 16384
0 16384
0 5845
0 8386
0 16384
0 5572
0 6240
0 4967
0 8620
0 11703
0 16384
0 5489
0 4512
0 16384
0.378326 7705
1 11975
1 15552
0 13610
0 11810
0 7211
0 7701
0 16384
0 5245
0 8834
0 5534
0 4601
0 6814
0 4288
0 5140
0 6868
0 16384
0 10254
0 4549
0 11052
0 7909
0 8006
0 6971
0 10355
0 4558
0 7014
0 4178
0 4564
0 4909
0 4558
0 8994
0 11747
0 5865
0 4589
0 4556
0 7700
0 11957
0 4497
0 9349
0 6313
0 13430
0 13593
0.330197 10203
0 12419
0 7621
0 9031
0 10398
0 11619
0 16384
0 16384
0 4773
0 8898
0 12859
0 9762
0 10273
0 9048
0 13077
0 4595
0 11566
0 7737
0 13473
0 9499
0 16384
0 7042
0 8224
0 10510
0 11432
0 5789
0 4649
0 6354
0.577465 7455
1 16384
0 16384
0.824755 10414
1 16384
0 6310
0 8144
0 16384
0 16384
0 5815
0 6187
0 9148
0 16384
0 5912
0 15275
0 6921
0 4266
0 6870
0 11529
0 16060
0 7457
0 16384
0 4733
0 4460
0 9203
0 16384
0 4893
0 4332
0 13597
0 13472
0 16384
0 7600
0 16384
0 8517
0 4937
0 7557
0 16384
0 5554
0 6730
0 10120
0 6188
0 5538
0 5676
0 16384
0 7602
0 4262
0 9551
0 8751
0 13495
0 16384
0 7087
0 6397
0 4164
0 4371
0 5045
0 9781
0 16384
0 6237
0 15362
0 9077
0 4224
0 12862
0 4927
0 11106
0 13801
0 6288
0 8365
0 7357
0 15506
0 13802
0 13292
0 5351
0 9048
0 10705
0 4142
0 4327
0 4502
0 14546
0 6602
0 5849
0 4441
0 4907
0 7425
0 6476
0 4388
0 9979
0 4265
0.280692 12943
0 11479
0 6743
0 8034
0 5044
0 6550
0 5173
0 7499
0 11015
0 8664
0 6549
0 6042
0 7524
0 11061
0 9433
0 12356
0 9441
0 7873
0 8900
0 5797
0 14563
0 7145
0 16384
0 4199
0 11800
0 9125
0 6435
0 9427
0 14829
0 5339
0 13772
0 4583
0 11103
0 5296
0 16384
0 5932
0 8978
0 7779
0 6087
0 5120
0 16384
0 7319
0 14691
0 16290
0 6928
0 4726
0 13955
0 5254
0 7718
0 8199
0 9385
0 6210
0 5656
0 13036
0 5417
0 8447
0 5938
0 7723
0 10727
0 11949
0 10885
0 7605
0 15285
0 5082
0 10520
0 5113
0 11024
0 16384
0 5130
0 4532
0 10586
0 7179
0 12151
0 16384
0 6554
0 6957
0 6530
0 16384
0 7119
0 13609
0 13522
0 7846
0 9585
0 6514
0 16384
0 10099
0 10775
0 7904
0 4612
0 12538
0 6451
0 16384
0 11513
0 6273
0 5729
0 9051
0 9567
0 8244
0 6415
0 16384
0 11244
0 9959
0 4706
0 9768
0 6133
0 14051
0 12841
0 16384
0 12166
0 14506
0 6132
0 6487
0 14822
0 8667
0 12112
0 6033
0 5293
0 10548
0 14509
0 11576
0 4883
0 9257
0 6087
0 11780
0 16384
0 16328
0 16384
0 7170
0 10041
0 8845
0 4520
0 16384
0 4371
0 16384
0 5050
0 9577
0 15988
0 5913
0 4652
0 12230
0 16384
0 5401
0 16384
0 4843
0 11072
0 4597
0 4996
0 7113
0 16384
0 4336
0 6698
0 10694
0 15480
0 13396
0 16384
0 12271
0 7875
0 16384
0 8566
0 5478
0 5481
0 5962
0 7766
0 4147
0 4554
0 5916
0 7949
0 5933
0 4618
0 7596
0 6019
0 5820
0 9786
0 15343
0 16384
0 9387
0 9548
0 7358
0 5987
0 4235
0 15030
0 6897
0 11922
0 16193
0 8729
0 16384
0 13453
0 7736
0 10923
0 9387
0 7570
0 8533
0 8204
0 5101
0 16384
0 9426
0 4357
0 5226
0 5721
0 7600
0 6437
0 13409
0 9242
0 6118
0 5684
0 4589
0 4403
0 8850
0 9255
0 16384
0 5815
0 7444
0 7993
0 12782
0 8224
0 4259
0 4340
0 13768
0 5633
0 4141
0 4299
0 7720
0 8065
0 13745
0 16384
0 5909
0 10113
0 4832
0 4764
0 5193
0 5284
0 6950
0 16384
0 9464
0 8146
0 5925
0 6261
0 8822
0 16384
0 8241
0 7962
0 4559
0 9222
0 10455
0 4734
0 8354
0 10268
0 11729
0 9076
0 16384
0 7742
0 9030
0 4924
0 16384
0 5437
0 12249
0 6350
0 14704
0 6029
0 12449
0 15246
0 13274
0 9340
0 7617
0 8739
0 5213
0 16384
0 4526
0 6589
0 6693
0 7041
0 16384
0 5917
0 5251
0 16384
0 8561
0 11821
0 7485
0 5111
0 13025
0 16384
0 4895
0 8189
0 11114
0 5626
0 5527
0 8184
0 7276
0 6827
0 8246
0 6046
0 16384
0 10338
0 8049
0 4519
0 6770
0 6525
0 5770
0 6332
0 12853
0 6161
0 5302
0 8985
0 16384
0 9709
0 16384
0 16384
0 4324
0 15795
0 5719
0 6380
0 8938
0 6561
0 7181
0 5396
0.485465 9288
1 12385
0 7588
0 4119
0 4210
0 10247
0 9017
0 15394
0 5788
0 4799
0 5626
0 16384
0 5589
0 8487
0 12227
0 16384
0 16384
0 9901
0 9125
0 8912
0 5925
0 16384
0 9001
0 4914
0 9888
0 16384
0 16384
0 10685
0 9967
0 4837
0 9252
0 8435
0 5853
0 5333
0 16384
0 4719
0 14519
0 4711
0 8648
0 10560
0 16384
0 9858
0 4914
0 4639
0 14481
0 13729
0 5060
0 9763
0 8458
0 14343
0 4220
0 4379
0 8379
0 6388
0 4886
0 5859
0 12831
0 4634
0 4333
0 4139
0 16384
0 5801
0 5770
0 4600
0 6252
0 4314
0 4446
0 6013
0 5945
0 6634
0 6528
0 7490
0 15620
0 11487
0 8944
0 7889
0 7986
0 10595
0 5113
0 7403
0 6672
0 11468
0 7657
0 8646
0 6955
0 13593
0 4588
0 4200
0 10188
0 5890
0 7765
0 5080
0 8175
0 15449
0 7039
0 5794
0 4267
0 5220
0 12232
0 9182
0 5248
0 14533
0 11585
0 6609
0 14017
0 9126
0 11856
0 6352
0 10080
0 6739
0 8154
0 7717
0 16384
0 6023
0 16384
0 6050
0 16384
0 5388
0 4885
0 4295
0 4637
0 5013
0 6494
0 5605
0 4345
0 7209
0 4540
0 5486
0 8485
0 5348
0 6167
0 8362
0 9330
0 4226
0 14246
0 6854
0 7848
0 5424
0 4857
0 7896
0 4831
0 15131
0 5941
0 16384
0 4536
0 5452
0 9997
0 5241
0 6530
0 5472
0 5645
0 9682
0 6341
0 5148
0 8428
0 5138
0 5639
0 5914
0 10106
0 8943
0 7079
0 9029
0 10195
0 5046
0 5172
0 4584
0 6599
0 10749
0 5447
0 16384
0 6194
0 16384
0 5750
0 6439
0 4556
0 13196
0 4958
0 11091
0 15997
0 4944
0 14708
0 8844
0 4150
0 5068
0 5378
0 7398
0 7972
0 16384
0 4520
0 16384
0 12004
0 5414
0 6675
0 13109
0 11339
0 5707
0 7711
0 10330
0 4964
0 4604
0 7341
0 11400
0 9125
0 4213
0 4956
0 6651
0 11418
0 4858
0 6555
0 9865
0 10166
0 15431
0 7043
0 5427
0 5576
0 7215
0.106858 8647
1 13964
1 12645
1 12176
0 14963
0 4118
0 6517
0.747404 14735
0 10666
0 10869
0 6778
0 16384
0 9508
0 7835
0 4451
0 4605
0 16384
0 6814
0 7344
0 7480
0 7759
1 16384
0 16233
0 11353
0.0783081 16384
1 6374
1 15903
0 16384
0 5404
0 13300
0 16384
0 16147
0 5666
0 9703
0 5126
0 5958
0 10827
0 4422
0 16384
0 16069
0 5024
0.209068 6065
1 7611
0 5173
0 5390
0 6007
0 4255
0 4438
0 4275
0 6136
0 16384
0 7653
0 14640
0 5163
0 16384
0.942011 11985
0 16384
0 8336
0 16384
0 8140
0 11799
0 9762
0 12029
0 10828
0 6581
0.30249 16384
0 5193
0.126831 16384
1 15145
0 4240
0.997498 16384
0 6242
0 14621
0 11620
0 4645
0 9069
0 4220
0 7192
0 8303
0 16384
0 10094
0 8581
0 14676
0 9575
0 11547
0 5435
0 5429
0 4296
0 4127
0 16291
0 12227
0 9314
0 6352
0 15298
0 16384
0 7317
0 4845
0 9941
0 11899
0 16384
0 12078
0 16384
0 11261
0 4505
0 16384
0 6916
0 16384
0 4980
0 14395
0 6195
0 4636
0 4257
0 8106
0 4124
0 16384
0 16384
0 11167
0 13155
0 5354
0 16384
0 12678
0 7539
0 7660
0 9001
0 4461
0 6080
0 9254
0.371178 11741
0.950851 15504
0 4622
0 4367
0 6818
0 5433
0 5706
0 9368
0 4484
0 4987
0 8640
0 16384
0 16384
0 9977
0 15049
0 8332
0 8134
0 12403
0.54281 8561
0 16384
0 7426
0 6452
0.240417 5270
1 16384
0 8403
0 5311
0.663481 10255
0 12997
0 16384
0 5845
0 9438
0 4179
0 6291
0 9964
0 6403
0.588127 7580
0 6160
0 4117
0 11365
0 8183
0 4505
0 16384
0 6184
0 16384
0 13209
0.768127 16384
0 15508
0 11711
0 5276
0 7898
0 16384
0 12454
0.427292 9717
0 11152
0 5531
0 5452
0 6502
0 4549
0 5763
0 4257
0.24115 16384
0 5435
0 4991
0 6627
0 11730
0 4796
0 8465
0 4602
0 8170
0 12077
0 11464
0 10994
0 6888
0 5218
0 5791
0 13341
0 8032
0 4270
0 7803
0 11815
0 16384
0.209658 10603
0 4352
0 8244
0 16010
0 5263
0 16384
0 6292
0 16384
0 14801
0 14786
0 16384
0 11794
0 11867
0 11677
0.336309 6610
0 6511
0 14882
0 4387
0 6308
0 11625
0.47113 16384
0 9474
0.299377 16384
0 4120
0 16384
0 5062
0 6285
0 8086
0 4520
0 16384
0 11514
0.394775 16384
0 10521
0 8269
0.447876 16384
0 4311
0 5378
0 8684
0 4507
0 4563
0 16384
0 16384
0 6835
0.790039 16384
0 5294
0 16384
0 7147
0 13665
0 7446
0 9950
0 8421
0.14443 13349
0 6561
0.319581 16118
0 16384
0 4752
0 4574
0 9430
0 16384
0 10385
0 4795
0 6033
0 11187
0.155457 16384
0 5430
0.491084 9477
0 7606
0 7973
0 7908
0 5447
0 13142
0 4167
0 5777
0 9488
0 4846
0 7477
0 4693
0 7030
0 6671
0 16384
0 8111
0 5315
0.549805 16384
0 5132
0.906914 11903
0 12686
0 7130
0 4805
0 16384
0 12844
0 14053
0 11934
0 7205
0 5190
0 16384
0 10484
0 10503
0 12256
0 4184
0 12987
0 16384
0 6441
0 9034
0 6636
0 5041
0 11520
0 9107
0 5165
0 6788
0 5882
0 5089
0 5286
0 16384
0 4444
0 16384
0 16384
0 6805
0 4265
0 16384
0 4505
0 16384
0 6571
0 16384
0 16384
0 8349
0 16384
0.660587 6579
0 5748
0 13139
0 10734
0 16384
0 8376
0.875102 13523
0 9036
0 11049
0 4409
0 4732
0 5231
0 5851
0 4229
0 5523
0 4682
0 6359
0 14792
0 6031
0 4824
0 4749
0 5139
0 6444
0 12909
0 6460
0 4190
0 16384
0 6283
0 8225
0 10603
0 12436
0 9897
0 6676
0 8090
0 5260
0 16384
0 7136
0 8146
0.645533 6167
0 6685
0 16373
0 7066
0 5707
0 9349
0 15905
0 4711
0 4998
0 16384
0 7481
0 16384
0 16384
0 16384
0 5850
0 5983
0 9572
0 4192
0 4636
0 4802
0 6974
0 6374
0 10305
0 16384
0 11170
0 10212
0 4624
0 6741
0 5613
0 10159
0 5797
0 4251
0 9416
0 4185
0 4759
0.613586 16384
0 13162
0 16384
0 13308
0 8766
0 4594
0 7164
0 5772
0 16384
0.302917 16384
0 12809
0 6668
0 8020
0 7717
0 16384
0 12988
0 16384
0 16384
0 9517
0 14336
0 16235
0 6772
0 16384
0 4748
0 12267
0 9087
0 8890
0 16384
0 6786
0 16384
0 14719
0 13157
0 16384
0 4281
0 14414
0 4491
0 12764
0 5343
0 4572
0.736877 16384
0 16384
0 5051
0 8908
0 10588
0 4377
0 8347
0 4726
0 14708
0 11981
0 12916
0 5467
0 4278
0 12058
0 5342
0 6148
0 4456
0 6656
0 16384
0 6246
0 16384
0.916508 7869
0 16384
0 16384
0 11334
0 6809
0 9146
0 12793
0 7952
0 4113
0 16384
0 16384
0 11293
0.38446 16384
0 8207
0 12760
0 9596
0.919314 12716
0 12159
0 5510
0 6367
0 6378
0 5112
0 4590
0 8373
0 4676
0 4343
0.929486 12267
0 9316
0.0379253 6671
1 6933
0 6379
0 9087
0 5746
0 6549
0 14484
0 16384
0 16384
0 10446
0 16384
0 7160
0 12228
0 8674
0 13163
0 9469
0 4939
0 8692
0 8561
0 10723
0 11648
0 16384
0 9479
0 14514
0 9121
0.396057 16384
0.695141 15663
0 13131
0 6370
0 4461
0 8845
0 15740
0 8931
0 11298
0 14329
0 12166
0 4165
0 6173
0 4869
0 8630
0 8419
0 16384
0 8516
0 5179
0.536816 12060
0.259878 8554
0 7266
0 4839
0 4210
0 6204
0 11934
0 6342
0 16384
0.222303 10967
1 6146
0.305176 16384
0 7030
0 16384
0.234253 16384
0 4746
0 6944
0 16384
0 7718
0 16384
0 16384
0 16384
0 16384
0 6606
0 14439
0 16384
0 6255
0 16384
0 9514
0 9545
0 5731
0 11160
0 5162
0 6385
0 16384
0 6734
0 4806
0 6454
0 5394
0 4537
0 4949
0 5453
0.0347361 10479
1 6776
0 9555
0 6372
0 7923
0 10650
0 11622
0 9393
0 6123
0 5524
0 12194
0 7454
0 5082
0 7157
0 8400
0 16384
0 9806
0 6855
0.489075 16384
0 11343
0 16384
0 6313
0 8685
0 5756
0 10060
0 6831
0 9191
0 4274
0 4720
0 5450
0 16384
0 4634
0 6449
0 11424
0 4440
0 14136
0 5075
0 10920
0 10559
0 6098
0 8048
0 4260
0 10694
0 4295
0 11675
0 4686
0 14465
0 14664
0 11871
0 10922
0 16384
0 9802
0 4703
0 7364
0 6802
0 16384
0 16164
0 8056
0 9817
0 16384
0 12033
0 9328
0 16384
0 16384
0.130924 8883
1 15518
0 9094
0 16384
0 4885
0 16110
0 4935
0 16384
0 6326
0 5993
0 13463
0 7290
0 12536
0 9358
0 4668
0 13447
0 4925
0 16384
0 4758
0 4177
0 16384
0 16384
0 10586
0 13998
0.852485 7606
0 16384
0 9467
0 16384
0.536072 16384
0 5758
0 6064
0 4658
0 6889
0.677551 16201
0.43358 14574
0 16384
0.243676 9923
1 5949
0 16384
0 7109
0.168232 13416
1 11352
0 8392
0 10259
0 7011
0 11471
0 13750
0 6869
0 4607
0 16384
0 16384
0 12500
0 9192
0 9919
0 11437
0 16384
0 16384
0 16384
0 12142
0 9139
0 11520
0 6272
0 14567
0 5894
0 8505
0 4354
0 6400
0 9179
0 5839
0 9577
0 4114
0.471888 10547
0 8696
0 4457
0 10025
0 11544
0 8386
0 8247
0.796641 8158
0 12570
0 7261
0 6895
0 10688
0.856136 7945
0.270842 12439
1 15991
0 16384
0.742279 14279
0.0803852 14642
1 4969
0 16384
0.781372 16384
1 5539
0 10507
0 16384
0 10862
0 8974
0 12365
0 16086
0 15354
0 10967
0.326074 6796
0 5543
0 6585
0 4559
0 5849
0 4576
0 16384
0.88637 14776
0 16384
0 10240
0.207354 13190
0 11264
0 7990
0 12563
0 16384
0 14646
0 6298
0 9638
0 8331
0 9554
0 4495
0.299377 16384
0 5746
0 15081
0 4132
0 9101
0 10111
0 5198
0.915152 12045
0.547791 16384
0 7117
0 8306
0 7269
0 4718
0 7633
0 16384
0 4800
0 9540
0 7151
0 12034
0 8310
0 10105
0 10228
0 6522
0 16384
0 16384
0 4420
0 5023
0 8459
0 16050
0 14960
0 10465
0 16384
0 8394
0 6419
0 12750
0 8832
0 4299
0 7365
0 7618
0 4198
0 4099
0 4438
0 10170
0.0493774 16384
1 8039
0 6459
0 6761
0 16384
0 10630
0 4568
0 13664
0 6262
0 5276
0 4898
0 5732
0 5585
0 8351
0.104431 16384
0 5068
0 4607
0 13040
0 14862
0 16309
0 11328
0 16384
0 16384
0 16384
0 10105
0 4607
0 7611
0 16384
0 4881
0 16384
0.0744034 15631
1 7096
0.00408936 16384
1 4432
0 14101
0 9857
0 12929
0 10760
0 7657
0 10304
0 5009
0 7543
0 12205
0 16384
0 16384
0 9314
0 12248
0 15425
0 4858
0 8314
0 5969
0 16121
0 6799
0 8608
0 4839
0 8465
0 6829
0 13301
0 5330
0 7137
0 4190
0 16384
0 7165
0 4964
0 7039
0 7343
0 16384
0 15326
0 6424
0 6462
0 8392
0 9334
0 16384
0 11417
0 6185
0 5361
0 4957
0 5416
0 4824
0.454347 4589
1 16384
0 9069
0 6249
0 4848
0 6429
0 8276
0 5560
0 5407
0 16384
0 16384
0 5728
0 4113
0 6847
0 16384
0 8975
0 12085
0.754333 16384
0 4389
0 16384
0 16384
0 9325
0 5320
0 13984
0 13602
0 14405
0 16384
0 4846
0 7226
0 16384
0 6852
0 16384
0.38789 13130
0 7635
0 13674
0 15245
0 16384
0 9020
1 6935
0 16384
0 4690
0 4847
0 10056
0 16384
0 4409
0 7059
0 11821
0 6168
0 4445
0 16384
0 13354
0 5123
0 5816
0 8157
0 11001
0 11880
0 4282
0 6815
0 5041
0 11335
0 9661
0 9499
0 4146
0 10581
0 7976
0 7541
0 15153
0.131889 8818
1 16384
0 16384
0 6356
0 7660
0 8543
0 6321
0 16384
0 16384
0 5925
0 4640
0 9347
0 7899
0 4703
0 7595
0 6311
0 8192
0 4154
0 6086
0 4900
0 8623
0 16384
0 16384
0 4878
0 16384
0 12319
0 16384
0 6920
0 14252
0 16384
0 12954
0 11787
0 11955
0.236163 9413
0 5843
0 8317
0 7519
0 4912
0 6504
0 10197
0 16384
0 10737
0 9231
0 11254
0 6602
0 5111
0 6423
0 5101
0 12172
0 5423
0.81047 8252
0 4283
0 14779
0 6191
0 12783
0 4773
0 9023
0 5330
0 16384
0.491943 16384
0 6882
0 5861
0 5169
0 5844
0 5220
0 5884
0 12139
0 14229
0 4358
0 16384
0 16384
0 4117
0 16384
0 8594
0 5279
0 16384
0 6447
0.569824 16384
0 5016
0 12370
0 8308
0 16384
0 12893
0 16384
0 6596
0 11446
0 7213
0 5546
0.549027 12442
0 11708
0 10034
0 12060
0 6213
0 9945
0 16384
0 9579
0 5604
0 6045
0 9466
0 7501
0 9645
0.137931 9396
1 4452
0 7086
0.564246 16289
0 5832
0 16384
0 10298
0 5569
0 16384
0 4216
0 7508
0 6866
0 4218
0 16384
0 16384
0 5652
0 5905
0 6576
0 5768
0 4700
0 5693
0 11358
0 16384
0 4947
0 4910
0 16384
0 4527
0 12556
0 12346
0 16384
0 12633
0 16384
0 7788
0 16384
0 11078
0 16384
0 7238
0 16384
0 8424
0 9417
0 7866
0 6821
0 6103
0 4196
0 4127
0 5626
0 8385
0.418884 16384
0 4435
0 4640
0 16220
0 8429
0 14662
0 7045
0 8933
0 8564
0 8049
0 16384
0 16384
0 9140
0 10645
0 6256
0 5177
0 5572
0 4123
0.475295 8136
1 16384
1 13840
0 6121
0 7960
0 4384
0 4589
0.548833 8181
0 10493
0 16384
0 14486
1 13098
0 14289
0 6694
0 16384
0 6319
0 16384
0 9326
0 5374
0 10077
0 4245
0 6137
0 5989
0 16384
0 7611
0 7992
0.385175 15393
0 15045
0 12598
0 13180
0 7193
0 5225
0 9796
0 6230
0 12199
0 5812
0.816223 16384
0.159973 16384
0 12389
0 5243
0 4146
0 16384
0 15834
0 16384
0 10461
0 14956
0 6987
0 16384
0 5689
0 5032
0 7066
0 7623
0 16384
0.177808 15258
1 11978
1 7423
0 6867
0 7593
0 8909
0 4859
0 10216
0.925311 11809
0 9752
0 9572
0 13916
0 16384
0 4652
0 13994
0.283921 7805
0 8067
0 13795
0 7942
0 6501
0 7838
0 16384
0 16384
0 16384
0 9343
0 16384
0 4245
0 16384
0 9407
0 15396
0 15008
0 13112
0 4532
0 5184
0 5369
0 4456
0 13432
0 16384
0 6288
0 7130
0 4915
0 5842
0 4327
0.368591 16384
0 14231
0 5244
0 6392
0 7347
0 5809
0 4614
0 4217
0 5848
0 16384
0 8121
0 10763
0 4262
0.0753174 16384
1 16201
0 16384
0 16384
0 4722
0 4718
0 16076
0 4934
0 5348
0.538132 15879
1 15621
0 16384
0.911644 10435
0 16384
0.575 4120
0 12654
0 16384
0.291931 16384
0.760425 7818
0 14598
0 16384
0 5955
0.96106 16384
0 16384
0 16384
0 5157
0 6205
0 8787
0 4859
0 16384
0 16384
0 6609
0 6969
0 7927
0 9346
0 6896
0 8642
0 16061
0 11987
0 4787
0 10498
0.932373 16384
0 8015
0 6256
0 6753
0 13498
0 16384
0 11004
0 8371
0 8440
0 9854
0 9746
0 13317
0 13138
0 14064
0 4918
0.658936 16384
0.373628 6469
0 8398
0 5887
0 5507
0 4786
0 15192
0 11981
0 16384
0.706482 16384
0 16384
0 9863
0 6817
0.768433 16384
0 11649
0 10618
0 13551
0 5348
0 16384
0 12730
0 8681
0 12833
0 9610
0 11140
0.945435 16384
0 15731
0 16384
0 4794
0 7286
0 10292
0 16384
0 11956
0 11427
0 11695
0.21326 13167
1 5042
0 12019
0 13776
0 5403
0 5352
0 10387
0 12354
0 9676
0 16141
0 4806
0 6831
0 16384
0 6130
0 6135
0 5982
0 4426
0 5499
0 11482
0 9086
0 4246
0 6712
0 14295
0 8190
0 6483
0 12699
0 16384
0 8647
0 7553
0 10593
0 6101
0 10063
0 8450
0 16384
0 16384
0 6865
0 4172
0 10662
0 6613
0 16384
0 9466
0 5049
0 15501
0 8624
0 4864
0 12814
0 6906
0 16384
0 5279
0 16384
0 16384
0 4231
0 6857
0 13612
0 7375
0 15990
0 5195
0 7751
0 11076
0 13353
0 13215
0 6856
0 7864
0 6129
0 5435
0 5987
0 5766
0 16384
0 9509
0 12343
0 5635
0 7832
0 7020
0 15333
0 6780
0 6608
0 8772
0 14671
0 4628
0 7680
0 7760
0 8742
0 8521
0 16384
0 8966
0 5295
0 12048
0 13177
0 5326
0 6025
0 9046
0 12606
0 14009
0 9058
0 12835
0 14848
0 11130
0 16384
0 4645
0 6933
0 5321
0 8467
0 10244
0 5712
0 4370
0 4239
0 9815
0 10408
0 8532
0 5915
0 16384
0 6005
0 4508
0 7339
0 16384
0 16384
0 16384
0 10682
0 14420
0 16384
0 4405
0 4755
0 13484
0 6314
0 5404
0 6329
0 7877
0 4528
0 5381
0 15167
0 6647
0 9469
0 16384
0 15788
0 4610
0 12168
0 16384
0 15723
0 6298
0 16384
0 11285
0 9132
0 4599
0 11125
0 10444
0 6504
0 5755
0 11407
0 13801
0 5897
0 6009
0 16384
0 6637
0 5683
0 11862
0 4639
0 11505
0 6967
0 6746
0 7050
0 6275
0 5368
0 9119
0 4245
0 9255
0 9733
0 6516
0 5613
0 8267
0 13380
0 12367
0 16384
0 8304
0 6090
0 9284
0 6474
0 7684
0 12762
0 13497
0 5598
0 5603
0 12491
0 7986
0 7474
0 12596
0 4967
0 16384
0 6833
0 16384
0 4994
0 7113
0 7012
0 9750
0 6158
0 4377
0 6064
0 10101
0 14184
0 8181
0 10896
0 7659
0 8762
0 15537
0 5246
0 4661
0 9571
0 6450
0 11237
0 4299
0 16384
0 10759
0 9549
0.676514 16384
1 14705
1 9685
0 6144
0 16384
0 5732
0 5369
0 12273
0 7221
0 11260
0 6147
0 16384
0 6311
0 10872
0 8554
0 13174
0 9448
0 9585
0 7254
0 12469
0 11724
0 9125
0 8536
0 6075
0.747268 8420
1 16384
0 5635
0 7114
0 14407
0 12100
0 7269
0 4361
0 12815
0 4782
0 8452
0 5865
0 4651
0 4530
0 5032
0 4466
0 4661
0 12874
0 4671
0 5819
0 8112
0 6347
0 4666
0 4150
0 6705
0 11722
0 11453
0 11906
0 4367
0 9031
0 6761
0 4881
0 8733
0 4640
0.892232 4287
1 16384
1 7657
1 16384
0 12224
0 16384
0 6757
0 16384
0 7303
0 15709
0 15591
0 6665
0 7017
0 6327
0 10714
0 6873
0 7536
0 14238
0 7897
0 6612
0 4508
0 9941
0 10677
0 7338
0 16384
0 5515
0 16384
0.65903 7813
0 4343
0 6165
0 8470
0 6479
0 6604
0 4974
0 6216
0 4500
0 7112
0 8866
0 7270
0 5713
0 16384
0 16384
0 6925
0 4852
0 16384
0 5591
0 5028
0 8284
0 7951
0 5991
0 16384
0 6677
0 9159
0 12959
0 6579
0 9710
0 4637
0 4686
0 13917
0 8299
0 10981
0 5291
0 15127
0 6174
0 5679
0 16384
0 4465
0 12174
0 16384
0 8711
0 11002
0 16384
0 15523
0 6066
0 11890
0 9152
0 13835
0 5029
0 6836
0 16384
0 9396
0 5600
0 8407
0 9450
0 6761
0 9803
0 9202
0 14307
0 15539
0 7739
0 8761
0 9494
0 6219
0 14988
0.315275 14435
1 13175
0 16384
0 11038
0 4886
0 7720
0 10875
0 4186
0 10089
0 14698
0 9089
0 5304
0 10402
0 4343
0 10917
0 4870
0 7675
0 16384
0 4347
0 7736
0 5061
0 6565
0 12207
0 6196
0 9269
0 16384
0 8568
0 11488
0 6034
0 7055
0 16384
0 8835
0 5826
0 6755
0 16384
0 9889
0 4781
0 6976
0 5843
0 7395
0 7918
0 8719
0 4591
0 6539
0 5278
0 7140
0 6658
0 5626
0 8318
0 16384
0 5375
0 4991
0 12071
0 5661
0 7372
0 7220
0 11933
0 9721
0 4784
0 6682
0 10197
0 5276
0 4124
0 4597
0 4411
0 15787
0 5193
0 10598
0 7323
0 4325
0 5314
0 12951
0 8565
0 10354
0 8877
0 16384
0 11409
0 6267
0 16384
0 4724
0 6776
0 4735
0 7468
0 9426
0 4279
0 15080
0 4501
0 6296
0 12115
0 6242
0 4827
0 12427
0 12747
0 4777
0 7388
0 16384
0 9929
0 7817
0 10100
0 16384
0 5096
0 4284
0 9793
0 9084
0 8379
0 6731
0 8946
0 10828
0 7637
0 4907
0 5108
0 13155
0 7217
0 13432
0 11143
0 5134
0 4146
0 5570
0 8697
0 5433
0 14103
0 4292
0 6898
0 4980
0 10733
0 5937
0 4729
0 12952
0 11311
0 5851
0 6515
0 4490
0 5401
0 5570
0 4545
0 5429
0 5498
0 11682
0 6849
0 4757
0 13211
0 8302
0 4771
0 6771
0 8722
0 5717
0 9051
0 4723
0 5471
0 5026
0 12813
0 8031
0 9968
0 16384
0 5459
0 4487
0 10183
0 14337
0 16384
0 11405
0 16384
0 5780
0 14171
0 10658
0 8328
0 5397
0 5068
0 7524
0 7578
0 5200
0 10688
0 8226
0 4423
0 9637
0 13361
0 13590
0 12722
0 4171
0 6661
0 5666
0 5312
0 12667
1 16384
0 4268
0 11793
0 16384
0 10188
0 8610
0 4656
0 7276
0 4663
0 9064
0 16384
0 4330
0 9310
0.420632 10382
1 6203
0 4858
0 13238
0 4765
0 10562
0 5951
0 5050
0 8633
0 10666
0 9127
0 10258
0 6438
0 5333
0 4187
0 5028
0 5547
0 7161
0 4235
0 5885
0 6703
0 5886
0 5402
0 4853
0 15447
0 16384
0 15984
0 4431
0 5352
0 6227
0 12413
0 5258
0 4629
0 5221
0 6810
0 9048
0 12941
0 4639
0 6133
0 12091
0 6402
0 5174
0 6409
0 7751
0 4604
0 10800
0 5158
0 16384
0 11708
0 16384
0 13046
0 12368
0 11904
0 8976
0 14542
0 4779
0 10613
0 4506
0 4433
0 4518
0 13729
0 8643
0 7654
0 5801
0 4460
0 8294
0 5114
0 5299
0 5117
0.751882 13679
1 5852
0 4383
0 10475
0 16384
0 5110
0 7486
0 7601
0 6396
0 12641
0 9909
0 11252
0 7617
0 12679
0 4461
0 5911
0 9497
0 10858
0 12028
0 16384
0 5470
0 16384
0 11134
0 6886
0 9031
0 4696
0 4705
0 6578
0 4420
0 8338
0 10523
0 7762
0 7182
0 7670
0 11104
0 9130
0 4216
0 9510
0 11093
0 5386
0 4888
0 4712
0 8746
0 6085
0 8447
0.362558 4129
0 6120
0 7685
0 13285
0 16384
0 5847
0 8857
0 5136
0 13100
0 13814
0 7165
0 5364
0 8368
0 5934
0 7780
0 5267
0 5581
0 10509
0 11785
0 6771
0 16384
0 6109
0 4246
0 6280
0 9404
0 6562
0 6625
0 4782
0 8162
0 16384
0 15202
0 4552
0 4658
0 11639
0 4465
0 5148
0 7821
0 7033
0 8225
0 4469
0 5623
0 4993
0 6616
0 8683
0 16384
0 16384
0 7135
0 16384
0 6767
0 6387
0 4387
0 10497
0 16384
0 16384
0 6151
0 5956
0 6875
0 5479
0 12208
0 4386
0 12918
0 10860
0 5963
0 6034
0 6400
0 7249
0 8149
0 9323
0 5877
0 16384
0 16384
0 16384
0 5756
0 9188
0 13615
0 7010
0 9017
0 5596
0 15678
0 4286
0 6258
0 5263
0 8327
0 6390
0 4185
0 4534
0 4800
0 12552
0 7396
0 16384
0 4601
0 8361
0 4595
0 8226
0 4644
0 7616
0 12928
0 5818
0 7827
0 9321
0 16384
0 5806
0 13671
0 6104
0 6516
0 8424
0 6931
0 7538
0 4959
0 12045
0 16384
0 8880
0 10176
0 8472
0 4123
0 6329
0 5184
0 16384
0 6276
0.203792 5221
1 11882
0 14256
0 5762
0 14020
0 8938
0 6320
0 5094
0 6399
0 6356
0 5015
0 4480
0 16384
0 5851
0 6044
0 10686
0 6608
0 7805
0 8554
0 10232
0 5977
0 5595
0 6982
0 16384
0 6201
0 11388
0 7702
0 8350
0 4869
0 16384
0 7525
0 4218
0 16384
0 4365
0 11602
0 4853
0 11797
0 8661
0 9324
0 16384
0 14713
0 16384
0 5168
0 12579
0 15423
0 13497
0 8179
0 11133
0 5686
0 11395
0 16384
0 6958
0 6573
0 8551
0 16384
0 8323
0 14698
0 6001
0 5562
0 6049
0 15857
0 4328
0 7281
0 12981
0 7321
0 9846
0 8722
0 11306
0 8619
0 6983
0 5992
0 7762
0 14980
0 9718
0 10807
0 7801
0 14251
0 5163
0 14219
0 6760
0 9055
0 6119
0 4566
0 14504
0 10873
0 9548
0 14015
0 4968
0 7201
0 10476
0 11329
0 7224
0 4948
0 15616
0 6285
0 5064
0 12665
0 5812
0 5389
0 16384
0 7969
0 16384
0 7243
0 9746
0 15221
0 10054
0 16384
0 12942
0 9571
0 16384
0 5647
0 5645
0 11617
0 5525
0 4588
0 13630
0 5041
0 8860
0 7996
0 5803
0 16122
0 11355
0 5459
0 12639
0 6649
0 10846
0 6089
0 11038
0 12300
0 7672
0 4262
0 6361
0 10949
0 6592
0 7319
0 12288
0 8133
0 4125
0 6613
0 5222
0 15813
0 9859
0 5666
0 4971
0 5785
0 7575
0 14672
0 5142
0 10145
0 12776
0 4246
0 7321
0 5853
0 7023
0 10657
0 16384
0 11659
0 11514
0 14349
0 8053
0 8214
0 10027
0 9661
0 7698
0 4886
0 6480
0 4672
0 16384
0 6585
0 7158
0 7248
0 6603
0 16384
0 5700
0 8122
0 6001
0 4351
0 4553
0 9552
0 9886
0 6410
0 15840
0 14015
0 9826
0 6436
0 9747
0 7057
0 6471
0 16384
0 10064
0 16384
0 5028
0 14768
0 7308
0 6127
0 6392
0 8220
0 9617
0 16384
0 5074
0 6421
0 10039
0 5287
0 5259
0 16384
0 12082
0 5142
0 4568
0 5610
0 9483
0 4344
0 15668
0 7509
0 16384
0 11247
0 16384
0 7313
0 13910
0 7783
0 10109
0 14827
0 16384
0 11734
0 10546
0 13568
0 15534
0 5962
0 7367
0 5051
0 16384
0 5975
0 5822
0 5377
0 11508
0 5862
0 5024
0 16384
0 4901
0 5876
0 8037
0 10071
0 5004
0 6373
0 7867
0 9483
0 11417
0 13902
0 7103
0 14415
0 16384
0 5862
0 16384
0 6714
0 4616
0 13631
0 5962
0 7531
0 5922
0 9527
0 6500
0 8107
0 12346
0 5741
0 4341
0 5836
0 11394
0 6867
0 13847
0 9256
0 5680
0 4400
0 5990
0 10278
0 12882
0 12588
0 4846
0 7652
0 16008
0 5309
0 4210
0 4175
0 4237
0 5431
0 4365
0 10482
0 4399
0 13867
0 7791
0 16384
0 4614
0 11367
0 7556
0 4399
0 5044
0 5272
0 16384
0 7747
0 8628
0 15954
0 5558
0 11222
0.257208 9607
1 6644
1 10166
0 16384
0 8819
0 6152
0 4435
0 15263
0 14457
0 11686
0 7001
0 7210
0 11999
0 10102
0 16299
0 4309
0 13282
0 7495
0 8830
0 11372
0 16384
0 6986
0 11457
0 6100
0 5313
0 5417
0 9538
0 6711
0 6454
0 12294
0 8752
0 16384
0 13420
0 6196
0 10010
0 9797
0 9359
0 5708
0 4739
0 10777
0 5607
0 5428
0 14884
0 6139
0.279271 5654
1 16384
0 7086
0 13717
0 7986
0 6020
0 7862
0 8976
0 5291
0 4722
0 13041
0 7827
0 9861
0 9698
0 10004
0 16384
0 9094
0 5683
0 16384
0 11267
0 7911
0 6070
0 4736
0 16384
0 7038
0 9045
0 4817
0.409153 15317
1 16384
0 6876
0 6093
0 12916
0 7756
0 9582
0 4249
0 16115
0 14574
0 6316
0 4850
0 4151
0 5296
0 8149
0 8479
0 5839
0 14160
0 11397
0 7091
0 10980
0 10476
0 14244
0 16384
0 4383
0 5241
0 4201
0 8328
0 9032
0 11235
0 9570
0 15246
0 8200
0 9185
0 8911
0 4852
0 4887
0 5860
0 7886
0 6824
0 5266
0 4502
0 6337
0 4124
0 8058
0 4516
0 4325
0 11258
0 7481
0 4861
0 5273
0 11783
0 6117
0 5964
0 5297
0 12609
0 13780
0 6430
0 11590
0 10426
0 5583
0 14502
0 4252
0 4596
0 13675
0 4318
0 4373
0 4499
0 5246
0 10669
0 7115
0 12446
0 6235
0 4698
0 4756
0 6370
0 8161
0 5293
0 11298
0 15421
0 7994
0 5650
0 13163
0 16384
0 7626
0 4569
0 4523
0.424531 7036
1 10338
0 8422
0 4213
0 6226
0 5191
0 5180
0 16384
0 16384
0 6942
0 11300
0 16384
0 4113
0 4219
0 12617
0 13508
0 6412
0 8192
0 8544
0 5795
0 5130
0 16384
0 16384
0 6892
0 4704
0 14036
0 12778
0 5234
0 5463
0 4708
0 16384
0 7563
0 6757
0 10088
0 8881
0 16384
0 12302
0 5625
0 4500
0 5379
0.799671 11536
1 8826
0 8324
0 7893
0 16384
0 13851
0 9469
0 13076
0 4442
0 12565
0 8424
0 4542
0 9379
0 9743
0 8198
0 13400
0 4102
0 5311
0 7097
0 11006
0 6209
0 9095
0 6150
0 4753
0 12786
0 10516
0 6374
0 16384
0 4328
0 8048
0 6156
0 16384
0 10913
0 12923
0 9431
0 8071
0 4785
0 8178
0 8452
0 7675
0 8439
0 12194
0 9125
0 7388
0 7700
0 6993
0 5500
0 7442
0 11999
0 4647
0 4358
0 6981
0 6375
0 6793
0 12536
0 16384
0 5092
0 4445
0 6109
0 8922
0 11758
0 5001
0 5449
0 16384
0 5406
0 6283
0 5606
0 6890
0 14760
0 13977
0 16384
0 8015
0 10969
0 7860
0 16384
0 5489
0 16384
0 5576
0 9255
0 6023
0 16063
0 10370
0 4391
0 16384
0 15395
0 9243
0 14479
0 7825
0 6968
0 6741
0 5068
0 6779
0 5252
0 4704
0 6212
0 10262
0 5133
0 12679
0 8405
0 16384
0 5572
0 8314
0 5255
0 8658
0 5512
0 7400
0 6785
0 5808
0 16384
0 4387
0 4472
0 5203
0 4444
0 8120
0 7705
0 7694
0 6226
0 7035
0 9230
0 9683
0 6934
0 6582
0 6654
0 11570
0 6835
0 8048
0 16384
0 8906
0 16384
0 9086
0 6487
0 4861
0 6798
0 6935
0 14013
0 7792
0 14230
0 14882
0 14171
0 4795
0 4187
0 4907
0 7924
0 6402
0 6936
0 7577
0 4479
0 4850
0 10322
0 6317
0 6173
0 5963
0 6626
0 7555
0 16384
0 5177
0 13150
0 5200
0 5158
0 5374
0 6490
0 7461
0 7774
0 9013
0 7540
0 7056
0 8615
0 6886
0 6010
0 8338
0 9951
0 4284
0 6949
0 8196
0 10201
0 5529
0 4957
0 11539
0 5553
0 9778
0 12382
0 5815
0 7845
0 11269
0 5461
0 6374
0 11000
0 5009
0 4128
0 4863
0 4869
0 4405
0 7000
0 11354
0 6687
0 11615
0 10126
0 16384
0 6756
0 7069
0 16384
0 12441
0 5634
0 4531
0 4868
0 16384
0 5075
0 5302
0 4583
0 12231
0 9068
0 4976
0 6738
0 6643
0 14188
0 5831
0 6558
0 5721
0 5748
0 4709
0 5334
0 6207
0 10929
0 7292
0 12421
0 4456
0 5289
0 5423
0 16384
0 11539
0 6574
0 8408
0 9743
0 16384
0 5315
0 12015
0 9514
0 11679
0 4524
0 4865
0 13377
0 10789
0 6430
0 16384
0 4944
0 9692
0 10311
0 7477
0 6341
0 4776
0 16384
0 5243
0 5449
0 9702
0 5546
0 16384
0 7736
0 9698
0 8034
0 4852
0 5174
0 6340
0 4250
0 4985
0 4362
0 4324
0 5773
0 12645
0 4828
0 7073
0 8152
0 9534
0 4946
0 8736
0 9895
0 6513
0 7073
0 16384
0 4425
0 11026
0 16384
0 4745
0 9653
0 6613
0 8211
0 7697
0 16384
0 9799
0 14244
0 11361
0 8490
0 10937
0 10921
0 10982
0 4536
0 12478
0 8381
0 9619
0 6992
0 13541
0 6981
0 7666
0 14322
0 8792
0 6504
0 6176
0 16384
0 10571
0 4347
0 16384
0 7180
0 16384
0 5520
0 5001
0 8198
0 9181
0 5728
0 6618
0 6399
0 11458
0 4527
0 13912
0 5766
0 4934
0 14592
0 10339
0 6236
0 11276
0 9370
0 14653
0 16384
0 7666
0 5762
0 16384
0 16384
0 6845
0 4347
0 7102
0 5337
0 5833
0 4939
0 4869
0 4514
0 4203
0 10369
0 5838
0 5377
0 6026
0 11331
0 6211
0 16384
0 13672
0 4438
0 9130
0 8241
0 9261
0 16384
0 4323
0 10356
0 6312
0 4741
0 12453
0 13057
0 8914
0 10080
0 4438
0 4210
0 4632
0 12441
0 6518
0 9395
0 16384
0 5730
0 4793
0 7412
0 6847
0 4857
0 7443
0 8443
0 4726
0.301208 16384
1 7768
1 10207
0 9100
0 5213
0 9901
0 5007
0 4537
0 5224
0 11753
0 7732
0 7649
0 9093
0 6830
0 4851
0 16384
0 12678
0 8156
0 14001
0 4402
0 4963
0 8924
0 5829
0 6570
0 6749
0 12062
0 4374
0 6051
0 4951
0 10404
0 9059
0 11121
0 10252
0 6904
0 13666
0 12950
0 9706
0 5441
0 7543
0 4888
0 6341
0 16384
0 7572
0 8943
0 7836
0 8116
0 16384
0 9065
0 14479
0 6881
0 8722
0 13690
0 16384
0 4387
0 9439
0 5834
0 9139
0 4661
0 14445
0 6456
0 5239
0 4966
0.806095 14306
1 4626
0 4389
0.0251853 9172
1 6631
0 4528
0 16384
0 5231
0 6731
0 7726
0 6175
0 16384
0 6671
0 12251
0 7426
0 11355
0 16384
0 9409
0 4768
0 4462
0 7738
0 15765
0 4355
0 9152
0 6043
0 7214
0 7928
0 8793
0 4928
0 16384
0 8367
0 7699
0 5127
0 7959
0 7221
0 12353
0 4356
0 9324
0 5437
0 11093
0 6790
0 4522
0 9831
0 7936
0 9176
0 5767
0 9246
0 7461
0 7510
0 14240
0 8145
0 4198
0 13136
0 10921
0 11504
0 9531
0 8004
0 5425
0 12909
0 9745
0 13230
0 8402
0 8550
0 13091
0 7520
0 9602
0 7447
0 8071
0 10452
0 16384
0 5701
0 16222
0 8855
0 4425
0 7726
0 16281
0 8090
0 6518
0 4145
0 9228
0 6092
0 11660
0 7459
0 12163
0 6411
0 4684
0 8201
0 16384
0 6375
0 16384
0 11643
0 16384
0 7352
0 6968
0 10223
0 16384
0 14428
0 9706
0 10044
0 6284
0 16384
0 6672
0 7231
0 6009
0 4157
0 15067
0 11558
0 6310
0 6716
0 5623
0 16384
0 7195
0 7944
0 5810
0.0964487 5153
1 6678
1 5793
0.548917 14729
0 13377
0 4523
0 9274
0 4429
0 13138
0 11083
0 10567
0 16384
0.737183 16384
0 5924
0 6313
0 11000
0 16384
0 5041
0 4737
0 7503
0 4187
0 16384
0 14693
0 16384
0 5653
0 10604
0 5735
0 16384
0 15403
0 5977
0 10952
0 4658
0 7816
0 9196
0 9658
0 5942
0 4307
0 5277
0 16384
0 12299
0 14351
0 10295
0 10512
0 6453
0 6036
0 6576
0 12353
0 13639
0 6093
0 16384
0 7354
0 16384
0 12964
0 14572
0 13948
0 16384
0 6125
0 7752
0.120707 13802
1 16384
0 6829
0 7990
0 13789
0 4521
0 15537
0 14337
0 6870
0 7237
0 6057
0 7538
0 5884
0 7349
0 6024
0.318851 6859
0 8620
0 13127
0.429565 16384
0 16384
0 16384
0 9664
0.706909 16384
0.904206 7370
0 14698
0 14030
0 16384
0 7219
0 16384
0 12926
0 6015
0 5987
0 15676
0 4739
0 14205
0 8079
0 10831
0 13411
0 16159
0 13117
0 16384
0 16384
0 4590
0 4799
0 8921
0 8142
0 14521
0 5369
0 8326
0 4944
0 15819
0 4720
0 8227
0 5123
0 4504
0 10240
0 11967
0 4428
0 5789
0 13061
0 16384
0 9481
0.650601 13569
0 14719
0 11645
0 16384
0 9966
0 9268
0 5644
0 4537
0 6223
0 9848
0 9317
0 5721
0 16384
0 6979
0 16384
0 16384
0 10388
0 6056
0 9093
0 5386
0 11088
0 8885
0 11611
0 11208
0 15919
0 16384
0 15515
0 4773
0 4821
0 16384
0 13024
0 7878
0 16384
0 8948
0 4302
0 16384
0.32378 5408
0 6046
0 16384
0 16384
0 4393
0 16384
0 9835
0 6763
0 6528
0 5953
0 9410
0 5902
0 6085
0 6785
0 5015
0 10141
0 6947
0 6801
0 4627
0 10402
0 11202
0 11283
0 5661
0 9413
0 13989
0 9426
0 13047
0.333008 16384
0 16384
0 7059
0 6190
0 14950
0 16384
0 4454
0 10511
0 7983
0 4497
0.742643 6796
0 14941
0 7449
0 5162
0 10160
0 4290
0 5185
0 5207
0 10803
0 16384
0 16384
0 5948
0 8769
0 5140
0 4472
0 7256
0 13530
0 10401
0 11218
0 11909
0 9682
0 5827
0 6079
0 5933
0 11083
0 5090
0 4330
0 4518
0 7957
0 6158
0 14736
0 9700
0 6749
0 11385
0 5169
0 8542
0 12780
0 9398
0 7016
0 16384
0 16384
0 16384
0 16384
0 16384
0 15600
0 16384
0 5989
0 16384
0 6617
0 13361
0 9308
0 12422
0 5252
0 16297
0 7172
0 8504
0 4940
0 7509
0 16384
0 7774
0 8882
0 16384
0 6025
0 10483
0 11101
0 16384
0 6591
0 16384
0 12095
0.858521 16384
0 12289
0 7711
0 10823
0 9490
0 16384
0 13268
0 13351
0 13094
0 5474
0 9764
0 10432
0 7637
0 16384
0 14294
0 13221
0 5356
0 11234
0 6755
0 6797
0 16384
0 14488
0 11719
0.602112 16384
0 9718
0 6613
0 7534
0 5691
0 5926
0 6016
0 10885
0 9658
0 16384
0 4405
0 15867
0 5171
0 5087
0 16384
0 13441
0 5131
0 16058
0 10222
0 4615
0 4807
0 4561
0 7378
0 5242
0 15369
0 6267
0 9643
0 4131
0 7810
0 9798
0 8018
0 7640
0 4222
0 11537
0 6220
0 4113
0 12095
0 16384
0 14218
0 16384
0 5152
0 10540
0 5438
0 16384
0 5640
0 4112
0 4823
0 15841
0 4748
0 10198
0 16384
0 9575
0 7626
0 7261
0 7168
0 5701
0 10961
0 7679
0 7189
0 6854
0 11084
0 14722
0 9028
0 11189
0 4493
0 8805
0 5583
0 4968
0 16062
0 7470
0 5012
0 4407
0 9505
0 16384
0 16128
0 16384
0 9308
0 8046
0 16384
0 11489
0 16092
0 8758
0 13603
0 7897
0 7762
0 12447
0 4363
0 4496
0 8979
0 14360
0 7125
0 6603
0 16384
0 10846
0 4837
0 7245
0 4186
0 8450
0 7829
0 7391
0 11289
0 7827
0 13457
0 4265
0 5123
0 6367
0 9890
0 5937
0 5090
0 10254
0 6695
0 10883
0 13851
0 5802
0 5370
0 11653
0 4491
0 4580
0 4855
0 6515
0 4298
0 16384
0 13653
0 16384
0 16384
0 16384
0 5752
0 16384
0 12942
0 9611
0 7778
0 10042
0 5856
0 5793
0 7808
0 16384
0 6469
0 10022
0 9581
0 5736
0 16384
0 14151
0 8042
0 16384
0 16384
0 10642
0 13307
0 8934
0 15194
0 7828
0 5006
0 6716
0 4705
0 16384
0 4641
0 4393
0 6715
0 7204
0 6351
0 9664
0 10963
0 15023
0 4955
0 5003
0 10649
0 16384
0 5690
0 16384
0 4891
0 5552
0 14136
0 4833
0 11541
0 6339
0 9226
0 6606
0 8980
0 16384
0 15494
0 5207
0 5034
0 16384
0 8641
0 5766
0 4935
0 6984
0 16384
0 8229
0 8834
0 13551
0 4789
0 5332
0 5535
0 7107
0 16380
0 5179
0 16384
0 7065
0 4570
0 7761
0 5796
0 6784
0 16384
0 6100
0 4441
0 16384
0 16384
0 7200
0.970825 16384
0 4727
0 4476
0 7740
0 4555
0 4890
0 4736
0 4348
0 4409
0 5458
0 4785
0 4213
0 6897
0 5205
0 5193
0 16384
0 6535
0 6795
0 10880
0 16384
0 7147
0.836094 13282
0 9550
0 5664
0 5269
0 5223
0 5253
0 4962
0 5364
0 7848
0 6823
0 16384
0 4981
0 7694
0 8931
0 9526
0 12302
0 6432
0 6192
0 16384
0 5942
0 6653
0 6434
0 14674
0 5437
0 6522
0 5457
0 9468
0 4760
0 4376
0 8890
0 10642
0 5399
0 8892
0 11521
0 9194
0 5497
0 6888
0 16021
0 9248
0 6817
0 5674
0 14621
0 5605
0 5623
0 5367
0 5976
0 7459
0 4488
0 10288
0 12904
0 4211
0 14141
0 5881
0 4724
0 4272
0 7450
0 5905
0 16384
0 6069
0 9010
0 16384
0 11041
0 8815
0 16384
0 16384
0 10994
0 5619
0 6312
0 4460
0 4983
0 11185
0 10934
0 10364
0 8932
0 4347
0 7877
0 10675
0 9560
0 12531
0 4629
0 8860
0 8818
0 16384
0 9866
0 6617
0 6351
0.354787 5609
0.159399 12522
0 13151
0 11196
0 9034
0 4992
0 13433
0 9970
0 5026
0 16384
0 11796
0 9925
0 5675
0.00793457 16384
1 7909
0 14510
0 10032
0 9965
0 14917
0 12768
0 6185
0 9447
0 16384
0 4814
0 5456
0 4914
0 8328
0 12423
0 8400
0 8971
0 9941
0 7871
0 6165
0 7254
0 4349
0 10930
0.837874 15562
0 4341
0 6127
0 5738
0 16384
0 4701
0 5357
0 16384
0 5271
0 16384
0 7636
0 5449
0 9899
0 9839
0 8719
0 16384
0 16384
0 6349
0 6369
0 5100
0 5971
0 8620
0 15376
0 13029
0 11651
0 4243
0 12682
0 5564
0 16384
0 6116
0 16384
0 14040
0 5940
0 5220
0 6446
0 16384
0 7524
0 16384
0 11304
0 7113
0 9098
0 16384
0 4706
0 7421
0 7861
0 15172
0 16384
0 7714
0 6980
0 6623
0 4161
0 9189
0 10132
0 7220
0 8006
0 6907
0 6996
0 4890
0 8600
0 13994
0 10702
0 13962
0 7575
0 6393
0 14792
0 16384
0 11924
0 7074
0 12595
0 5587
0.435536 5251
1 11511
0 8047
0 15517
0 9488
0.464301 9076
0 4804
0 8520
0 8733
0 12051
0 10212
0 6800
0.669512 9138
0 4457
0 4591
0.135356 11008
0 6549
0 11643
0 7000
0 7572
0 9798
0 7765
0 7682
0 4823
0 5510
0 9150
0 10162
0 16384
0 7991
0.294706 8293
0 11243
0 13094
0 8777
0 16384
0 10578
0 4114
0 16384
0 9556
0 4460
0 4884
0 7139
0 16384
0 4302
0 14525
0 16384
0 10999
0 8340
0 11207
0 4390
0 8243
0 14385
0 7800
0 4467
0 5928
0 16384
0 5764
0 5462
0 7896
0 8150
0 10161
0 4404
0 9225
0 16384
0 16384
0 4653
0 14946
0 5949
0 6967
0 6808
0 5413
0 8507
0 10544
0 9824
0 14317
0 7240
0 5720
0 10502
0 9729
0 4965
0 5315
0 5763
0 6158
0 5044
0 5322
0 16384
0 7713
0 5346
0 8603
0 5028
0 14504
0 5339
0 9537
0 10738
0 16384
0 5338
0 4615
0 6410
0 4835
0 6172
0 7181
0 6226
0 6103
0 11715
0 10091
0 4808
0 6023
0 16384
0 8277
0 12835
0 4921
0 6157
0 5733
0 8677
0 4385
0 13058
0 10322
0 15632
0 6797
0 4736
0 16384
0 8091
0 16384
0 5735
0 14239
0 7895
0 7302
0 8245
0 8064
0 8583
0 8309
0 5954
0 16384
0 9988
0 14564
0 8765
0 6399
0 12639
0 6493
0 14757
0 12076
0 11539
0 7952
0 7226
0 9239
0 8706
0 13065
0 16384
0 4906
0 16384
0 4346
0 16384
0 7534
0 5419
0 16384
0 5383
0 15831
0 10427
0 7002
0 5586
0 7281
0 10157
0 5836
0 5781
0 4443
0 16384
0 6664
0 7224
0 4558
0 8848
0 7043
0 5136
0 5116
0 5542
0 4866
0 14874
0 16384
0 5778
0 11837
0 6193
0.960727 14463
0 12642
0.304076 5275
0 8214
0 11336
0 7327
0 11987
0 16384
0 6969
0 4412
0 10073
0 11952
0 5739
0 10333
0 7259
0 6148
0 6359
0 9064
0 10290
0 11443
0 7817
0 5773
0 9189
0 11365
0 7646
0 16384
0 15158
0 15758
0 7353
0 7426
0 7809
0 12676
0 7303
0 6609
0 6769
0 5072
0 12546
0 6164
0 4367
0 4371
0 16384
0 16384
0 16384
0 16384
0 8075
0 6405
0 6578
0 8247
0 12154
0 7878
0 7682
0 12741
0 4462
0 11383
0 15206
0 7799
0 4718
0 5923
0 7166
0 5675
0 12851
0 11361
0 7550
0 4675
0 15737
0 5478
0 6720
0 6431
0 11476
0 6184
0 11058
0 4364
0 14153
0 4771
0 16384
0 8332
0 11097
0 5391
0 5420
0 8163
0 5246
0 6198
0 4382
0 16384
0 11120
0 5542
0 11845
0 4828
0 14419
0 5876
0 6951
0 5397
0 4934
0 5198
0 6759
0 6854
0 5767
0 9470
0 7343
0 8179
0 8096
0 11641
0 10812
0 9046
0 16384
0 8888
0 4662
0 12116
0 16384
0 16384
0 9735
0 16384
0 7097
0 4658
0 11297
0 6211
0 11471
0 6880
0 5772
0 7745
0 5370
0 8149
0 7915
0 5227
0 8728
0 5032
0 16384
0 16384
0 6997
0 4721
0 11952
0 16384
0 16384
0 15890
0 5463
0 12146
0 4253
0 13842
0 4673
0 16384
0 7257
0 14723
0 5065
0 9107
0 6200
0 5428
0 5674
0 5084
0 5642
0 9488
0 8478
0 4568
0 11494
0 7503
0 11202
0 8453
0 9751
0 11355
0 12258
0 16384
0 5609
0 16384
0 5945
0 8188
0.788818 16384
0 4120
0 4868
0 15318
0 9444
0 6728
0 6677
0 16384
0 7309
0 11015
0 16384
0 4887
0 16384
0 16384
0 16384
0 16384
0 4989
0 14271
0 7037
0 16384
0 16384
0 5985
0 6604
0 13692
0 16384
0 10516
0 11213
0 9944
0 16384
0 16384
0 4264
0 4190
0 4694
0 5348
0 4356
0 5644
0 8855
0 6560
0 16384
0 16384
0 16384
0 10333
0 6326
0 13564
0 16384
0 4822
0 12037
0 4855
0 5314
0 13276
0 16036
0 12618
0 4944
0 10657
0 7906
0 7011
0 4119
0 7284
0 4474
0 16384
0 16384
0 4625
0 16384
0 9499
0 8364
0 11182
0 16384
0 16384
0 10893
0 7059
0 16384
0 6515
0 7101
0 5942
0 4804
0 7200
0 10762
0 6980
0 6743
0 10872
0 13805
0 10801
0 5871
0 6895
0 13272
0 4528
0 6023
0 7444
0 11466
0 5167
0 9740
0 16384
0 15383
0 5917
0 9290
0 12393
0 16384
0 4895
0 13920
0 11967
0 16384
0 6648
0 5391
0 4257
0 16384
0 5845
0 4445
0 8357
0 5686
0 8479
0 16384
0 7595
0 8981
0 16384
0 5440
0 5578
0 5731
0 9162
0 16384
0 7954
0 8574
0 13213
0 10431
0 5023
0 6884
0 8893
0 16027
0 5891
0 6359
0 8276
0 4129
0 9415
0 7133
0 4119
0 16384
0 11193
0 4721
0 6068
0 4264
0 4128
0 4443
0 4490
0 16384
0 10720
0 10674
0 8209
0 7592
0 13320
0 12240
0 6495
0 7371
0 16292
0 7094
0.0634356 8150
0 5966
0 7048
0 4390
0 5520
0 10679
0 4773
0 9844
0 9946
0 8623
0 6262
0 9088
0.715758 6600
0 11261
0 4446
0 11012
0 5251
0 6241
0 4198
0 12860
0 16384
0 5085
0 13561
0.53226 9687
0 9866
0.855342 7853
0 16384
0 4228
0 10390
0 15208
0 5751
0 9228
0 15814
0 7615
0 4645
0.154297 16384
0 11600
0 16384
0 7318
0.909265 6282
0 10764
0 16384
0 10565
0 5757
0 6179
0 4952
0 14113
0 6327
0 4169
0 5501
0 5704
0 9124
0 6993
0 4142
0.789065 15564
0 16384
0 14796
0 7176
0 16384
0 11633
0 8231
0 5008
0.57107 7964
0 4195
0 7264
0 6061
0 4338
0 10197
0 8747
0 8207
0 16384
0 4308
0 13325
0 8043
0 9656
0 5355
0 8468
0 5960
0.411371 9867
0 6211
0 9401
0 4225
0 12241
0 14919
0 16384
0 5632
0 7012
0 6558
0 14062
0 11309
0 14417
0 5353
0 6098
0 4514
0 6638
0 7301
0 10713
0 16384
0 13505
0 8454
0 5843
0 6995
0 8833
0 15885
0 12004
0 7290
0 5387
0 7828
0 13944
0 4195
0 11416
0 16384
0 5474
0 16384
0 10537
0 13132
0 13743
0 6025
0 7824
0 9475
0 11575
0 8272
0 14827
0 8982
0 6777
0 4317
0 5053
0 14253
0 7031
0 4291
0 5375
0 4893
0 13269
0 5271
0 16384
0 4860
0 7579
0 4378
0 7042
0 5693
0 14518
0 4274
0 7028
0 4165
0 11344
0 5380
0 16384
0 6627
0 16384
0 8735
0 10796
0 15398
0.259911 12612
0 8105
0 5146
0 16384
0 4426
0 6391
0 16384
0 8515
0 13027
0 8197
0 6949
0 16384
0 5887
0 13515
0 12611
0 8927
0 5365
0 13296
0 10305
0 15166
0 7597
0 4228
0 7808
0 6977
0 7058
0 7064
0 16384
0 10527
0.171693 11241
0 16384
0 16384
0 6239
0 12061
0 16384
0 5693
0 14230
0 15983
0 14797
0 11909
0 5742
0 4243
0 7068
0 5704
0 6449
0 7035
0 11360
0 13647
0 9614
0 5235
0 13991
0 5613
0 4241
0 6563
0 6371
0 16384
0 4680
0 5140
0 6186
0 12155
0 5861
0 5764
0 9211
0 16384
0 16384
0 4245
0 13832
0 16384
0 16384
0 6825
0 16384
0 16384
0 5570
0 16384
0 13188
0 9094
0 6205
0 16384
0 9708
0 4722
0 6682
0 16384
0 9087
0 16384
0 5446
0 5113
0 10858
0 11220
0 16384
0.831628 14367
0 9567
0 16384
0.196348 10186
0 5626
0 4631
0 10815
0 5156
0 8966
0 13932
0 10546
0 10718
0 6093
0 4113
0 11865
0 13739
0.050354 16384
0 12753
0 7909
0 7408
0 13329
0 4185
0 11770
0 10282
0 13756
0 10224
0 7064
0 4259
0 4941
0 6039
0 16384
0 7821
0 12964
0 9296
0 10399
0 7986
0 10834
0 15905
0 9717
0 14046
0 16384
0 7566
0 7593
0 8519
0 12655
0 6178
0 12628
0 5828
0 9104
0 16384
0 16384
0 10330
0 5039
0 16384
0 9427
0 5094
0 15220
0 5363
0 7336
0 8506
0 16384
0 7957
0 5810
0 7753
0 5427
0 8649
0 5433
0 16384
0 16384
0 7974
0 9277
0 11939
0 16384
0 6762
0 4651
0 5341
0 4320
0 7659
0 9849
0 6167
0.4599 16384
0 14762
0.204045 9939
0.326599 16384
0 6122
0 11623
0 16384
0 12043
0 13903
0 7321
0 6926
0 9700
0 5358
0 4205
0 12222
0 4400
0 6949
0 9783
0 12709
0 6656
0 6888
0 6807
0 4714
0 16384
0 9252
0 15038
0 13142
0 7209
0 4853
0 12045
0 7803
0 16384
0 6503
0 8359
0 16384
0 10085
0 6687
0 16384
0 12416
0 11618
0 4465
0 11752
0 8731
0 14369
0 13887
0 16384
0 7801
0 6976
0 5716
0 5815
0 16384
0 4557
0.470695 11534
0 6026
0 8734
0 7879
0 16384
0 12245
0 7733
0 16384
0 4414
0 9379
0 10975
0 8613
0 12069
0 7205
0 8367
0 4750
0 5316
0 10553
0 6247
0 4906
0 4484
0 12442
0 5515
0 16384
0 10426
0 4264
0 10385
0 16022
0 11478
0 16384
0 5964
0 6257
0 16384
0 8898
0 5240
0 8664
0 7240
0 10188
0 8106
0 4147
0 5211
0 11670
0 12245
0 8225
0 8962
0 9662
0 8967
0 5809
0 16384
0 10124
0 12067
0 9561
0 9509
0 8019
0.144314 11863
0.682058 15550
0 5964
0 4808
0 6076
0 11299
0 12797
0 16384
0 4460
0 10603
0 7905
0 10832
0 16384
0 5427
0 7226
0 8682
0 12378
0 4810
0 16384
0 11729
0 16384
0 12586
0 11368
0 8468
0 4488
0 16384
0.813527 8827
0 11854
0 8908
0 10841
0 16384
0 16384
0 10239
0 4568
0 16384
0 14981
0 11147
0 11306
0 11342
0 5714
0 8212
0 6229
0 5204
0 16384
0 9766
0 6362
0 11789
0 8378
0 16014
0 4406
0 12983
0 6287
0 13182
0 10447
0 16384
0 7415
0.575529 7805
0 4702
0 4648
0 11314
0 7747
0 5559
0 9033
0 5158
0 9250
0 4992
0 8092
0 5643
0 12756
0 5330
0 8738
0 16384
0 13822
0 4802
0 16384
0 13656
0 7347
0 6953
0 14685
0 4676
0 12884
0 10998
0 5551
0 9588
0 9624
0 8680
0 14187
0 13029
0 16384
0 5711
0 4763
0 9799
0 4586
0 5176
0 5420
0 9954
0 13558
0 16384
0 5713
0 8125
0 8328
0 5145
0 4145
0 4156
0 8002
0 6379
0 5861
0 4178
0 16384
0 8001
0 4971
0 6693
0 5979
0 11878
0 11264
0 16032
0 8893
0 9661
0 9782
0 8031
0.380144 13316
0 16384
0 5568
0 11627
0 16384
0 4866
0 7885
0 6811
0 7146
0 16384
0 11043
0 16153
0 14034
0 7385
0 6234
0 4817
0 16384
0 4995
0 9205
0.485691 12335
0 6921
0.894995 9790
0 6194
0 16060
0 5702
0 8785
0 4321
0 16384
0 6530
0 16384
0 12200
0 6139
0 13099
0 11184
0 8575
0 7268
0 4877
0 12737
0 16384
0 14004
0 16384
0 6168
0 14761
0 9190
0 8417
0 8489
0.734833 4533
0 16384
0 16384
0 16261
0 12434
0 11424
0 9083
0 5464
0 5448
0 5293
0 12644
0 16384
0 12149
0 12135
0.696707 11629
0 14205
0 16384
0 6556
0 6435
0 4126
0 7450
0 6819
0 16384
0 4665
0 11034
0 16384
0 4844
0 8516
0 7745
0 4986
0 12502
0 4980
0 6626
0 5988
0 6902
0 5822
0 12936
0 4326
0 14881
0 4929
0 8331
0 9783
0 12153
0 12709
0 11329
0 7960
0 6588
0 8810
0 11475
0 4428
0 6487
0 16384
0 13165
0 16384
0 4223
0 5325
0 4346
0 16384
0 16384
0 4330
0 6987
0 12934
0 13440
0 7186
0 15518
0 10739
0 16384
0 11552
0 6535
0 7266
0 6239
0 9516
0 7036
0 6155
0 15780
0 10813
0 16384
0 9520
0 16384
0 4852
0 12621
0 8914
0 5936
0 5597
0 4665
0 7258
0 16384
0 4438
0 6953
0 9275
0 14964
0 6072
0 6767
0 4274
0 13074
0 6151
0 11620
0 5046
0 4343
0 5885
0 14901
0 10843
0 8814
0 4803
0 4268
0 16384
0 4662
0 16384
0 7543
0 5957
0 5947
0 5702
0 13815
0 8578
0 9757
0 11724
0 4690
0 16384
0 4582
0 7296
0 13099
0 16384
0 11085
0 16384
0 8008
0.294555 7401
0 4776
0 10928
0 16384
0 7565
0 6082
0 10106
0 12860
0 6220
0 4588
0 6515
0 6846
0 16384
0 16384
0 5009
0 4705
0 7687
0 14781
0 11188
0 16384
0 14828
0 12892
0 7403
0 4525
0 10200
0 5818
0 15441
0 14211
0 14125
0 4445
0.659926 12759
0 15602
0.414237 8780
0 4219
0.397236 14110
0.33691 6990
0 13389
0 4907
0 6451
0.735582 6225
0 9063
0 4856
0 4977
0 8870
0 4188
0 16384
0 16187
0 9830
0 16380
0 6021
0 5028
0 11678
0 12568
0 13955
0 16384
0 5415
0 4349
0 6909
0 7948
0.0143885 5560
1 5142
0 4164
0 8574
0 16384
0 16300
0.199153 8973
0 12369
0 5836
0 5538
0 8154
0 6225
0 12583
0 7600
0.518306 12182
0 16384
0 10543
0 12787
0 14424
0 4224
0 4948
0 16305
0 11970
0 5582
0 8328
0.285728 10797
0 4494
0.412099 14977
0 16384
0 6090
0 4226
0 5303
0 9805
0 9980
0 13405
0 5076
0 16384
0 4993
0.788395 9513
1 16384
0 4455
0 7422
0.807678 16384
0 11318
0 7112
0 10282
0 4145
0 10084
0 10828
0.18335 16384
0 16384
0 10929
0 8661
0 5593
0 6040
0 10637
0 5662
0 16384
0 6097
0 7026
0 6842
0 14191
0 8224
0 10391
0 12118
0.583582 7723
0 9389
0 7960
0 4608
0 4510
0 5300
0.821382 13011
0.114988 14445
0 4586
0 12060
0 14440
0 8553
0 8639
0 16384
0 9014
0 10188
0 7406
0 9770
0 5685
0 4663
0 8540
0 5459
0 9249
0 9519
0 5981
0 6446
0.487963 10925
0 11855
0 16384
0 6162
0 9034
0 4612
0 6572
0 8436
0 14494
0 8400
0 15808
0 10041
0 11237
0 12315
0 13714
0 6610
0 11895
0 7634
0 8858
0 16384
0 9284
0 7824
0 4908
0 9891
0 9632
0 10040
0 11423
0 8698
0 10600
0 11604
0 4650
0 4166
0 6422
0 9917
0 11620
0 5025
0 10124
0 4224
0 4584
0 8202
0 4696
0 5419
0 16384
0 5663
0 16384
0 12124
0 4199
0 14722
0 8577
0 4628
0 4570
0 4139
0 7283
0 9306
0 5544
0 10855
0 4215
0 4508
0 10367
0 16384
0 16384
0 12848
0 8653
0 6438
0 7260
0 5312
0 9206
0 6975
0 9068
0 7995
0 10658
0 16384
0 13512
0 7766
0 9341
0 7015
0 4634
0 16384
0 9204
0 11058
0 7549
0 7301
0 12274
0 16384
0 4852
0 8312
0 4867
0 8069
0 7524
0 5029
0 6025
0 9279
0 9460
0 9888
0 13484
0 11878
0 9302
0 10314
0 16384
0.125969 4644
0 6270
0 16384
0 16384
0 16384
0 16160
0 8590
0 7412
0 16384
0 5428
0 15793
0 7724
0 5982
0 13212
0 10077
0 15162
0 8558
0 12415
0 13438
0 11721
0 9883
0 16360
0 11592
0 16384
0 7987
0 7850
0 12790
0 16384
0 14232
0 4422
0 5248
0 11904
0 10167
0 7330
0 7744
0 12898
0 15024
0 6116
0 7678
0 12954
0 6134
0 6460
0 12747
0 4891
0 16384
0 12023
0 4396
0 12031
0 5671
0 9948
0 5305
0 16384
0 16384
0 16384
0 9249
0 5569
0 11901
0 16202
0 7990
0 15871
0 5752
0 6740
0 12189
0 8023
0 16384
0 12221
0 9819
0 5384
0 6209
0 8694
0 6998
0 15081
0 16384
0 16384
0 6002
0 16384
0 16384
0 16384
0 16384
0 5485
0 11999
0 11310
0 16384
0 16384
0 10772
0 15970
0 16384
0 4688
0 8300
0 4528
0 4279
0 6775
0 16365
0 16384
0 16384
0 6784
0 6308
0 4946
0 5168
0 4896
0 6813
0 5196
0 7887
0 4902
0 16384
0 5867
0 16384
0 16384
0 7186
0 16384
0 16384
0 6441
0 10690
0 16384
0 7746
0 6172
0 16384
0 12480
0 12483
0 4891
0 9552
0 7476
0 16384
0 7365
0.334924 11316
0 8548
0 16384
0 6387
0 9226
0 8842
0 9842
0 16384
0 8714
0 7745
0 4303
0 9808
0 16384
0 5793
0 16384
0 12182
0 11449
0 10712
0 5931
0 8444
0 8565
0 11906
0 4405
0 8548
0 6599
0 7904
0 5126
0 4756
0 4854
0 6398
0 9350
0 12525
0 11527
0 6079
0 4349
0 9851
0 7453
0 6826
0 6868
0 5244
0 9402
0 16384
0 11534
0 10450
0 7269
0 6781
0 16384
0 8067
0 11101
0 6455
0 16384
0 6298
0 7761
0 8552
0 15085
0 6023
0 5017
0 12878
0 5077
0 7297
0 5304
0 8167
0 9283
0 10176
0 8734
0 14665
0 9195
0 13750
0 6493
0 8491
0 8292
0 12699
0 16384
0 4967
0 12718
0 5222
0 9538
0 15929
0 16384
0 4860
0 4209
0 16384
0 10706
0 7211
0 8426
0 15809
0 7496
0 11083
0 16384
0 8809
0 4708
0 6733
0 6757
0 16384
0 10741
0 11283
0 6058
0 7608
0 12531
0 5838
0 16384
0 12901
0 7609
0 5188
0 16384
0 11481
0 7552
0 5626
0 5248
0 4648
0 9649
0 6768
0 10261
0 10514
0.537616 10461
1 7565
0 10699
0 12825
0 10349
0 7329
0 7516
0 9229
0 5328
0 16384
0 5377
0 16384
0 12020
0 16078
0 9478
0 16384
0 15282
0 5456
0 10524
0 10897
0 9983
0 16127
0 12036
0 7642
0 13545
0 11716
0 4824
0 8427
0 16384
0 6654
0 9915
0 4365
0 11953
0 16384
0 4161
0 8608
0 9939
0 8001
0 5695
0 16384
0 4839
0 7932
0 7717
0 8880
0 7735
0 13275
0 11367
0 5611
0 9144
0 10999
0 7824
0 12843
0 13304
0 16384
0 15544
0 4967
0 6026
0 5145
0 5086
0 16384
0 4461
0 4398
0 5188
0 8814
0 12710
0 10138
0 12239
0 14967
0 14510
0 7638
0 13395
0.0855103 16384
0 5776
0 9988
0 5081
0 5595
0 15153
0 4675
0 15343
0 4439
0 14357
0 8218
0 4844
0 4457
0 10079
0 4585
0 11352
0 10573
0 4116
0 5555
0 5412
0 10152
0 9644
0 8590
0 15153
0 16384
0 8172
0 12283
0 5010
0 6205
0 6384
0 8241
0 5878
0 6557
0 6654
0 9173
0 9917
0 14277
0 5344
0 15474
0 12347
0 15382
0 7493
0 9555
0 10093
0 4420
0 11026
0 4981
0 4167
0 7623
0 5014
0 4273
0 4641
0 6862
0 9114
0 6171
0 4861
0 4815
0 4481
0 5843
0 9663
0 6399
0 9604
0 16384
0 8940
0 4230
0 4896
0 7504
0 15831
0 8683
0 13678
0 5463
0 12073
0 10988
0 5048
0 12271
0 10556
0 6776
0 11092
0 11784
0 8097
0 9628
0 4538
0.863812 5441
1 6513
0 6813
0 7719
0 5111
0 4524
0 16384
0 16384
0 7785
0 6054
0 9098
0.890498 7525
0 5570
0 5521
0 4347
0 6129
0 8230
0 4285
0 9649
0 16384
0 4261
0 8159
0 14420
0 7247
0 16384
0 16384
0 5493
0 7268
0 8211
0 4250
0 9853
0 6686
0 11240
0 10999
0 5229
0 12110
0 10674
0 5391
0 12790
0 8586
0 11416
0 16384
0 5222
0 4396
0 5283
0 7457
0 5279
0 4798
0 11764
0 8933
0 4746
0 7725
0 4259
0 16384
0 16384
0 8968
0 8621
0 6929
0 4277
0 7266
0 15763
0 13256
0 5252
0 6702
0 13023
0 6515
0 6377
0 7152
0 5277
0 11076
0 7612
0 4208
0 5554
0 9051
0 16384
0 6887
0 5899
0 5440
0 6487
0 16384
0 4619
0 8781
0 11550
0 10749
0 11431
0 16384
0 4940
0 6990
0 15762
0 16384
0 6873
0 6879
0 6929
0 4333
0 7554
0 5284
0 4213
0 16286
0 5560
0 15397
0 10091
0 16196
0 5927
0 9557
0 8208
0 15360
0 6296
0 5168
0 11158
0 6535
0.263536 6409
1 12872
0 4453
0 5973
0 9778
0 4927
0 11391
0 16384
0 16384
0 16384
0 9814
0 4278
0 4508
0 16384
0 12505
0 11600
0 4245
0 6355
0 12850
0 10647
0 4460
0 10892
0 16384
0 5075
0 9697
0 8490
0 5278
0 15561
0 4679
0 8934
0 6434
0 8814
0 15486
0 8862
0 4643
0 8887
0 16384
0 11571
0 16384
0 9248
0 13699
0 16384
0 7910
0 5826
0 4905
0 7523
0 8635
0 7086
0 16384
0 5309
0 6345
0 8145
0 11647
0 16384
0 4717
0 12519
0 10818
0 4422
0 16384
0 9434
0 7701
0 4741
0 8968
0 9250
0 8408
0 12089
0 13504
0 12346
0 16384
0 5649
0 16384
0 15824
0 16384
0 16384
0 16384
0 4753
0 6434
0 9726
0 16384
0 4422
0 9839
0 7244
0 13005
0 5276
0 5985
0 5315
0 7790
0 12669
0 8395
0 7211
0 9578
0 7784
0 6273
0 7617
0 6277
0 5741
0 6866
0 4561
0 16384
0 5983
0 9105
0 8327
0 7992
0 12221
0 8204
0 7885
0 10226
0 16384
0 6883
0 10660
0 5459
0.528625 16384
1 4636
1 16384
0 16384
0 16170
0 10019
0 5800
0 11725
0 12018
0 4160
0 14308
0 9665
0 5248
0 5631
0 14095
0 14145
0 4432
0 8317
0 6543
0 5749
0 4647
0 12908
0 4181
0 6157
0 5595
0 11132
0 4847
0 9161
0 10672
0 4147
0 4186
0 10050
0 11536
0 5843
0 5922
0 13516
0 14440
0.268096 8068
1 11845
0 9739
0 16384
0 6415
0 4633
0 6363
0 7622
0 5443
0 10490
0 4907
0 8399
0 8468
0 10861
0 5961
0 15839
0 9446
0 8280
0 16384
0 5100
0.925076 4618
1 7243
0 4227
0 9345
0 13676
0 4947
0 16384
0 11213
0 16384
0 13920
0 10094
0 16384
0.102417 9266
1 6914
0 11824
0 4185
0 15331
0 4845
0 6796
0 6964
0 9061
0 8304
0 14621
0 8052
0.90022 10012
1 5584
0 10952
0 4412
0 9598
0 8990
0 6193
0 13395
0 9309
0 8520
0 12977
0 11206
0 4919
0 5149
0 9463
0 7496
0 10909
0 16384
0 7694
0 6115
0 9607
0 9460
0 11914
0 15915
0 8180
0 5396
0 9256
0 5537
0 9597
0 6484
0 4223
0 8207
0 10006
0 9007
0 14636
0 12706
0 16384
0 5581
0 12697
0 6439
0 6508
0 5249
0 6260
0 10400
0 5407
0 5350
0 5428
0 6761
0 16384
0 5173
0 4510
0 7169
0 16384
0 5346
0 4622
0 5079
0 7073
0 4915
0 11782
0 15303
0 15820
0 9801
0 4993
0 16384
0 7588
0 16384
0 5633
0 7861
0 16384
0 5440
0 7405
0 6705
0 16384
0 9930
0 6794
0 8612
0 11530
0 4155
0 4455
0 6576
0 9340
0 14942
0 16384
0 5117
0 12352
0 8340
0 6192
0 4404
0 4663
0 16384
0 4391
0 8242
0 10725
0 9165
0 11373
0 7973
0 12628
0 9940
0 8310
0 7383
0 6228
0 7459
0 16384
0 6899
0 11990
0 4279
0 14514
0 13575
0 10515
0 10424
0 7192
0 5530
0 12933
0 8918
0 10799
0 6968
0 7090
0 6863
0 4840
0 16384
0 7541
0 16384
0 11523
0 6036
0 6873
0 11240
0 7844
0 14317
0 10072
0 11952
0 10858
0 16384
0 9702
0 9243
0 7600
0 14894
0 6365
0 6632
0 13159
0 5301
0 4401
0 16384
0 16384
0 4328
0 8650
0 5764
0 4504
0 12234
0 16384
0 12367
0 16180
0 16384
0 9296
0 13532
0 5813
0 13195
0 16384
0 5964
0 5012
0 13337
0 5142
0 14965
0 4185
0 8689
0 4132
0 9764
0 5217
0 16384
0 9412
0 5259
0 7838
0 8954
0 7693
0 4205
0 16384
0 4290
0 8968
0 10538
0 5616
0 10453
0 4620
0 10103
0 7918
0 10536
0 4709
0 8948
0 5140
0 11266
0 7982
0 16384
0 4953
0 5376
0 6373
0 7584
0 5760
0 8555
0 10338
0 16384
0 9325
0 6162
0 9515
0 5862
0 7966
0 11608
0 4310
0 5423
0 6562
0 4155
0 6628
0 6162
0 8893
0 12243
0 10414
0 7534
0 6463
0 10304
0 5623
0 8411
0 12029
0 4856
0 10122
0 5400
0 6270
0 7573
0 6360
0 6552
0 4682
0 5105
0 5857
0 6067
0 5646
0 5446
0 4705
0 6282
0 10664
0 9858
0 16384
0 10607
0 15649
0 5767
0 7134
0 4478
0 5445
0 6878
0 9987
0 7256
0 8727
0 5365
0 11660
0 4106
0 4451
0 13378
0 4178
0 8290
0 7062
0 9067
0 4763
0 7794
0 11046
0 9811
0 6316
0 7838
0 5015
0 6040
0 7773
0 8424
0 6296
0 4337
0 7034
0 8519
0 6373
0 8654
0 5019
0 9814
0 6042
0 16273
0 4539
0 16212
0 4144
0 6471
0 4621
0 7654
0 5330
0 7060
0 8129
0 16384
0 11937
0 11865
0 11857
0 8906
0 5102
0 8248
0 4830
0 8070
0 9153
0 5521
0 9546
0.540771 16384
0 6129
0 7516
0 9235
0 10042
0 6066
0 8356
0 8514
0 16384
0 6423
0 6679
0 16384
0 16384
0 10776
0 7730
0 5164
0 5309
0 16384
0 6084
0 6007
0 8237
0 5689
0 16384
0 12688
0 4991
0 4293
0 16384
0 11819
0 9887
0 8858
0 4207
0 6842
0 10312
0 16384
0 5362
0 7037
0 5920
0 4137
0 5213
0 13338
0 7170
0 6427
0 14573
0 4634
0 9977
0 8982
0 5683
0 6294
0 10169
0 10811
0 8042
0 11970
0 5301
0 10075
0 7520
0 16334
0 5479
0 5578
0 16228
0 11230
0 16384
0 11290
0 16384
0 16384
0 4323
0 13986
0 7923
0 4555
0 16384
0 4112
0 8052
0 11691
0 16384
0 5468
0 16384
0 5601
0 7171
0 5151
0 4332
0 13314
0 10365
0 11726
0 4522
0 16384
0 5759
0 6193
0 12906
0 11554
0 14320
0 4223
0 10711
0 5826
0 7409
0 11180
0 7233
0 16384
0 8958
0 4719
0 8448
0 4291
0 5543
0 5443
0 16384
0 7977
0 13316
0 12055
0 16384
0 7111
0 7503
0 10117
0 4909
0 9409
0 16384
0 4408
0 14829
0 4512
0 6350
0 4519
0 7155
0 9310
0 5612
0 12826
0 5285
0 7005
0 10549
0 8627
0 12786
0 7252
0 6301
0 5035
0 16384
0 4403
0 16384
0 12194
0 6793
0 8068
0 11317
0 9732
0 12105
0 4574
0 12046
0 16384
0 14509
0 7057
0 8893
0 5504
0 4178
0 10841
0 5331
0 12096
0 4257
0 4334
0 11027
0 5907
0 4326
0 11045
0 8903
0 6207
0 9818
0.837524 16384
1 8310
1 4377
0 5618
0 7615
0 12504
0 5670
0 4980
0 8930
0 9256
0 11941
0 16384
0 6179
0 7584
0 7505
0 14048
0 16384
0 6830
0 16384
0 8923
0 5576
0 13150
0 15451
0 10430
0 9450
0 7099
0 6117
0 4400
0 9070
0 13852
0 5981
0 16384
0 6919
0 11885
0 14659
0 7383
0 10842
0 10908
0 16384
0 5069
0 5089
0 9583
0 16384
0 7924
0 11148
0 10634
0 8120
0 16384
0 16384
0 5782
0 11414
0 10354
0 7385
0 6542
0 8206
0 8645
0 12685
0 4329
0 4124
0 9049
0 4323
0 16384
0 6201
0 9705
0 6292
0 14230
0 5793
0 7396
0 15736
0 16384
0 10377
0 16171
0 5768
0 7450
0 8046
0 5253
0 12391
0 5471
0 9852
0 15183
0 16384
0 5075
0 4345
0 12722
0 9068
0 16041
0 13858
0 16384
0 4249
0 14320
0 7124
0 8411
0 10521
0 8789
0 7241
0 5153
0 7522
0 8295
0 6293
0 16323
0 6324
0 5231
0 5295
0 5419
0 11360
0 4556
0 10496
0 7632
0 12809
0 12092
0 5152
0 13765
0 7873
0 4457
0 13797
0 16384
0 6252
0 4139
0 8539
0 4466
0 6467
0 11927
0 16384
0 5289
0 12762
0 13965
0 15855
0 6721
0 9350
0 14393
0 12935
0 10171
0 5770
0 13441
0 6483
0 6099
0 4419
0 16384
0 8254
0 7587
0 11074
0 8655
0 7079
0 8742
0 6036
0 6838
0 8364
0 7453
0 11530
0 7094
0 8408
0 6051
0 9644
0 8374
0 4524
0 5746
0 4529
0 10214
0 4479
0 10569
0 6680
0 5254
0 7654
0 13514
0 6602
0 12415
0 10716
0 10680
0 16384
0 6847
0 16384
0 12220
0 4552
0 9844
0 12934
0 15179
0 5408
0 5682
0.495703 12917
1 13054
0.132906 12001
0 4899
0 5028
0 10662
0 15134
0 9279
0 5319
0 6727
0 4482
0 4978
0 6424
0 5766
0 7061
0 14500
0 4131
0 4626
0 9076
0 7118
0 8546
0 8391
0 12210
0 6263
0 15853
0 5795
0 16140
0 10229
0 6014
0 4472
0 9663
0 5309
0.158507 16075
1 5514
0 5784
0 5660
0 4693
0 7644
0 14019
0 10752
0 11289
0 5535
0 10335
0 12444
0 8465
0 4374
0 9991
0 5819
0 6626
0 12431
0 5858
0 4783
0 5265
0.496682 6479
1 11507
1 16384
0 9082
0.564241 10157
1 16384
0 5002
0 8084
0 7416
0 4955
0 8726
0 13187
0 7535
0 10725
0 6429
0 5465
0 5054
0 4852
0 16384
0 4172
0 16246
0 14291
0 10316
0 4120
0 5118
0 6293
0 14928
0 4278
0 7559
0 4382
0 4925
0 5325
0 8330
0 4674
0 4336
0 12552
0 6860
0 5055
0 7574
0 16384
0 5716
0 16384
0 5947
0 16384
0 7463
0 6328
0 5546
0 4254
0 6526
0 4687
0 7056
0 11163
0 4602
0 5250
0 6701
0 5465
0 4791
0 6726
0 16384
0 13024
0 10931
0 4981
0 10202
0 6489
0 10335
0 8866
0 7339
0 15431
0 5065
0 11472
0 16384
0 12575
0 8204
0 4340
0 7346
0 8796
0 4198
0 4416
0 10051
0 9939
0 16384
0 6148
0 5153
0 13286
0 5436
0 8727
0 15930
0 10840
0 7922
0 10444
0 7938
0 7105
0 4099
0 4274
0 12010
0 5377
0 16384
0 4128
0 5469
0 5558
0 7513
0 12460
0 5038
0 5625
0 4690
0 6133
0 4182
0 4160
0 4488
0 8511
0 5598
0 12670
0 16384
0 11850
0 7976
0 10432
0 6871
0 14666
0 4343
0 16384
0 15922
0 7901
0 9752
0 16384
0 16384
0 7947
0 11868
0 5067
0 7387
0 5376
0 7552
0 11360
0 6406
0 8997
0 4513
0 16384
0 4705
0 15069
0 8078
0 9306
0 4181
0 5926
0 10997
0 5482
0 9335
0 9389
0 11004
0 4823
0 8257
0 11742
0 10303
0 8088
0 6035
0 8077
0 13235
0 6186
0 12111
0 11902
0 7268
0 4392
0 6049
0 4520
0 14219
0 10582
0 8700
0 6654
0 5678
0 5214
0 4917
0 12582
0 5920
0 7086
0 4397
0 5483
0 4397
0 15888
0 12653
0 7782
0 10631
0 4321
0 5322
0 4239
0 4540
0 5031
0 5727
0 7060
0 4483
0 4549
0 4893
0 8313
0 16384
0 7555
0 4763
0 8553
0 5121
0 8079
0 10345
0 5460
0 4405
0 16384
0 8179
0 5286
0 5922
0 9092
0 9799
0 10428
0 11736
0 10002
0 6180
0 8765
0 5986
0 16384
0 5413
0 8129
0 4574
0 6572
0 7157
0 10388
0 4109
0 16384
0 6758
0 4238
0 9690
0 16384
0 6061
0 6446
0 13369
0 7326
0 4842
0 5161
0 12809
0 11324
0 8005
0 4416
0 5566
0 4800
0 4311
0 7715
0 7228
0 15212
0 5695
0 10790
0 4538
0 16384
0 7067
0 9922
0 7822
0 8544
0 16384
0 9497
0 6413
0 8794
0 6176
0 4829
0 8225
0 11374
0 9044
0 16384
0 5535
0 7197
0 10291
0 14477
0 4970
0 8372
0 8001
0 5401
0 6842
0 11626
0 15494
0 4200
0 9784
0 5249
0 7243
0 4594
0 4710
0 9179
0 15055
0 5467
0 5141
0 6628
0 4699
0 12708
0 7342
0 14794
0 9538
0 5115
0 7682
0 8249
0 8161
0 12948
0 9995
0 16384
0 7800
0 4317
0 4914
0 5091
0 4975
0 4584
0 16384
0 6569
0 4854
0 14738
0 4515
0 5166
0 16384
0 16384
0 15817
0 4987
0 4935
0 6035
0 8231
0 6880
0 6184
0 4466
0 6908
0 6604
0 4317
0 5070
0 16384
0 5338
0 13459
0 4855
0 6769
0 16384
0 6599
0 6032
0 14303
0 4536
0 12664
0 5428
0 7467
0 9792
0 5317
0 9835
0 16384
0 10095
0 9428
0 9416
0 4547
0 11803
0 6317
0 4314
0 4367
0 4406
0 7358
0 4487
0 4282
0 10835
0 5019
0 6681
0 7534
0 14180
0 4118
0 4632
0 6014
0 4799
0 6717
0 6016
0 5986
0 6457
0 6354
0 6967
0 10181
0 10427
0 4243
0 7384
0 7412
0 10765
0 5814
0 5195
0 4571
0 10261
0 12946
0 4140
0 6214
0 9604
0 4655
0 6377
0 4114
0 8595
0 4926
0 16384
0 4661
0 9250
0 16384
0 14507
0 10426
0 7069
0 13303
0 5631
0 5880
0 7317
0 6378
0 4186
0 9802
0 5401
0 10533
0 12012
0 4508
0 4410
0 16384
0 11509
0 11141
0 16384
0 7870
0 14606
0 8274
0 10686
0 5994
0 10028
0 4924
0 6680
0 6350
0 11971
0 7118
0 4153
0 7721
0 5299
0 4383
0 6532
0 4943
0 5727
0 9003
0 6132
0 5418
0 4984
0 15611
0 5930
0 7291
0 7945
0 7227
0 5916
0 16384
0 5544
0 7438
0 12962
0 15072
0 6043
0 16384
0 8807
0 4390
0 6612
0 6130
0 5636
0 16384
0 4141
0 5229
0 16384
0 5344
0 8318
0 5127
0 16384
0 13463
0 16384
0 11466
0 4505
0 15838
0 4801
0 16384
0 11037
0 5188
0 8085
0 16384
0 8670
0 10196
0 10917
0 11431
0 16384
0 4881
0 11422
0 10766
0 4198
0 6472
0 5589
0 8510
0 9065
0 4776
0 16384
0 5867
0 16115
0 5654
0 8726
0 4316
0 5684
0 4475
0 12738
0 16384
0 4202
0 5897
0 12690
0 8554
0 11036
0 4649
0 10439
0 9232
0 5306
0 16384
0 4806
0 11166
0 7281
0 4858
0 5491
0 5572
0 15270
0 12512
0 15839
0 4601
0 9266
0 5223
0 9324
0 10766
0 16384
0 8639
0 8853
0 9250
0 10738
0 14650
0 4499
0 14870
0 14975
0 4497
0 8642
0 4301
0 11158
0 5962
0 10405
0 4779
0 4343
0 12516
0 10680
0 12123
0 4339
0 5708
0 8272
0 9929
0 16384
0 6175
0 5879
0 8791
0 10294
0 12340
0 5134
0 6714
0 8783
0 6150
0 5121
0 7946
0 7050
0 6411
0 7945
0 5704
0 12011
0 6178
0 5849
0 10651
0 6033
0 8215
0 7568
0 13646
0 9794
0 16384
0 16384
0 16384
0 5838
0 7222
0 4594
0 6906
0 4150
0 9930
0 6039
0 5892
0 5454
0 9206
0 5408
0 6224
0 7192
0 4315
0 5834
0 16384
0 7663
0 6178
0 16384
0 7785
0 8784
0 8205
0 9856
0 16384
0 4970
0 5673
0 6649
0 4960
0 5336
0 8875
0 5485
0 9693
0 5016
0 9747
0 15588
0 15103
0 12819
0 6570
0 4492
0 9686
0 10254
0 12748
0 14550
0 16384
0 7962
0 10477
0 16384
0 5297
0 4886
0 6305
0 5008
0 4136
0 5762
0 11435
0 16384
0 14528
0 9474
0 16384
0 4398
0 16070
0 8653
0 16384
0 12161
0 6673
0 5686
0 5613
0 6079
0 4200
0 6361
0 9872
0 11471
0 13265
0 16384
0 7204
0 14299
0 9615
0 8074
0 15452
0 7616
0 6641
0 5919
0 4309
0 5224
0 5874
0 4275
0 7894
0 4359
0 4803
0 16384
0 4613
0 13739
0 4294
0 4394
0 8849
0 14986
0 10123
0 15423
0 7175
0 16384
0 4618
0 5019
0 4529
0 4685
0 7899
0 5212
0 10514
0 6732
0 4285
0 5122
0 9953
0 11261
0 11068
0 16105
0 5750
0 11037
0 12227
0 5913
0 4109
0 16384
0 9135
0 8036
0 4478
0 16073
0 7435
0 5762
0 7164
0 6440
0 6891
0 12486
0 16384
0 14534
0 4119
0 6439
0 8663
0 5186
0 4294
0 9972
0 7383
0 16384
0 12027
0 6036
0 7258
0 10229
0 7536
0 12436
0 5209
0 14015
0 6043
0 16384
0 8382
0 16384
0 6307
0 12380
0 5020
0 15723
0 4606
0 14142
0 8421
0 8221
0 5511
0 9361
0 4816
0 16384
0 4278
0 7567
0 16384
0 4168
0 16384
0 15005
0 16384
0 6343
0 6307
0 4330
0 5429
0 4996
0 4161
0 10479
0 12340
0 7610
0 4405
0 9453
0 16384
0 5676
0 10085
0 4779
0 6888
0 8129
0 10572
0 6859
0 5785
0 6200
0 7328
0 7691
0 10088
0 5217
0 6012
0 11286
0 12249
0 7024
0 5092
0 4687
0 5486
0 4202
0 4674
0 11168
0 8212
0 4790
0 4392
0 10215
0 16384
0 5883
0 16384
0 16384
0 11997
0 14592
0 14940
0 16384
0 10214
0 6473
0 16384
0 16384
0 10127
0 10047
0 7350
0 4990
0 4966
0 5855
0 4409
0 5906
0 14313
0 16384
0 9643
0 10400
0 8769
0 6493
0 12268
0 5182
0 10902
0 6149
0 9009
0 5777
0 8769
0 11271
0 11342
0 5609
0 11040
0 5569
0 6915
0 4808
0 13736
0 8721
0 8562
0 6943
0 4907
0 5802
0 4401
0 14807
0 14956
0 4377
0 7109
0 6826
0 8935
0 12834
0 4230
0 14784
0 11659
0 4617
0 5728
0 13354
0 6590
0 6667
0 4700
0 4219
0 10565
0 8265
0 10779
0 5149
0 16384
0 9127
0 7171
0 9403
0 7455
0 11763
0 16384
0 13737
0 8555
0 6179
0 13355
0 4370
0 4481
0 7363
0 5427
0 4970
0 16384
0 16384
0 5213
0 7493
0 5062
0 13019
0 5841
0 4530
0 4108
0 15601
0 8286
0 7171
0 4379
0 10408
0 16384
0 4339
0 8224
0 16384
0 16384
0 16384
0 4961
0 7409
0 7587
0 10600
0 9391
0 4188
0 11238
0 7307
0 14289
0 13083
0 16384
0 8495
0 9478
0 14203
0 10757
0 9369
0 11448
0 4187
0 6756
0 5557
0 7948
0 16384
0 5575
0 16384
0 10093
0 16384
0 16384
0 7319
0 7313
0 5306
0 4165
0 6144
0 4476
0 15543
0 11374
0 7563
0 16384
0 7262
0 6805
0 8796
0 4654
0 9068
0 6547
0 7623
0 5120
0 8653
0 6527
0 13555
0 11321
0 4637
0 16384
0 5566
0 12936
0 6526
0 4108
0 6021
0 16384
0 11757
0 14232
0 6395
0 8551
0 6259
0 13052
0 4153
0 11414
0 6699
0 4103
0 9570
0 4103
0 6004
0 14429
0 6263
0 8574
0 4426
0 4535
0 4654
0 6936
0 10085
0 7150
0 4480
0 8562
0 7085
0 7071
0 15689
0 7767
0 4993
0 7310
0 9119
0 8804
0 13908
0 4908
0 16384
0 9750
0 11079
0 9510
0 5594
0 16384
0 16384
0 6999
0 4236
0 16063
0 15321
0 16384
0 16384
0 6769
0 5772
0 7016
0 5708
0 8647
0 13165
0 6983
0 7783
0 6245
0 8816
0 15580
0 16384
0 16384
0 13178
0 6744
0 4775
0 5950
0 4663
0 4216
0 4615
0 4871
0 12085
0 10418
0 6031
0 11302
0 4187
0 16209
0 5083
0 11621
0 7342
0 13215
0 16384
0 7916
0 16384
0 7140
0 4237
0 13804
0 4191
0 16384
0 6158
0 4740
0 6759
0 11223
0 9419
0 6342
0 5989
0 12354
0 9066
0 10672
0 9987
0 6390
0 7170
0 9114
0 8369
0 4277
0 6832
0 8676
0 16384
0 9968
0 6094
0 4512
0 8717
0 9915
0 4964
0 16384
0 4416
0 4117
0 5351
0 5952
0 9968
0 8134
0 4431
0 6980
0 16384
0 4530
0 9925
0 5565
0 11136
0 13935
0 5133
0 13292
0 10964
0 9670
0 6681
0 5599
0 5629
0 4691
0 15576
0 16384
0 5798
0 8362
0 8184
0 9579
0 7394
0 6587
0 4333
0 16384
0 10338
0 9981
0 7436
0 4133
0 9462
0 7345
0 6937
0 5423
0 4561
0 11904
0 10193
0 8720
0 5447
0 6111
0 14801
0 10290
0 5665
0 8235
0 9775
0 9068
0 13735
0 6237
0 4291
0 5652
0 12107
0 5260
0 6005
0 6384
0 7057
0 5123
0 6144
0 5655
0 5560
0 8004
0 10029
0 11196
0 16384
0 13180
0 7811
0 8962
0 9168
0 5482
0 8956
0 12580
0 7238
0 4254
0 9569
0 4262
0 4978
0 6077
0 8705
0 10044
0 5741
0 6926
0 4372
0 4560
0 5205
0 16384
0 5575
0 5918
0 16384
0 8693
0 13969
0 16384
0 4540
0 4657
0 6081
0 9128
0 4601
0 7366
0 5055
0 10106
0 4234
0 5301
0 6744
0 16384
0 7962
0 4119
0 11137
0 6377
0 4915
0 8963
0 10422
0 6832
0 5752
0 15536
0 12276
0 6658
0 8485
0 9611
0 10632
0 4629
0 6208
0 6863
0 9233
0 7119
0 16384
0 4449
0 15110
0 12501
0 16384
0 5209
0 16384
0 7140
0 8906
0 5840
0 5038
0 5490
0 16384
0 16384
0 10754
0 13497
0 12745
0 5656
0 7066
0 8281
0 4353
0 7108
0 5954
0 7464
0 10538
0 4217
0 9723
0 4219
0 16384
0 4197
0 5477
0 6348
0 7362
0 10153
0 12402
0 13899
0 6530
0 5541
0 9737
0 16384
0 5662
0 10339
0 4103
0 6063
0 6008
0 4957
0 11807
0 16384
0 7201
0 4296
0 16384
0 5792
0 16384
0 5635
0 5959
0 11448
0 4103
0 6796
0 4575
0 5178
0 5059
0 4782
0 5421
0 16384
0 4459
0 5983
0 5061
0 9192
0 7919
0 7582
0 16384
0 9910
0 7583
0 4361
0 5202
0 5892
0 9221
0 15387
0 5409
0 8705
0 11801
0 8725
0 11579
0 9987
0 5861
0 16384
0 16384
0 4475
0 7608
0 16384
0 16384
0 4614
0 16384
0 15596
0 6653
0 6093
0 7519
0 6417
0 8579
0 16384
0 4700
0 8639
0 4466
0 7415
0 4639
0 8033
0 15404
0 6244
0 5769
0 7021
0 10834
0 15526
0 9997
0 7653
0 9633
0 9911
0 9530
0 6006
0 4869
0 16384
0 5160
0 4999
0 6363
0 11560
0 4572
0 14886
0 4934
0 8437
0 12209
0 16267
0 14154
0 7009
0 10666
0 11484
0 5163
0 14305
0 4247
0 10415
0 10141
0 4762
0 4311
0 7515
0 16384
0 8988
0 13164
0 16384
0 12568
0 11645
0 10000
0 8342
0 8845
0 6614
0 10225
0 4879
0 10202
0 7328
0 16384
0 4183
0 6881
0 13120
0 4492
0 6662
0 5421
0 5655
0 4478
0 4413
0 8330
0 13148
0 4847
0 4142
0 4166
0 4376
0 8198
0 6053
0 4706
0 4407
0 4801
0 5458
0 8441
0 13566
0 7008
0 12644
0 12244
0 12206
0 6220
0 4313
0 4211
0 10399
0 11300
0 5193
0 4310
0 7225
0 5637
0 6078
0 5337
0 16384
0 8231
0 12465
0 8497
0 16030
0 12291
0 10216
0 5270
0 4928
0 5863
0 16384
0 16384
0 16384
0 11743
0 5725
0 6810
0 8406
0 9895
0 4332
0 4911
0 9068
0 4382
0 7164
0 6569
0 14855
0 5161
0 8189
0 11697
0 7221
0 9036
0 6335
0 4317
0 4413
0 7760
0 4222
0 4877
0 6718
0 14866
0 4103
0 6834
0 7994
0 9889
0 16384
0 7538
0 8335
0 7214
0 6102
0 8261
0 7832
0 16384
0 16384
0 8567
0 4325
0 4111
0 7329
0 16384
0 6994
0 10615
0 8069
0 6460
0 8927
0 10843
0 9417
0 4692
0 9187
0 8734
0 5239
0 6139
0 4754
0 16384
0 4669
0 10344
0 7062
0 6583
0 4331
0 8099
0 5222
0 12868
0 14305
0 4334
0 6306
0 4379
0 5157
0 15685
0 11561
0 7919
0 4770
0 11094
0 7309
0 7444
0 5001
0 5911
0 12222
0 14287
0 4541
0 10334
0 5348
0 5480
0 8691
0 16384
0 5175
0 11777
0 4275
0 6303
0 12519
0 11454
0 10740
0 4961
0 12885
0 5493
0 15685
0 4666
0 4343
0 5674
0 13466
0 7616
0 7086
0 4514
0 11368
0 16384
0 4103
0 10595
0 9493
0 16384
0 16384
0 10671
0 6091
0 12294
0 5542
0 13640
0 16384
0 12360
0 8588
0 6651
0 6233
0 4575
0 4392
0 5215
0 16384
0 6459
0 4344
0 8335
0 7814
0 16384
0 6211
0 6360
0 5833
0 9561
0 16384
0 4511
0 4750
0 6785
0 9671
0 8961
0 5117
0 4612
0 12639
0 5158
0 11759
0 12267
0 4196
0 6252
0 5247
0 4719
0 4804
0 4154
0 8009
0 6161
0 6031
0 5565
0 5484
0 16384
0 6545
0 10948
0 10018
0 16384
0 9054
0 11384
0 16384
0 5643
0 7138
0 11166
0 16384
0 12877
0 6761
0 16384
0 8640
0 4103
0 6232
0 16384
0 5471
0 7404
0 10488
0 7952
0 8304
0 6818
0 8833
0 4228
0 10054
0 6997
0 7116
0 4121
0 4575
0 13303
0 13589
0 7153
0 5647
0 13925
0 12613
0 4243
0 6685
0 14192
0 7183
0 4233
0 16384
0 7759
0 4718
0 5868
0 5050
0 6650
0 7669
0 9239
0 14181
0 5363
0 4213
0 11076
0 4554
0 16384
0 11872
0 14949
0 15120
0 10001
0 5384
0 7212
0 6168
0 5607
0 6187
0 16384
0 9725
0 4675
0 16384
0 7627
0 4468
0 4416
0 16384
0 7498
0 13027
0 5974
0 8121
0 16384
0 4996
0 6904
0 4530
0 7925
0 10803
0 16384
0 9071
0 14074
0 7049
0 10182
0 4618
0 8706
0 7795
0 4776
0 9468
0 10805
0 10120
0 7451
0 7423
0 4338
0 8500
0 5567
0 10151
0 8743
0 4421
0 5413
0 10835
0 4987
0 11940
0 7522
0 12469
0 4874
0 5359
0 9730
0 16384
0 7598
0 12133
0 6499
0 5769
0 14016
0 16384
0 5236
0 10997
0 4629
0 4161
0 11432
0 5711
0 12149
0 5308
0 4788
0 16384
0 5527
0 8063
0 4391
0 8394
0 16384
0 6336
0 5388
0 7767
0 7648
0 5805
0 16384
0 15593
0 7719
0 5490
0 4883
0 4379
0 7507
0 4769
0 14368
0 8100
0 4474
0 10356
0 16384
0 6558
0 15597
0 16384
0 15640
0 13851
0 15547
0 16384
0 6351
0 4586
0 6733
0 16384
0 4853
0 16384
0 16384
0 7380
0 5260
0 6540
0 5903
0 4569
0 4196
0 5216
0 11407
0 16384
0 4788
0 5817
0 10465
0 8804
0 6607
0 11052
0 5846
0 9002
0 10301
0 7961
0 4744
0 9544
0 12916
0 16384
0 4648
0 5935
0 9322
0 7073
0 4931
0 9259
0 4703
0 8993
0 15506
0 5047
0 5247
0 4281
0 14306
0 8509
0 7215
0 5079
0 7306
0 6846
0 8472
0 6796
0 6617
0 4297
0 16235
0 6298
0 5175
0 4901
0 6806
0 4195
0 10002
0 7018
0 7217
0 4666
0 4282
0 11409
0 9134
0 10924
0 5372
0 16384
0 12230
0 6176
0 10383
0 7507
0 11237
0 16384
0 7665
0 13323
0 4333
0 6202
0 6889
0 15498
0 5249
0 7694
0 8566
0 9348
0 16384
0 16384
0 10358
0 8281
0 16384
0 5177
0 6605
0 4370
0 8482
0 4670
0 9727
0 4445
0 4861
0 7559
0 5056
0 9905
0 16384
0 7586
0 8740
0 16384
0 15756
0 15501
0 6799
0 6957
0 4686
0 9233
0 12612
0 13841
0 4793
0 6831
0 8534
0 7061
0 4512
0 4150
0 13170
0 10155
0 5478
0 4444
0 7195
0 6389
0 4573
0 16150
0 13018
0 5208
0 8237
0 14800
0 4279
0 7470
0 4103
0 4944
0 12342
0 16115
0 4840
0 5255
0 16384
0 5217
0 13095
0 4354
0 14919
0 9475
0 9334
0 4248
0 5059
0 8389
0 8839
0 11486
0 8410
0 8471
0 7984
0 16384
0 4104
0 7058
0 11809
0 6742
0 5748
0 12397
0 4946
0 4103
0 8343
0 6888
0 14706
0 12555
0 5082
0 11997
0 12217
0 14149
0 14353
0 8195
0 14379
0 4282
0 9507
0 8471
0 7211
0 7705
0 6386
0 9962
0 7697
0 6489
0 4406
0 16384
0 4461
0 4761
0 8410
0 9918
0 5640
0 6031
0 11595
0 4896
0 6992
0 4373
0 5280
0 4933
0 4905
0 5377
0 16384
0 4546
0 6286
0 9022
0 7954
0 5932
0 8032
0 16384
0 9935
0 7586
0 7331
0 8938
0 9275
0 14983
0 5198
0 16384
0 4193
0 8570
0 11351
0 10053
0 11316
0 16384
0 16384
0 8873
0 16384
0 16384
0 5458
0 16384
0 16384
0 10128
0 6298
0 7495
0 6198
0 5977
0 16384
0 6679
0 8172
0 7506
0 13027
0 10196
0 4842
0 6702
0 4920
0 6711
0 4747
0 9876
0 16384
0 9534
0 4553
0 7271
0 5231
0 5055
0 5657
0 8303
0 4177
0 7814
0 8740
0 4606
0 10157
0 16384
0 4222
0 5611
0 12740
0 16384
0 11349
0 13647
0 6313
0 8391
0 4923
0 16384
0 5404
0 6144
0 6884
0 5858
0 5957
0 16384
0 14721
0 9823
0 5251
0 5056
0 7392
0 6785
0 4769
0 6291
0 4961
0 16384
0 9312
0 10480
0 6542
0 16384
0 6646
0 4465
0 5674
0 4721
0 8130
0 8107
0 6705
0 6693
0 5562
0 8195
0 16384
0 4959
0 6272
0 16384
0 5408
0 10345
0 4395
0 9951
0 9322
0 5840
0 5133
0 5028
0 4220
0 14644
0 16032
0 5165
0 7414
0 6882
0 6813
0 8459
0 6664
0 4274
0 16090
0 6242
0 4866
0 4788
0 6332
0 13717
0 7123
0 7045
0 4761
0 4366
0 11355
0 8591
0 10917
0 5566
0 16384
0 9348
0 4809
0 5030
0 9747
0 8070
0 7686
0 4634
0 10015
0 16384
0 6672
0 7985
0 7204
0 4779
0 10281
0 5104
0 4862
0 8247
0 11739
0 14998
0 6620
0 4831
0 16245
0 8442
0 12131
0 10234
0 6805
0 5270
0 7937
0 12346
0 9049
0 7596
0 4761
0 11388
0 4302
0 16384
0 10752
0 16384
0 16384
0 11709
0 6549
0 6743
0 5283
0 12206
0 11318
0 12891
0 4566
0 6415
0 16384
0 6322
0 12526
0 9063
0 8680
0 8852
0 9188
0 11781
0 4163
0 6635
0 4435
0 9379
0 5878
0 8071
0 5784
0 7085
0 6152
0 11264
0 4193
0 8977
0 14193
0 16384
0 9556
0 16384
0 6970
0 4103
0 9603
0 8282
0 8742
0 4588
0 4892
0 8885
0 7066
0 12325
0 16384
0 4610
0 16384
0 5752
0 4406
0 6469
0 9164
0 4561
0 5055
0 5630
0 13700
0 5205
0 11538
0 5241
0 9648
0 5607
0 12989
0 4476
0 13562
0 12814
0 15038
0 15282
0 9212
0 13585
0 7813
0 4668
0 7641
0 7532
0 5692
0 6924
0 4144
0 8437
0 13569
0 4304
0 12465
0 6977
0 9836
0 4994
0 5782
0 7679
0 7823
0 6478
0 9263
0 4278
0 5388
0 4869
0 6673
0 9302
0 9240
0 4629
0 8982
0 7390
0 7227
0 16384
0 8335
0 7344
0 6465
0 9172
0 8732
0 4227
0 10671
0 4890
0 7645
0 11471
0 8021
0 11162
0 9887
0 5616
0 16384
0 16384
0 9866
0 16384
0 16384
0 16384
0 5160
0 13909
0 6526
0 6112
0 7209
0 5867
0 9425
0 8924
0 7964
0 4543
0 9233
0 4870
0 7162
0 9777
0 9300
0 16384
0 5915
0 6927
0 6447
0 5415
0 10260
0 8933
0 16384
0 6032
0 10462
0 5759
0 5099
0 11382
0 4369
0 7129
0 16255
0 5835
0 16384
0 5948
0 5323
0 5954
0 7847
0 11846
0 9295
0 16384
0 5986
0 4611
0 6207
0 7294
0 14194
0 10289
0 16384
0 5462
0 4415
0 5324
0 7105
0 4752
0 10242
0 4306
0 14388
0 13993
0 4502
0 8357
0 8145
0 12539
0 11883
0 6859
0 6100
0 6655
0 14610
0 5644
0 6123
0 5784
0 11498
0 6755
0 9228
0 4704
0 6402
0 7441
0 4183
0 8770
0 5599
0 14356
0 12045
0 4555
0 13671
0 5636
0 9277
0 10877
0 15467
0 4261
0 4338
0 10938
0 8109
0 4389
0 7532
0 4446
0 7012
0 16220
0 6132
0 12442
0 5278
0 5598
0 8433
0 8215
0 5986
0 15471
0 10644
0 7793
0 4496
0 8853
0 5605
0 5144
0 16384
0 4459
0 10212
0 13924
0 6050
0 7733
0 6485
0 6620
0 8011
0 11068
0 4233
0 4241
0 5683
0 16384
0 7572
0 5732
0 8119
0 5923
0 6845
0 9390
0 7074
0 4199
0 4955
0 8956
0 5396
0 5348
0 6153
0 13234
0 7724
0 15077
0 7988
0 4830
0 16384
0 10730
0 4264
0 7503
0 12476
0 10685
0 11553
0 4861
0 6237
0 5052
0 5537
0 16384
0 8069
0 6700
0 7127
0 6091
0 10345
0 7455
0 8185
0 6657
0 4498
0 9837
0 16384
0 8316
0 7234
0 13025
0 5714
0 7915
0 14729
0 9044
0 5800
0 6291
0 4531
0 9130
0 15939
0 5475
0 15524
0 5854
0 11030
0 4632
0 12855
0 11046
0 10163
0 8831
0 5402
0 16384
0 13065
0 13160
0 9030
0 4922
0 4295
0 6024
0 4467
0 5231
0 12516
0 4100
0 6923
0 8037
0 8932
0 4182
0 14130
0 7213
0 5470
0 6064
0 12850
0 6288
0 4373
0 7294
0 5377
0 12246
0 15738
0 5461
0 7224
0 7996
0 9541
0 15532
0 5547
0 5199
0 6562
0 4972
0 13415
0 7313
0 10355
0 10738
0 16384
0 16384
0 16384
0 4103
0 16384
0 7974
0 7970
0 11058
0 5207
0 5134
0 15750
0 8923
0 12851
0 4349
0 6964
0 4139
0 7607
0 16384
0 11023
0 6875
0 8996
0 9211
0 6712
0 5092
0 5042
0 6162
0 12914
0 4147
0 11090
0 5279
0 9973
0 12235
0 7904
0 6468
0 4440
0 4243
0 6228
0 11874
0 8150
0 13516
0 7273
0 4621
0 8320
0 4806
0 5595
0 11905
0 5644
0 5454
0 6261
0 7459
0 14482
0 8820
0 9668
0 4592
0 5104
0 12380
0 4863
0 7770
0 14886
0 4929
0 4646
0 10786
0 9546
0 6934
0 7613
0 5758
0 4582
0 6761
0 4327
0 8237
0 4991
0 6980
0 6105
0 5676
0 7197
0 15035
0 9736
0 10106
0 12390
0 7306
0 8061
0 8043
0 6220
0 7150
0 16384
0 9293
0 6455
0 8403
0 4896
0 4523
0 4176
0 12068
0 5323
0 4143
0 6428
0 5972
0 4584
0 16384
0 4710
0 5845
0 4530
0 7122
0 16384
0 4670
0 9489
0 5529
0 16384
0 16384
0 6283
0 13117
0 11392
0 4585
0 9907
0 11920
0 14553
0 7941
0 8203
0 12780
0 7294
0 9077
0 11154
0 8155
0 9016
0 10366
0 4453
0 4360
0 7354
0 7208
0 6291
0 4720
0 6331
0 8771
0 4984
0 5507
0 7075
0 4709
0 6332
0 16384
0 14992
0 7374
0 7251
0 6785
0 16384
0 7169
0 10148
0 11534
0 15505
0 11774
0 5134
0 9983
0 8551
0 11237
0 16384
0 4623
0 12455
0 7384
0 6316
0 10328
0 5419
0 5540
0 5774
0 16384
0 6762
0 6213
0 11240
0 4692
0 7302
0 10260
0 5164
0 9978
0 8150
0 11679
0 16384
0 5032
0 8036
0 16384
0 10233
0 4438
0 16384
0 16384
0 4240
0 6932
0 4849
0 6865
0 16384
0 6748
0 10628
0 7980
0 6139
0 16384
0 5145
0 5160
0 6696
0 7857
0 10160
0 10273
0 4845
0 10978
0 5271
0 16384
0 5021
0 10360
0 7617
0 5126
0 7815
0 6547
0 5910
0 13564
0 5498
0 8204
0 6440
0 4856
0 6031
0 7169
0 4557
0 7868
0 6232
0 8145
0 13497
0 4941
0 14049
0 7968
0 4137
0 9653
0 5761
0 5138
0 15330
0 11054
0 16006
0 5392
0 5361
0 4739
0 16384
0 16384
0 9146
0 16384
0 7049
0 9103
0 6559
0 4301
0 16384
0 8068
0 10036
0 7972
0 4274
0 10096
0 8420
0 7696
0 5348
0 5214
0 11855
0 10003
0 13902
0 6324
0 7748
0 5881
0 9086
0 7356
0 10621
0 9369
0 9699
0 9606
0 16100
0 16384
0 4514
0 5913
0 6238
0 4311
0 16384
0 8347
0 5506
0 4151
0 5054
0 4196
0 10170
0 13331
0 4291
0 16384
0 8599
0 12381
0 16384
0 8101
0 7304
0 4289
0 9579
0 8887
0 5653
0 16384
0 7425
0 10443
0 9500
0 8047
0 8743
0 6210
0 14915
0 16384
0 10030
0 11247
0 9752
0 4423
0 6059
0 8843
0 4584
0 6791
0 6057
0 13835
0 4820
0 6979
0 8446
0 16384
0 8161
0 4505
0 6522
0 13741
0 9447
0 13865
0 11686
0 11173
0 10618
0 9657
0 12087
0 7757
0 8260
0 9697
0 10837
0 6358
0 10834
0 4959
0 16384
0 8120
0 10860
0 4158
0 14354
0 4320
0 7331
0 13165
0 9531
0 10952
0 4942
0 5433
0 5662
0 4103
0 8248
0 6754
0 15737
0 5639
0 5317
0 16384
0 16384
0 9060
0 11611
0 4120
0 5497
0 6031
0 15896
0 4381
0 4173
0 9982
0 4122
0 4902
0 4119
0 11520
0 13660
0 4655
0 6868
0 16384
0 5047
0 11419
0 7319
0 5966
0 9804
0 8328
0 16063
0 5165
0 9513
0 11355
0 5026
0 4105
0 5400
0 7082
0 8735
0 12058
0 7679
0 5479
0 11300
0 10513
0 4984
0 16384
0 5362
0 6273
0 5760
0 5901
0 11971
0 4455
0 5494
0 5405
0 6829
0 6284
0 5145
0 16384
0 16384
0 5305
0 10475
0 9993
0 7756
0 13512
0 16384
0 6569
0 7598
0 11788
0 8862
0 10322
0 4344
0 6525
0 6080
0 4103
0 9205
0 5501
0 9496
0 12680
0 5234
0 4542
0 14235
0 12938
0 5530
0 6852
0 8396
0 11706
0 6891
0 4501
0 4224
0 4241
0 13506
0 4164
0 16384
0 4456
0 16384
0 5535
0 8857
0 16384
0 16384
0 11442
0 8907
0 13619
0 6193
0 4232
0 6453
0 6236
0 7740
0 4572
0 4470
0 4924
0 5610
0 6621
0 10804
0 4477
0 4842
0 6317
0 5192
0 8292
0 15955
0 5168
0 7378
0 6181
0 6122
0 11435
0 9651
0 8992
0 11361
0 4197
0 13020
0 4790
0 8758
0 4457
0 14092
0 16384
0 16384
0 4560
0 5583
0 4302
0 9881
0 4122
0 13131
0 10409
0 7452
0 5932
0 4988
0 16384
0 10867
0 6342
0 12073
0 5129
0 8854
0 8930
0 4820
0 14142
0 11551
0 10316
0 10923
0 16384
0 6967
0 13049
0 11804
0 16384
0 6888
0 11815
0 9357
0 7790
0 5261
0 9309
0 4233
0 16384
0 6181
0 12094
0 5742
0 15612
0 6894
0 9067
0 10572
0 5161
0 7506
0 8645
0 7738
0 4786
0 6342
0 12157
0 6053
0 16384
0 4697
0 16384
0 13063
0 8287
0 11565
0 6258
0 14629
0 5178
0 9973
0 6299
0 7041
0 4480
0 10948
0 6522
0 4895
0 5107
0 5520
0 7325
0 7484
0 5079
0 9029
0 4751
0 4180
0 8141
0 5951
0 10334
0 4319
0 10048
0 10137
0 6088
0 6387
0 11762
0 5796
0 7056
0 12217
0 4998
0 11947
0 9880
0 7891
0 6091
0 6966
0 4103
0 16384
0 6518
0 8461
0 13610
0 7564
0 16384
0 5284
0 12483
0 8793
0 12953
0 6168
0 16384
0 16244
0 4957
0 15617
0 5772
0 4169
0 6582
0 16384
0 9845
0 4427
0 5869
0 9489
0 14898
0 4462
0 15713
0 5744
0 4279
0 4423
0 13613
0 7967
0 10443
0 11806
0 10968
0 7875
0 4689
0 16384
0 9738
0 12810
0 8573
0 5318
0 6032
0 16384
0 5651
0 5156
0 7341
0 9063
0 5112
0 4475
0 5599
0 7404
0 12296
0 7303
0 4682
0 5807
0 12159
0 8750
0 4279
0 8731
0 4202
0 16384
0 9267
0 12742
0 15636
0 6907
0 13370
0 12276
0 15179
0 8216
0 6154
0 11564
0 12021
0 4429
0 6931
0 5136
0 10353
0 8986
0 14250
0 7301
0 8293
0 16384
0 5364
0 4850
0 6751
0 4988
0 16384
0 6856
0 16384
0 7675
0 10955
0 7670
0 5050
0 5323
0 5948
0 6092
0 13096
0 7847
0 6393
0 8291
0 7702
0 4116
0 5622
0 9980
0 12470
0 11112
0 5337
0 4764
0 12492
0 16384
0 6488
0 4621
0 7848
0 16384
0 5564
0 5129
0 4424
0 5407
0 8997
0 7514
0 4421
0 4696
0 10276
0 4608
0 12906
0 4475
0 4604
0 6419
0 4753
0 5038
0 4838
0 12711
0 9062
0 16384
0 9296
0 6559
0 16384
0 15364
0 6395
0 6946
0 7042
0 7102
0 16384
0 15419
0 5534
0 8669
0 4103
0 4163
0 6434
0 7041
0 15850
0 8037
0 8370
0 6295
0 6707
0 16384
0 16384
0 16384
0 5487
0 9434
0 16384
0 5172
0 8665
0 6732
0 4983
0 4946
0 14802
0 4805
0 5108
0 8648
0 5191
0 16384
0 9376
0 4459
0 12136
0 4828
0 5068
0 14896
0 11566
0 9638
0 5186
0 13999
0 4382
0 16384
0 4256
0 6019
0 5756
0 6511
0 5450
0 5833
0 5852
0 5322
0 5434
0 5960
0 4109
0 4103
0 5138
0 6847
0 7822
0 4100
0 4421
0 12720
0 14537
0 4106
0 5877
0 16384
0 6709
0 5504
0 16384
0 7591
0 5996
0 13163
0 8785
0 8928
0 4676
0 6703
0 5576
0 8037
0 4420
0 9825
0 6920
0 4458
0 9085
0 4431
0 10456
0 12764
0 8889
0 5372
0 9177
0 4136
0 8417
0 12025
0 6752
0 16384
0 16384
0 10930
0 12484
0 5001
0 7936
0 9117
0 4824
0 5895
0 14191
0 6907
0 7261
0 11748
0 16384
0 5057
0 5013
0 4519
0 12569
0 9745
0 5653
0 5906
0 4103
0 14619
0 16384
0 6351
0 6817
0 15038
0 11723
0 4453
0 6755
0 16384
0 5844
0 16384
0 7527
0 4138
0 13379
0 16384
0 16384
0 4618
0 5901
0 10047
0 5964
0 7628
0 7398
0 6882
0 4934
0 4838
0 12586
0 13420
0 9295
0 5718
0 9803
0 13734
0 6001
0 4931
0 7564
0 12692
0 6343
0 7826
0 8160
0 5252
0 15789
0 11315
0 6778
0 6260
0 4237
0 6946
0 9561
0 5354
0 5737
0 16384
0 7814
0 8034
0 11064
0 16384
0 16384
0 16384
0 9001
0 7348
0 16384
0 4205
0 4785
0 8261
0 16384
0 5870
0 8028
0 14471
0 4215
0 8756
0 6129
0 9638
0 13401
0 9406
0 7889
0 14911
0 10470
0 8195
0 5036
0 9950
0 5588
0 6371
0 11085
0 15067
0 5780
0 8901
0 4999
0 16384
0 4689
0 16384
0 9432
0 15100
0 16384
0 9877
0 16384
0 4679
0 5209
0 4530
0 16384
0 4733
0 5260
0 6720
0 13681
0 5314
0 4488
0 11942
0 7611
0 16179
0 11590
0 16384
0 6339
0 5403
0 6974
0 8741
0 11105
0 10943
0 5335
0 4399
0 8907
0 4121
0 5046
0 4113
0 16384
0 16384
0 8615
0 8409
0 4181
0 4312
0 9822
0 10762
0 12736
0 8671
0 7381
0 4361
0 10500
0 6076
0 7762
0 8692
0 7432
0 4994
0 4486
0 15740
0 9517
0 16384
0 7655
0 4735
0 9225
0 10959
0 4287
0 11609
0 5459
0 5473
0 4873
0 16384
0 16384
0 8744
0 13128
0 5287
0 4399
0 11193
0 6575
0 4417
0 16384
0 8670
0 10350
0 8088
0 4674
0 9915
0 8168
0 8311
0 9562
0 4512
0 10075
0 10131
0 14705
0 6471
0 7911
0 7176
0 7608
0 4906
0 5091
0 8728
0 10022
0 10059
0 9660
0 6969
0 5129
0 4479
0 4744
0 5424
0 8518
0 4657
0 4937
0 6207
0 7005
0 5139
0 11393
0 6128
0 8675
0 7574
0 6132
0 6296
0 16384
0 8406
0 16384
0 5906
0 4878
0 5276
0 16384
0 9320
0 6828
0 4375
0 6885
0 9111
0 9327
0 16384
0 8473
0 11034
0 10371
0 11306
0 7081
0 7149
0 15342
0 16384
0 4125
0 4776
0 13320
0 8709
0 4747
0 6490
0 8940
0 4487
0 4517
0 8220
0 13515
0 4744
0 4205
0 4527
0 4103
0 14627
0 4978
0 10371
0 4773
0 6191
0 9810
0 11092
0 4496
0 5519
0 16384
0 16384
0 5378
0 9661
0 5606
0 6258
0 7835
0 4777
0 6146
0 7528
0 6407
0 11650
0 16384
0 6637
0 13400
0 8499
0 8090
0 5353
0 11087
0 16384
0 16384
0 7880
0 8777
0 5769
0 5490
0 12391
0 16384
0 6749
0 14302
0 16384
0 13732
0 7659
0 12001
0 5491
0 4402
0 6093
0 8152
0 5887
0 6030
0 5809
0 8166
0 4341
0 16384
0 4103
0 7952
0 5948
0 8024
0 16384
0 7810
0 7562
0 13751
0 4478
0 15877
0 16384
0 6809
0 5188
0 4866
0 6369
0 10726
0 9200
0 6638
0 16384
0 11717
0 4718
0 16384
0 4369
0 12085
0 11501
0 8197
0 5941
0 10573
0 7264
0 4813
0 5704
0 5231
0 6688
0 6003
0 6180
0 6520
0 16384
0 5393
0 13120
0 8445
0 9654
0 7502
0 7410
0 9373
0 16224
0 10142
0 8026
0 10232
0 10606
0 7163
0 4803
0 4855
0 13067
0 5743
0 16384
0 6122
0 13435
0 11380
0 12777
0 5648
0 16384
0 7924
0 15006
0 11982
0 4100
0 5502
0 4608
0 16384
0 16384
0 8853
0 16384
0 16384
0 12690
0 5437
0 11212
0 13433
0 6317
0 6245
0 4658
0 7217
0 6528
0 4396
0 9264
0 4760
0 4321
0 4116
0 4151
0 5240
0 5034
0 6233
0 4186
0 7797
0 10259
0 12605
0 13255
0 9007
0 6105
0 4206
0 7782
0 8953
0 4138
0 15841
0 4506
0 5098
0 11541
0 5833
0 10533
0 9636
0 9130
0 11383
0 11936
0 6276
0 8508
0 4115
0 4808
0 15477
0 10349
0 8016
0 16384
0 5246
0 14834
0 4870
0 6591
0 6309
0 12324
0 5297
0 16384
0 16384
0 7894
0 4889
0 13195
0 5866
0 8149
0 11070
0 4225
0 7077
0 16384
0 5097
0 6534
0 8697
0 4126
0 16384
0 6912
0 12844
0 12159
0 6909
0 16384
0 8337
0 9936
0 8245
0 10003
0 6925
0 4693
0 5519
0 5129
0 16384
0 13969
0 4404
0 16384
0 11263
0 7084
0 11441
0 4105
0 6172
0 5330
0 5199
0 4551
0 9256
0 7919
0 4275
0 4320
0 7726
0 4751
0 10707
0 5018
0 4315
0 5379
0 8364
0 13487
0 16384
0 5054
0 4634
0 4822
0 5790
0 6405
0 9141
0 4731
0 4282
0 7766
0 10782
0 8952
0 6905
0 5792
0 5323
0 5142
0 16384
0 4228
0 5871
0 10993
0 7301
0 14111
0 7727
0 5478
0 7305
0 12175
0 4529
0 5135
0 4223
0 14195
0 8980
0 14192
0 5233
0 14393
0 6085
0 4349
0 4249
0 5018
0 9271
0 7314
0 6858
0 16384
0 4883
0 16384
0 9422
0 16384
0 7423
0 7949
0 6804
0 4637
0 6094
0 6192
0 4661
0 5920
0 4814
0 11041
0 6545
0 16384
0 9876
0 4788
0 4859
0 5376
0 9140
0 9121
0 7811
0 15189
0 7440
0 4395
0 6206
0 16384
0 7800
0 8102
0 12289
0 12041
0 10234
0 7763
0 4976
0 8068
0 6718
0 5107
0 4582
0 10811
0 9088
0 7376
0 7249
0 8957
0 9087
0 11371
0 4643
0 6230
0 7072
0 10821
0 10204
0 4413
0 16384
0 4223
0 10919
0 7821
0 4568
0 16384
0 6505
0 4252
0 4103
0 11853
0 12758
0 14699
0 5073
0 5531
0 7816
0 16384
0 6002
0 6227
0 5480
0 7162
0 10576
0 5994
0 9386
0 4600
0 11032
0 8972
0 4186
0 4184
0 10410
0 4693
0 4918
0 4159
0 4103
0 8948
0 5708
0 8637
0 5330
0 4354
0 7545
0 5986
0 7156
0 7676
0 6354
0 16384
0 9774
0 16384
0 8549
0 4103
0 13179
0 16384
0 10103
0 8016
0 11506
0 5272
0 6259
0 16384
0 12181
0 6272
0 5401
0 8508
0 4568
0 14914
0 4108
0 11818
0 5000
0 13382
0 8435
0 6314
0 4379
0 7876
0 4192
0 4269
0 13376
0 4181
0 11462
0 5360
0 16384
0 4339
0 16384
0 5247
0 4405
0 16384
0 10369
0 10005
0 11641
0 4800
0 9918
0 5750
0 5634
0 15954
0 5570
0 10323
0 12974
0 5711
0 6227
0 4979
0 7693
0 4706
0 16384
0 5540
0 4423
0 4639
0 13570
0 4750
0 4695
0 5890
0 11150
0 5611
0 4794
0 7895
0 16384
0 4658
0 9099
0 5064
0 7016
0 6288
0 6399
0 6733
0 11219
0 11604
0 12523
0 4442
0 7798
0 4783
0 4501
0 5077
0 4457
0 7729
0 12243
0 16208
0 7909
0 6567
0 5002
0 5110
0 4987
0 7475
0 12459
0 5217
0 14337
0 6477
0 11113
0 15894
0 4958
0 6918
0 16384
0 5501
0 9218
0 5853
0 8754
0 5715
0 16384
0 5966
0 8793
0 8529
0 10493
0 4690
0 16384
0 6428
0 6905
0 5188
0 10775
0 16384
0 14228
0 16384
0 4433
0 14293
0 10340
0 4174
0 6181
0 7226
0 12597
0 10750
0 4430
0 6445
0 8697
0 8690
0 5914
0 5316
0 7675
0 4393
0 4640
0 10340
0 6202
0 6746
0 7248
0 13534
0 4806
0 6234
0 4540
0 8007
0 6019
0 10946
0 14336
0 5712
0 6549
0 7863
0 5082
0 5420
0 4813
0 9543
0 5113
0 4196
0 4624
0 6910
0 7013
0 15862
0 16384
0 6164
0 6219
0 8887
0 8233
0 9033
0 7584
0 4662
0 4268
0 5537
0 6555
0 16384
0 10994
0 5596
0 10181
0 5187
0 7947
0 11276
0 5285
0 6767
0 16384
0 16384
0 16384
0 14849
0 16384
0 4317
0 8980
0 4715
0 16384
0 6008
0 16384
0 13714
0 5366
0 7465
0 7308
0 10258
0 16384
0 5107
0 9016
0 16384
0 11732
0 9712
0 8619
0 6174
0 5305
0 4454
0 6994
0 6145
0 12974
0 4674
0 5193
0 12986
0 16384
0 5114
0 7718
0 6012
0 6247
0 8282
0 5772
0 7653
0 11169
0 16384
0 5163
0 4573
0 4312
0 11284
0 5230
0 7183
0 12396
0 4434
0 4508
0 6114
0 16384
0 16384
0 4895
0 5365
0 10860
0 4461
0 8295
0 5980
0 5524
0 16384
0 13814
0 14292
0 5137
0 6291
0 5247
0 7292
0 10035
0 11575
0 9214
0 4178
0 5252
0 8313
0 16384
0 4586
0 11839
0 14492
0 4460
0 15226
0 10587
0 7562
0 6186
0 8736
0 10721
0 5657
0 11016
0 11408
0 5768
0 8789
0 7327
0 7000
0 8242
0 5888
0 4957
0 5499
0 6113
0 16384
0 12091
0 6749
0 4545
0 11402
0 11388
0 6617
0 8964
0 4302
0 5375
0 7987
0 4271
0 5568
0 5676
0 8134
0 7302
0 7168
0 7180
0 16384
0 5864
0 6617
0 9817
0 8079
0 4111
0 9841
0 16094
0 7644
0 13794
0 5053
0 10293
0 10190
0 16384
0 14378
0 7320
0 4794
0 7428
0 4969
0 9012
0 4206
0 6116
0 8210
0 9982
0 6645
0 5748
0 7933
0 4359
0 5060
0 10266
0 11403
0 8674
0 6915
0 16384
0 16384
0 6969
0 13894
0 14684
0 6371
0 5634
0 10689
0 6211
0 10081
0 4450
0 13587
0 4103
0 12692
0 9097
0 6642
0 15195
0 4316
0 6322
0 6698
0 12231
0 8335
0 4784
0 9313
0 12989
0 8054
0 11410
0 16384
0 7657
0 6124
0 6241
0 11503
0 5340
0 6937
0 5269
0 4820
0 11607
0 7937
0 11909
0 16384
0 16384
0 10290
0 5182
0 13323
0 8961
0 9884
0 16384
0 6065
0 16384
0 16384
0 4765
0 8730
0 7509
0 4236
0 11907
0 6574
0 8847
0 16384
0 11886
0 5047
0 9367
0 16384
0 8947
0 9127
0 16060
0 7936
0 6736
0 9329
0 7469
0 6261
0 4637
0 6769
0 4421
0 4752
0 7235
0 6627
0 4294
0 5512
0 15841
0 5097
0 4470
0 15980
0 5288
0 9495
0 16384
0 10373
0 4383
0 4286
0 5192
0 13233
0 5296
0 10157
0 4796
0 6425
0 6205
0 11659
0 11853
0 5963
0 11527
0 12852
0 16384
0 12609
0 6346
0 16384
0 8940
0 6178
0 16384
0 6834
0 9696
0 6598
0 14787
0 8901
0 7645
0 6243
0 8058
0 4391
0 8842
0 16384
0 6073
0 6804
0 12091
0 8610
0 5812
0 6226
0 8256
0 5217
0 4647
0 10809
0 16384
0 11295
0 11669
0 4759
0 6719
0 13473
0 6573
0 14801
0 5682
0 12120
0 4185
0 5731
0 4562
0 4274
0 6918
0 9987
0 6726
0 5764
0 16384
0 4628
0 9575
0 5625
0 13570
0 4970
0 16384
0 4167
0 9121
0 16384
0 4831
0 7967
0 4719
0 16384
0 6306
0 4103
0 7351
0 15578
0 16384
0 16384
0 16384
0 7968
0 4992
0 9371
0 11441
0 4775
0 4289
0 11162
0 4949
0 16384
0 5344
0 4653
0 7042
0 4309
0 14098
0 16384
0 9852
0 11019
0 4245
0 10218
0 13792
0 4483
0 15251
0 4123
0 7280
0 4503
0 4457
0 4477
0 14826
0 11903
0 4460
0 8116
0 6302
0 5472
0 16384
0 15003
0 8699
0 6301
0 5654
0 4751
0 4460
0 7872
0 4632
0 16384
0 5262
0 4187
0 5367
0 4606
0 10800
0 4400
0 14589
0 4921
0 16384
0 8786
0 4637
0 16384
0 4924
0 15110
0 4290
0 12178
0 16384
0 7568
0 4708
0 7017
0 15042
0 4681
0 4776
0 15557
0 7909
0 15365
0 5877
0 5485
0 6311
0 5343
0 4685
0 5615
0 12538
0 8290
0 15803
0 6008
0 4273
0 8233
0 9805
0 7271
0 14157
0 7793
0 10979
0 10641
0 8127
0 6052
0 7011
0 9630
0 4673
0 16384
0 4592
0 5045
0 4576
0 16384
0 6280
0 14615
0 10549
0 5031
0 10312
0 5346
0 5236
0 4490
0 16384
0 16384
0 4572
0 10152
0 5304
0 11149
0 7583
0 10241
0 4251
0 16384
0 9062
0 4101
0 15152
0 8150
0 4569
0 11480
0 5046
0 10487
0 4907
0 4503
0 9440
0 4737
0 6320
0 10089
0 8824
0 9734
0 16384
0 4445
0 8673
0 12015
0 4163
0 4943
0 12799
0 12682
0 6614
0 14259
0 5856
0 6191
0 16384
0 7215
0 5299
0 8643
0 5798
0 4341
0 9778
0 4405
0 16198
0 16384
0 8236
0 9276
0 16384
0 8766
0 5767
0 5719
0 5797
0 16384
0 4197
0 14005
0 5338
0 8724
0 16384
0 10856
0 9326
0 16384
0 12445
0 6766
0 14055
0 7113
0 4580
0 5326
0 11858
0 12484
0 14001
0 4961
0 6661
0 7000
0 6501
0 13365
0 6859
0 4478
0 6487
0 4334
0 9623
0 4821
0 5100
0 10396
0 5266
0 14034
0 16384
0 11154
0 12837
0 7549
0 9150
0 6785
0 16384
0 13607
0 4122
0 8965
0 16384
0 12174
0 7866
0 8386
0 12266
0 16384
0 4370
0 7463
0 7369
0 5489
0 5771
0 8024
0 9256
0 16384
0 6332
0 7540
0 16384
0 4150
0 7249
0 8239
0 12655
0 7021
0 5839
0 4114
0 5031
0 4513
0 5456
0 5690
0 7997
0 4154
0 16384
0 4532
0 12033
0 7860
0 4634
0 15282
0 4441
0 10643
0 5445
0 4276
0 11159
0 9104
0 4629
0 7141
0 4605
0 4816
0 9610
0 9560
0 7219
0 7465
0 6705
0 16384
0 6457
0 5257
0 8431
0 16384
0 15786
0 10078
0 6199
0 6746
0 16384
0 4270
0 6934
0 5462
0 7092
0 4987
0 6974
0 16384
0 16384
0 8069
0 4464
0 12604
0 6653
0 9270
0 16384
0 13797
0 9349
0 9171
0 10279
0 11070
0 4802
0 11179
0 5579
0 9413
0 15441
0 9865
0 15324
0 11744
0 4747
0 16384
0 16384
0 8565
0 6255
0 6991
0 5691
0 4191
0 12822
0 16384
0 7710
0 9431
0 16384
0 9109
0 7678
0 7313
0 6656
0 5719
0 7868
0 5498
0 6134
0 9419
0 4103
0 4318
0 4609
0 8991
0 6114
0 5099
0 9783
0 14305
0 5877
0 5812
0 5276
0 9744
0 9693
0 7889
0 6296
0 4359
0 6273
0 5333
0 4993
0 12740
0 5547
0 5013
0 7011
0 5908
0 11572
0 11958
0 6772
0 4929
0 4673
0 5359
0 7727
0 4271
0 7716
0 7620
0 5583
0 8391
0 15881
0 4479
0 13999
0 16384
0 9403
0 12512
0 13815
0 16384
0 7870
0 5537
0 14209
0 16384
0 6275
0 16384
0 6478
0 6191
0 5751
0 4170
0 5728
0 13975
0 13635
0 5707
0 5772
0 10671
0 5076
0 7996
0 8171
0 9008
0 4572
0 7244
0 8203
0 6165
0 7201
0 10535
0 13920
0 10489
0 4954
0 5982
0 4737
0 10446
0 9397
0 6754
0 5258
0 4704
0 7208
0 13363
0 10319
0 7065
0 6022
0 4724
0 8032
0 5893
0 6666
0 4295
0 15593
0 5195
0 4616
0 4646
0 12961
0 6307
0 6298
0 4393
0 4159
0 9161
0 6976
0 10055
0 4662
0 16384
0 4957
0 6882
0 8672
0 7175
0 10748
0 16384
0 8794
0 7506
0 5101
0 11388
0 10665
0 4466
0 4757
0 4782
0 16384
0 16384
0 5940
0 7853
0 12283
0 5620
0 4301
0 6595
0 11133
0 7423
0 6200
0 12353
0 16384
0 10167
0 16384
0 13404
0 15776
0 6062
0 10661
0 8696
0 9744
0 9651
0 11742
0 6230
0 8544
0 16162
0 4100
0 12405
0 14028
0 9750
0 9119
0 10800
0 7928
0 4741
0 5760
0 7162
0 4855
0 13485
0 16384
0 7138
0 16384
0 12359
0 5707
0 6369
0 4346
0 13189
0 12766
0 6209
0 6489
0 16384
0 7343
0 5875
0 8404
0 4188
0 8420
0 5721
0 6477
0 4824
0 7355
0 6070
0 12259
0 9673
0 4371
0 16384
0 14768
0 5651
0 5622
0 6911
0 11819
0 10120
0 4103
0 4391
0 5008
0 4334
0 6548
0 5868
0 12600
0 4404
0 10629
0 6392
0 9442
0 4752
0 5070
0 14117
0 6196
0 8418
0 4452
0 4834
0 16384
0 7647
0 4408
0 7006
0 7084
0 15182
0 7433
0 4552
0 7157
0 8993
0 8455
0 13577
0 4767
0 4103
0 14374
0 7891
0 9283
0 5591
0 16384
0 16384
0 7742
0 16384
0 16384
0 16384
0 16384
0 6364
0 5775
0 6589
0 5680
0 9162
0 8895
0 8639
0 6960
0 4607
0 5408
0 10549
0 4236
0 6067
0 5601
0 7505
0 16384
0 16384
0 7428
0 6908
0 15869
0 4917
0 5259
0 6153
0 16384
0 9332
0 5404
0 8792
0 4991
0 11588
0 7199
0 5188
0 16384
0 6208
0 6263
0 7794
0 16384
0 10023
0 8896
0 6820
0 4817
0 10527
0 5626
0 4615
0 16384
0 10789
0 4162
0 8319
0 16384
0 8478
0 8397
0 8247
0 4775
0 7080
0 5423
0 16384
0 6758
0 7509
0 8505
0 10599
0 4199
0 7110
0 5309
0 6400
0 11526
0 5021
0 16384
0 7032
0 14534
0 5997
0 7150
0 6060
0 5669
0 6555
0 6592
0 5625
0 16384
0 4194
0 5888
0 8754
0 4461
0 5228
0 5666
0 8278
0 6478
0 8570
0 14266
0 14215
0 5599
0 12720
0 11500
0 5397
0 6328
0 14169
0 13712
0 10159
0 4443
0 5837
0 9309
0 5379
0 9194
0 11104
0 10447
0 8277
0 5760
0 15053
0 11202
0 5352
0 12213
0 4436
0 16358
0 12322
0 4468
0 9057
0 4622
0 9955
0 5537
0 10281
0 10619
0 14154
0 7332
0 7319
0 6782
0 4748
0 6778
0 8170
0 13543
0 6112
0 5690
0 6493
0 4622
0 9959
0 10402
0 14538
0 7638
0 11889
0 5007
0 5147
0 7514
0 6899
0 6652
0 7870
0 6273
0 8288
0 9679
0 9116
0 7408
0 6488
0 8181
0 13748
0 6985
0 12555
0 5116
0 7011
0 7485
0 6897
0 16384
0 9685
0 7210
0 4410
0 7244
0 6635
0 6481
0 5823
0 5278
0 5397
0 9895
0 6012
0 12440
0 10811
0 16384
0 10729
0 6702
0 9415
0 16384
0 11290
0 13704
0 13623
0 5836
0 5704
0 9599
0 14580
0 5115
0 10307
0 6099
0 8774
0 15562
0 11950
0 4131
0 11084
0 12076
0 10526
0 11000
0 14548
0 8389
0 5569
0 6752
0 11265
0 4744
0 10655
0 16384
0 4975
0 4598
0 4352
0 10457
0 6323
0 4593
0 8036
0 8643
0 16384
0 4118
0 9863
0 16384
0 4184
0 5975
0 9149
0 16384
0 5416
0 5976
0 9740
0 9546
0 7588
0 7303
0 7025
0 4237
0 9941
0 16384
0 16384
0 10113
0 8538
0 16384
0 9725
0 8509
0 5059
0 10090
0 7194
0 6220
0 4812
0 4266
0 9327
0 4617
0 4966
0 9092
0 6102
0 4279
0 16384
0 4958
0 16384
0 4935
0 4627
0 13065
0 16384
0 14691
0 8415
0 5273
0 16384
0 4444
0 16384
0 5993
0 5563
0 6585
0 9916
0 9226
0 10085
0 9920
0 7213
0 6780
0 14951
0 5946
0 5110
0 12544
0 5286
0 15453
0 11916
0 9048
0 6474
0 6776
0 10817
0 5839
0 8924
0 5880
0 4732
0 9670
0 6734
0 11066
0 10606
0 15974
0 8090
0 11262
0 10248
0 4193
0 5195
0 12588
0 16384
0 8744
0 9285
0 4596
0 10620
0 13384
0 7529
0 12949
0 5571
0 15261
0 5598
0 8035
0 16205
0 6204
0 5146
0 15968
0 14058
0 5299
0 4544
0 11199
0 16384
0 4173
0 9107
0 11023
0 6153
0 10742
0 4430
0 16384
0 4748
0 16384
0 4212
0 5462
0 4190
0 8293
0 16384
0 5422
0 16384
0 13314
0 7431
0 10911
0 4573
0 4993
0 7446
0 16384
0 5406
0 4296
0 12020
0 9131
0 10399
0 8987
0 16120
0 5102
0 12785
0 5089
0 6063
0 4568
0 9274
0 10466
0 4697
0 12247
0 4324
0 6029
0 5511
0 8626
0 5445
0 9002
0 16384
0 16384
0 6239
0 6530
0 11460
0 8651
0 4414
0 4405
0 16384
0 5384
0 8119
0 7397
0 11057
0 4229
0 16384
0 6091
0 16384
0 4798
0 15134
0 16384
0 11507
0 11795
0 4643
0 14283
0 4635
0 16384
0 10305
0 4993
0 8535
0 16384
0 9695
0 9912
0 16384
0 7769
0 6987
0 10834
0 6726
0 5046
0 11926
0 9997
0 4967
0 13968
0 16384
0 15103
0 7855
0 5060
0 9684
0 4999
0 6875
0 6807
0 14860
0 5584
0 12039
0 4901
0 9151
0 8152
0 4488
0 7264
0 10204
0 5277
0 4136
0 15803
0 11915
0 11259
0 9149
0 13010
0 12697
0 16384
0 5461
0 6217
0 5711
0 11170
0 8574
0 16319
0 6772
0 9216
0 5975
0 5314
0 4117
0 16384
0 4259
0 16384
0 6030
0 5450
0 7412
0 5229
0 8535
0 4738
0 11690
0 8136
0 4856
0 4467
0 4482
0 4471
0 5165
0 8023
0 4291
0 5204
0 11067
0 10945
0 4293
0 4893
0 12058
0 12865
0 7201
0 4293
0 8609
0 5681
0 4423
0 14475
0 9001
0 9282
0 4733
0 5670
0 7991
0 7121
0 6976
0 8290
0 11112
0 7203
0 6397
0 6841
0 9781
0 13583
0 16384
0 7057
0 10216
0 11336
0 5277
0 9674
0 5980
0 7734
0 8409
0 4820
0 7691
0 4733
0 8214
0 8818
0 5478
0 5075
0 11019
0 8918
0 6418
0 5513
0 6976
0 4648
0 12026
0 9831
0 6008
0 5888
0 7890
0 16384
0 16384
0 14422
0 8695
0 4182
0 4342
0 5141
0 11311
0 13519
0 4195
0 10281
0 7876
0 5732
0 4399
0 7177
0 14416
0 6700
0 11898
0 11568
0 9930
0 9012
0 8429
0 4745
0 16384
0 16384
0 6846
0 4332
0 4168
0 4446
0 9722
0 11531
0 5265
0 4163
0 8290
0 11003
0 10966
0 12139
0 16384
0 9709
0 14013
0 4968
0 5838
0 4710
0 5796
0 16384
0 6023
0 6451
0 9353
0 7912
0 5109
0 6034
0 6338
0 6541
0 5506
0 10902
0 5293
0 9068
0 4506
0 9081
0 8491
0 16384
0 6228
0 14406
0 6840
0 9787
0 14359
0 7687
0 6531
0 9141
0 11874
0 4203
0 11142
0 4799
0 15655
0 5325
0 6924
0 7611
0 8056
0 16384
0 9036
0 9844
0 11373
0 4387
0 6828
0 16304
0 4529
0 6318
0 10245
0 5665
0 11791
0 8608
0 6241
0 5240
0 13506
0 4103
0 16384
0 5748
0 8498
0 4739
0 4666
0 5820
0 6284
0 5148
0 12717
0 7434
0 8675
0 9853
0 6430
0 7083
0 9925
0 5530
0 6393
0 4103
0 16384
0 5126
0 7986
0 5088
0 7260
0 4602
0 5675
0 7834
0 8360
0 9941
0 10865
0 4788
0 5416
0 5143
0 4160
0 6590
0 10541
0 4906
0 12405
0 5587
0 16384
0 4219
0 9080
0 12084
0 10462
0 9807
0 6629
0 16384
0 13217
0 6861
0 4591
0 16384
0 16384
0 16384
0 16384
0 10718
0 6408
0 7636
0 4698
0 5464
0 6700
0 14415
0 4407
0 4591
0 10272
0 4771
0 11536
0 7791
0 12948
0 6066
0 7035
0 10489
0 7853
0 5688
0 8132
0 8707
0 4779
0 6087
0 5380
0 14802
0 13735
0 13258
0 9016
0 9755
0 5217
0 4517
0 7058
0 5287
0 8402
0 13668
0 5790
0 16384
0 12565
0 5112
0 16384
0 5009
0 7561
0 9119
0 6169
0 9861
0 4533
0 8721
0 4643
0 16384
0 5865
0 5601
0 11515
0 4642
0 4970
0 12408
0 5552
0 6251
0 4205
0 9542
0 16384
0 12067
0 13456
0 8243
0 8305
0 7355
0 4430
0 13813
0 4211
0 4362
0 10231
0 10141
0 4356
0 7260
0 13983
0 6615
0 12500
0 16384
0 6920
0 16384
0 4266
0 6060
0 5195
0 6481
0 4394
0 4450
0 5101
0 11826
0 16384
0 5876
0 4155
0 4425
0 5556
0 7240
0 4160
0 4323
0 8092
0 6438
0 16384
0 7263
0 4488
0 12971
0 9453
0 9411
0 6227
0 10753
0 8634
0 5824
0 16384
0 4279
0 11463
0 15370
0 6493
0 13181
0 11049
0 10133
0 6638
0 4985
0 5456
0 4272
0 15937
0 11854
0 5214
0 5275
0 7278
0 5477
0 6006
0 6599
0 7851
0 6571
0 4267
0 16342
0 16384
0 6950
0 13713
0 7693
0 7918
0 4103
0 5287
0 12255
0 10249
0 11803
0 5333
0 8001
0 7127
0 14210
0 6067
0 8202
0 10296
0 4103
0 8230
0 16384
0 6077
0 10201
0 5310
0 5039
0 5893
0 7016
0 7146
0 4869
0 8088
0 6547
0 5270
0 7051
0 16384
0 16384
0 8731
0 11164
0 7879
0 8569
0 6159
0 7292
0 4476
0 9128
0 10469
0 5445
0 10655
0 6753
0 5688
0 11476
0 4586
0 5739
0 8573
0 6208
0 9197
0 16384
0 16384
0 16384
0 8448
0 7575
0 4601
0 9484
0 11126
0 7922
0 7162
0 7037
0 13828
0 8101
0 7622
0 11943
0 9546
0 11008
0 10882
0 16384
0 11955
0 10397
0 4235
0 15184
0 4611
0 5966
0 4546
0 4211
0 7830
0 6177
0 16120
0 4805
0 16384
0 8378
0 8298
0 16384
0 16384
0 4666
0 7892
0 5144
0 4845
0 7217
0 7464
0 12364
0 4867
0 9703
0 4817
0 14622
0 12482
0 6348
0 9409
0 5478
0 4331
0 6010
0 4557
0 14258
0 13998
0 4453
0 16384
0 14988
0 5345
0 13408
0 10611
0 5434
0 10878
0 10652
0 8405
0 10530
0 4590
0 4806
0 7868
0 10572
0 4159
0 7662
0 7494
0 16384
0 7324
0 4344
0 16384
0 16384
0 8565
0 4607
0 15530
0 6973
0 4216
0 5128
0 4867
0 4854
0 5474
0 4527
0 14339
0 7715
0 5176
0 4414
0 5196
0 7514
0 7697
0 16384
0 11735
0 5228
0 8415
0 10004
0 9419
0 4365
0 11175
0 5179
0 16384
0 13601
0 11654
0 9493
0 5668
0 4139
0 11335
0 16384
0 4656
0 7496
0 16384
0 16384
0 4226
0 16384
0 4792
0 7776
0 11107
0 4915
0 7007
0 4149
0 5647
0 5722
0 7825
0 13210
0 8141
0 16384
0 16384
0 10969
0 16384
0 4368
0 7672
0 8064
0 7991
0 5995
0 11200
0 14352
0 7487
0 4615
0 5827
0 5448
0 6554
0 8383
0 7689
0 4941
0 8421
0 16310
0 14234
0 16384
0 9597
0 12688
0 13891
0 16384
0 8081
0 15033
0 16384
0 6395
0 16130
0 4923
0 4932
0 8027
0 4852
0 10991
0 14431
0 5616
0 5709
0 6712
0 6303
0 4888
0 6104
0 4836
0 5404
0 13135
0 5934
0 4340
0 5389
0 4380
0 8015
0 10449
0 16384
0 8162
0 7127
0 8962
0 4907
0 10581
0 9491
0 7757
0 5910
0 4756
0 4546
0 16384
0 11532
0 8250
0 6363
0 6049
0 7076
0 5052
0 7863
0 4396
0 16384
0 6314
0 4812
0 4686
0 5775
0 12919
0 6313
0 6369
0 4413
0 9195
0 7313
0 10090
0 16384
0 7410
0 7114
0 6779
0 4577
0 8784
0 11321
0 8107
0 16384
0 5556
0 4589
0 5324
0 11571
0 10912
0 4611
0 5104
0 4916
0 16384
0 16384
0 4741
0 4834
0 9008
0 7871
0 4968
0 6539
0 4481
0 6659
0 11474
0 8665
0 5951
0 4167
0 8206
0 16384
0 4986
0 7591
0 16384
0 14890
0 16371
0 6383
0 10996
0 9231
0 10196
0 9779
0 16384
0 11508
0 16384
0 8385
0 10533
0 14477
0 10099
0 9763
0 11067
0 7880
0 6427
0 7618
0 4943
0 13927
0 16384
0 8251
0 16384
0 14981
0 5230
0 7665
0 4652
0 4267
0 9173
0 13042
0 6325
0 6605
0 16384
0 8274
0 6313
0 8470
0 4743
0 8984
0 5984
0 6533
0 4831
0 8063
0 6132
0 13137
0 10044
0 4523
0 16384
0 5345
0 11620
0 5700
0 6341
0 7434
0 12455
0 10523
0 4413
0 6662
0 16384
0 7293
0 11156
0 9622
0 4719
0 5301
0 14348
0 8663
0 4686
0 4966
0 16384
0 7541
0 4465
0 8677
0 7235
0 6990
0 4609
0 7186
0 9144
0 7255
0 7149
0 4882
0 16384
0 9982
0 11133
0 9193
0 5618
0 16384
0 16384
0 9630
0 16384
0 16384
0 16384
0 12638
0 7102
0 12143
0 6978
0 5685
0 7512
0 8999
0 8751
0 7355
0 7359
0 10514
0 6199
0 11272
0 11929
0 6788
0 5028
0 4657
0 5443
0 7829
0 4231
0 7806
0 7762
0 5412
0 4189
0 5616
0 8625
0 16019
0 4563
0 14104
0 16384
0 9828
0 12516
0 5592
0 10146
0 6625
0 16384
0 5301
0 5573
0 15488
0 16384
0 6288
0 16094
0 4983
0 4796
0 5853
0 4150
0 5770
0 14084
0 16384
0 4651
0 4166
0 10604
0 8961
0 6652
0 9494
0 5197
0 7618
0 6699
0 7918
0 4337
0 6307
0 4598
0 5058
0 13762
0 10130
0 4119
0 6835
0 4240
0 10942
0 9403
0 6715
0 5223
0 4637
0 7120
0 13375
0 10358
0 6863
0 6014
0 6049
0 6370
0 5816
0 6774
0 4269
0 4126
0 11501
0 4567
0 4425
0 5496
0 7405
0 11347
0 6301
0 7013
0 6371
0 9839
0 7655
0 9924
0 16384
0 4686
0 7036
0 8618
0 7193
0 5648
0 5104
0 16384
0 8929
0 7578
0 4450
0 12066
0 15141
0 4749
0 4839
0 16384
0 16384
0 6032
0 8015
0 12173
0 8765
0 7741
0 11208
0 7450
0 6083
0 12081
0 16384
0 6427
0 16384
0 16384
0 16384
0 6384
0 10843
0 8720
0 9768
0 9663
0 5930
0 5839
0 6225
0 8553
0 16042
0 5003
0 4418
0 6221
0 13800
0 9810
0 9197
0 14962
0 9234
0 4751
0 16384
0 9272
0 16384
0 7336
0 9210
0 16384
0 6804
0 8199
0 6937
0 10628
0 11596
0 5695
0 11118
0 13378
0 7538
0 5950
0 8466
0 4221
0 8122
0 5885
0 4103
0 4346
0 10132
0 6133
0 12240
0 6625
0 6082
0 8257
0 4638
0 8142
0 14042
0 9641
0 5952
0 8334
0 7211
0 6548
0 9508
0 8436
0 6508
0 5868
0 15024
0 12765
0 6473
0 13713
0 4743
0 4147
0 15247
0 6232
0 8439
0 4438
0 4553
0 4660
0 16384
0 7701
0 4481
0 9947
0 5853
0 7101
0 15269
0 7481
0 4564
0 16153
0 4910
0 7230
0 9576
0 4800
0 10107
0 8328
0 7975
0 11256
0 9280
0 5570
0 16384
0 15993
0 8472
0 16384
0 16384
0 16384
0 16384
0 6714
0 4103
0 8362
0 5470
0 6805
0 8771
0 8654
0 6937
0 4663
0 7878
0 11829
0 9296
0 4724
0 16384
0 4776
0 12342
0 6627
0 12011
0 6859
0 7668
0 6285
0 7440
0 6625
0 10559
0 6890
0 5254
0 5914
0 11061
0 6215
0 16384
0 6431
0 8537
0 16358
0 5433
0 5150
0 9707
0 16384
0 4334
0 5813
0 16384
0 4303
0 14400
0 13070
0 6066
0 5747
0 11587
0 9887
0 9099
0 5017
0 8010
0 11260
0 8813
0 4960
0 4153
0 4651
0 13681
0 4993
0 4623
0 5700
0 12321
0 16009
0 5538
0 16384
0 4667
0 6460
0 7879
0 4729
0 4315
0 4300
0 8281
0 4287
0 9577
0 7116
0 4711
0 4361
0 5256
0 4606
0 4121
0 4330
0 12206
0 8244
0 16384
0 7772
0 4504
0 6798
0 11399
0 7378
0 7574
0 4938
0 14073
0 13092
0 16384
0 8627
0 16384
0 5094
0 8238
0 13070
0 16384
0 10238
0 8908
0 5555
0 4680
0 13409
0 5185
0 7040
0 5766
0 6892
0 6211
0 6525
0 9560
0 9894
0 5443
0 9213
0 6619
0 8899
0 16384
0 5514
0 8068
0 5478
0.132159 5448
1 4625
0 16384
0 5523
0 16384
0 4962
0 4893
0 9995
0 9319
0 16384
0 16384
0 8755
0 6975
0 4302
0 5010
0 16384
0 11539
0 10582
0 7087
0 4382
0 14599
0 4309
0 5267
0 4228
0 14769
0 9319
0 8819
0 15351
0 5200
0 7802
0 8672
0 15880
0 12498
0 7333
0 12345
0 16384
0 7129
0 7294
0 7249
0 8350
0 8362
0 16384
0.0805061 7192
1 4150
1 6130
0 13838
0 7147
0 4690
0 4427
0 12883
0 12798
0 8134
0 6627
0 4664
0 7660
0 10236
0 16384
0 5668
0 6196
0 11097
0 6245
0 6966
0 8556
0 10477
0 8230
0 7303
0 9279
0 16384
0 12493
0 4206
0 16384
0 11011
0 9618
0 5203
0 9627
0 16384
0 4378
0 4378
0 9729
0 11303
0 16384
0 8880
0 15331
0 4119
0 4574
0 16384
0 4750
0 16384
0 4431
0 6083
0 10419
0 9645
0 16384
0 11827
0 5339
0 6121
0 7802
0 8587
0 6086
0 11354
0 10329
0 4543
0 4751
0 5175
0 8727
0 4426
0 9965
0 5278
0 5835
0 4513
0 8214
0 16384
0 10379
0 13476
0 5519
0 6756
0 6949
0 5628
0 8508
0 10535
0 16384
0 4563
0 7064
0 6976
0 4456
0 9830
0 4439
0 8205
0 4335
0 6076
0 10812
0 12294
0 4590
0 6849
0 4745
0 8486
0 7107
0 11537
0 4899
0 8808
0 10134
0 8663
0 12261
0 11572
0.601661 5056
1 15132
0 7542
0 8130
0 4277
0 8534
0 4375
0 5213
0 7187
0 4850
0 4283
0 10972
0 4527
0 4157
0 5129
0 10522
0 5609
0 9739
0 8890
0 8726
0 4640
0 4956
0 13313
0 4308
0 5991
0 5457
0 16384
0 6794
0 9770
0 11605
0 4316
0 6858
0 6276
0 4944
0 6532
0 4909
0 5049
0 4246
0 7648
0 5862
0 15109
0.797295 15747
1 13450
0 14956
0 7837
0 15483
0 12299
0 8829
0 4108
0 7793
0 6263
0 9513
0 7953
0 14131
0 4680
0 4685
0 5957
0 5058
0 4772
0 4688
0 5382
0 5698
0 9037
0 4378
0 14169
0 16265
0 11632
0 11365
0 16384
0 5238
0 5794
0 7659
0 4137
0 4171
0 5691
0 16384
0 7013
0 8094
0 16384
0 14614
0 8269
0 14163
0 4838
0 4994
0 16384
0 6271
0 7355
0 9497
0 12434
0 4800
0 6437
0 6602
0 5433
0 5860
0 9690
0 14526
0 12016
0 8280
0 12695
0 6905
0 5897
0 4226
0 6658
0 9203
0 4671
0 4114
0 10640
0 4973
0 14936
0 9655
0 6695
0 7146
0 16384
0 10662
0 8193
0 16384
0 16384
0 6460
0 9245
0 5896
0 5519
0 5611
0 11009
0 5871
0 16384
0 15874
0 14537
0 7197
0 6661
0 4827
0 6064
0 7164
0 6879
0 6883
0 8825
0 10871
0 6862
0 6430
0 4100
0 12956
0 11497
0 4139
0 6501
0 11010
0 10709
0 4480
0 7568
0 7859
0 9155
0 11982
0 6093
0 14846
0 8594
0 16384
0 5639
0 8581
0 4222
0 5912
0 4329
0 4645
0 7048
0 5314
0.559031 6937
1 16032
0 11230
0 6570
0 15909
0 5014
0 8831
0 4188
0 7120
0 10701
0 4790
0 5019
0 12130
0 16384
0 4390
0 8094
0 6468
0 16384
0 4859
0 16384
0 6830
0 5788
0 10748
0 9616
0 6889
0.511902 16384
1 7996
1 7307
1 5733
0 11531
0 10130
0 9349
0 12182
0 9670
0 7785
0 5043
0 5230
0 4645
0 16384
0 9079
0 12882
0 10716
0 14170
0 4835
0 6225
0.286835 7269
1 5330
0 16384
0 4138
0 7587
0 6256
0 4644
0 9092
0 13845
0 4487
0 5495
0 7056
0 7271
0 16384
0 6592
0 12225
0 16384
0 4754
0 4539
0 7336
0 16384
0 5238
0 4435
0 7864
0 4678
0 5283
0 6438
0 5345
0.865735 11090
1 11975
0 8602
0 9811
0 16384
0 5965
0 6910
0 5261
0 4101
0 4170
0 4106
0 4117
0 9912
0 12250
0 5593
0 8314
0 7637
0 4447
0 9876
0 5139
0 12780
0 4792
0 4963
0 5992
0 5276
0 8689
0 8017
0 7032
0 5476
0 6713
0 16384
0 5050
0 5311
0 15458
0 14928
0 4128
0 16384
0 5090
0 4703
0 11981
0 7295
0 4154
0 6997
0 10566
0 6058
0 5791
0 16014
0 9528
0 10949
0 16384
0 6723
0 8023
0 7466
0 9784
0 14429
0 10944
0 6223
0 6119
0 8153
0 9793
0 14547
0 5134
0 8348
0 16384
0 5657
0 11970
0 8869
0 14012
0 16384
0 4395
0 6587
0 9522
0 13822
0 5653
0 4872
0 14752
0 9665
0 8417
0 13364
0 10451
0 10018
0.702454 16384
1 4141
0.240168 9052
1 16384
0 7544
0 10167
0 9620
0 4219
0 14511
0 9451
0 10354
0 12323
0 5427
0 11656
0 16384
0 6903
0 4156
0 14065
0 13861
0 7857
0 7690
0.56181 4441
1 11362
0 6830
0 9962
0 16384
0 5805
0 4154
0 5506
0 4243
0 7254
0 4728
0 9223
0 6452
0 12320
0.755058 8798
1 16384
0 5573
0 5535
0 4572
0 10736
0 15130
0 9615
0 7512
0 14312
0 5808
0 4570
0 8332
0 5646
0 10075
0 8509
0 4516
0 5544
0 10158
0 13357
0 7372
0 12558
0 8440
0.851676 14293
1 7779
0 8618
0 4689
0 6344
0 6028
0 6832
0 13398
0 12498
0 6577
0 8476
0 9414
0 4332
0 13579
0 15609
0 4511
0 4232
0 5834
0 4294
0 9326
0 6781
0 10241
0 7876
0 16303
0 14989
0 16384
0 16377
0 13924
0 5254
0 11339
0 14669
0 5221
0 5952
0 4723
0 4147
0 10027
0 5157
0 10357
0 7785
0 15142
0 7370
0 9528
0 16384
0 5609
0 5024
0 4644
0 6331
0 5595
0 6211
0 5472
0 8847
0 6805
0 10579
0 8324
0 9864
0 9491
0 7218
0 5055
0 14335
0 12793
0 4165
0 4582
0 4806
0 4938
0 4303
0 8821
0 4346
0 9257
0 8921
0 9255
0 10233
0 16384
0 9612
0 5673
0 11879
0 9664
0 8791
0 9582
0 5913
0 6533
0 7304
0 4150
0 11450
0 4555
0 8229
0 16384
0 7175
0 8346
0 5140
0 12555
0 5057
0 5749
0 5717
0 8390
0 4296
0 6425
0 4255
0 13029
0.039981 4202
1 11473
0 12043
0 6231
0 5711
0 7446
0 11415
0 4424
0 9034
0 7543
0 4602
0 15333
0 5239
0 6416
0 5885
0 10918
0 4472
0 9304
0 10858
0 12624
0 9587
0 5153
0 16384
0 7997
0 16384
0.406977 9116
1 8492
0 16384
0 15499
0 7768
0 7526
0 8907
0 10127
0 4716
0 11581
0 5997
0 5698
0 8962
0 6321
0 16384
0 4850
0 14643
0 16384
0 6737
0 7892
0 5221
0 16384
0 9008
0 4850
0 16384
0 16384
0 14604
0 9592
0 8346
0 16384
0 16384
0 8144
0 9181
0 7092
0 4111
0 4644
0 9113
0 5144
0 5643
0 10184
0 10770
0 9988
0 16384
0 10094
0 12852
0 9189
0 9550
0 5091
0 8145
0 8841
0 4643
0 12203
0 9438
0 11987
0 11049
0 7376
0 4582
0 7538
0 12309
0 6788
0 8699
0 4953
0 4880
0 5240
0 5975
0 7559
0 5506
0 4839
0 4303
0 5024
0 4748
0 9999
0 7481
0 5204
0 4188
0 4130
0 12452
0 4924
0 9097
0 6048
0 10666
0 16384
0 4152
0 8344
0 9632
0 6203
0 7862
0 6589
0 6867
0 9514
0 16384
0 5973
0 11982
0 5577
0 5094
0 5942
0 12899
0 14384
0 5548
0 9240
0 12907
0 10124
0 11608
0 7932
0 6292
0 13481
0 14690
0 16384
0 7241
0 10150
0 6498
0 4743
0 7386
0 4206
0 8312
1 15080
1 10319
0 5732
0 12783
0 13481
0 6937
0 8579
0 11859
0 9598
0 11147
0 4299
0 15948
0 11695
0 13913
0 5669
0 10706
0 4881
0 13449
0 11398
0 11197
0 8686
0 6844
0 4276
0 9465
0 4410
0 5009
0 5991
0 12003
0 4151
0 16384
0 4478
0 7296
0 9002
0 5339
0 5753
0 16384
0 7621
0 6025
0 6980
0 4327
0 5164
0 5114
0 6046
0 4897
0 13675
0 6802
0 5723
0 13116
0 6870
0 4955
0 5795
0 9644
0 6540
0 8610
0 11352
0 7789
0 9351
0 8324
0 4401
0 6149
0 4156
0 5408
0 8551
0 4592
0 4642
0 8893
0 9312
0 5912
0 8158
0 5837
0 9582
0 4443
0 6230
0 8510
0 16384
0 6843
0 10108
0 12077
0 7003
0 8802
0 13981
0 10694
0 7434
0 10258
0 4974
0 7344
0 5316
0 6668
0 14868
0 4176
0 4167
0 8558
0 16384
0 13349
0 16384
0 12716
0 9827
0 16384
0 7652
0 8035
0 13224
0 13739
0 5182
0 7062
0 11194
0 7722
0 5381
0 7382
0 4337
0 6153
0 6255
0 9974
0 6081
0 7275
0 5397
0 6560
0.641863 13224
0 5269
0 6902
0 9316
0 5393
0 10892
0 6385
0 4868
0 4486
0 4368
0 7472
0 15609
0 15734
0 13683
0 7932
0 5849
0 5733
0 14137
0 9581
0 4682
0 5962
0 5444
0 6882
0 7650
0 5309
0 9305
0 11162
0 6416
0 8925
0 6740
0 4550
0 9455
0 4865
0 16384
0 6441
0 11618
0 5590
0 11212
0 6155
0 5557
0 4495
0 4827
0 14255
0 4216
0 4232
0 16384
0 6315
0 15764
0 8292
0 6906
0 4152
0 11823
0 5666
0 4106
0 16384
0 16384
0 5257
0 6659
0 10850
0 7457
0 6611
0 7802
0 8296
0 5154
0 5797
0 12381
0 5127
0 7462
0 10714
0 4555
0 11045
0 6780
0 5279
0 9169
0 6043
0 4530
0 11887
0 8468
0 4915
0 13271
0 8376
0 10798
0 7103
0 4276
0 5952
0 16384
0 6332
0 16384
0 4924
0 16384
0 4857
0 4892
0 15897
0 4477
0 6925
0 8109
0 8368
0 4348
0 8120
0 11854
0 5328
0 16384
0 6074
0 11234
0 13476
0 9030
0 4754
0 6506
0 6650
0 6746
0 6545
0 8666
0 10233
0 5704
0 5923
0 4304
0 7519
0 6340
0 14663
0 9175
0 8889
0 12361
0 7954
0 13000
0 7117
0 5443
0 6618
0 5763
0 6324
0 12091
0 4616
0 7842
0 8424
0 12496
0 13923
0 16384
0 4755
0 6883
0 11902
0 7996
0 6762
0 6365
0 16384
0 4479
0 9705
0 8801
0 14213
0 6862
0 7638
0 16384
0 7984
0 15287
0 16384
0 7861
0 4710
0 15427
0 14091
0 9901
0 4293
0 5294
0 16384
0 4376
0 15931
0 4530
0 5595
0 9243
0 11331
0 7605
0 6078
0 8225
0 7331
0 7747
0 13446
0 4139
0 4238
0 11119
0.509963 10338
1 8828
0 5221
0 10882
0 8533
0 5624
0 6345
0 6687
0 5691
0 10753
0 9522
0 4546
0 7178
0 9016
0 4685
0 8233
0 7037
0 8442
0 7192
0 5018
0 6643
0 13944
0 5676
0 9670
0 10974
0 9361
0 8755
0 8064
0 5505
0 14265
0 6276
0 9485
0 13317
0 16384
0 5660
0 7262
0 16384
0 10773
0 4801
0 16384
0 6894
0 5665
0 5738
0 5165
0.301974 4762
1 6262
0 9150
0 4529
0 5435
0 12455
0 14328
0 6432
0 6774
0 6128
0 9773
0 7006
0 5917
0 11708
0 5779
0 7044
0 8826
0 5637
0 4185
0 5871
0 4507
0 4693
0 4621
0 6193
0 9389
0 10058
0 11439
0 6619
0 6709
0 5796
0 4885
0 11685
0 7321
0 9520
0 14613
0 9093
0 4461
0 9182
0 14306
0 16384
0 7147
0 8814
0 4283
0 5870
0 5870
0 11029
0 8168
0 16384
0 5961
0 5687
0 16384
0 14936
0 4567
0 4617
0 12236
0 6026
0 16384
0 7330
0 4467
0.630506 4904
1 8947
0 5533
0.640822 13233
0.738403 16384
1 9843
1 16384
1 6230
1 13780
1 12816
1 11508
1 16384
1 10289
1 10278
1 7161
1 5669
1 10093
0.942082 13571
1 10061
1 16384
1 6001
1 16384
1 8306
1 11757
1 14515
1 16384
1 8375
1 7734
1 9447
1 7308
1 4838
1 6232
1 11806
1 5686
1 11865
1 4266
0.907085 8610
1 5632
1 9847
1 11995
1 4632
1 11958
1 6968
1 16384
1 8159
1 4146
1 4284
1 4497
1 8122
1 13323
1 16146
1 7406
1 5120
1 5465
1 7838
1 10899
1 16147
1 4875
1 10621
1 9034
1 12692
1 16019
1 4987
0.742991 5743
1 9166
1 5658
1 7687
1 13862
1 16003
1 4889
0.801106 9764
1 11795
1 4495
1 7658
1 16384
1 8833
1 6144
1 6996
1 6211
1 9149
1 5332
1 8852
1 11407
1 5662
1 7091
1 10624
1 6100
1 8821
1 11769
1 13079
0.756352 7872
1 4852
1 5508
1 12055
1 16384
1 4637
1 6061
1 6137
1 13906
1 13979
1 8060
1 10681
1 9299
1 10128
1 13610
1 5694
0.984111 8056
1 16384
1 11402
1 6066
1 13420
1 10203
1 5301
1 8634
1 13409
1 16250
1 4222
1 12232
0.924742 5820
1 9168
1 14874
0.182644 8585
1 13956
1 16384
1 9202
1 5700
1 14222
1 8428
1 13094
1 16384
1 4265
0.923889 16384
1 10514
1 16384
1 4921
1 9442
1 12558
0.970912 7082
1 11791
1 4614
1 5658
1 9540
0.547159 6987
1 16384
1 5157
1 13175
1 9790
1 6476
1 7339
1 9225
0.954736 6672
1 4154
1 5901
0.955907 10682
1 16384
1 6010
0.923529 5780
0.923595 10549
1 4273
0.93012 4565
1 6933
1 8435
1 11507
0.425195 4866
1 10064
1 5443
1 9568
1 7370
1 8780
1 10361
0 4695
0.855791 6553
1 8286
1 6405
0.905983 7371
1 13049
0.766541 16384
1 11143
1 15232
1 9609
0.935444 9000
1 16384
1 16384
1 9767
1 5858
1 14931
1 14535
1 16384
1 5038
1 8993
1 5033
0.783513 4185
1 16384
1 12749
1 16384
0.925748 13104
1 12870
0.94112 9341
1 16384
1 12173
1 7678
1 12278
1 6291
1 9633
1 16384
0.902832 16384
1 6902
0.917847 16384
1 5625
1 6640
1 7818
1 6865
0.957031 16384
1 5599
1 4564
1 4546
1 9655
1 4689
1 10162
1 11312
0.748897 10649
1 8732
1 15459
1 4278
0.842428 7660
1 11999
1 16384
1 13919
1 14355
1 12288
1 13790
1 5399
1 6327
1 4258
0.901691 6327
1 4144
1 16384
1 6664
1 11417
1 8302
1 9482
1 10838
1 16384
1 4247
1 6062
1 5056
1 16384
1 8704
1 7152
1 13950
1 14724
1 15893
0.974665 12157
1 16384
1 6069
1 7680
1 7647
1 8672
1 16384
1 16384
1 6460
1 9713
0.927476 6260
1 12187
1 11664
1 6894
0.977273 5940
1 7101
1 6467
1 4287
1 8837
1 16384
1 10519
1 5221
1 8250
1 6612
1 6773
1 7928
1 4203
0.968297 8548
1 9819
1 4624
0.97226 15249
1 4668
1 10707
1 6463
1 6389
1 5308
1 16384
0.98468 16384
1 6397
1 16384
0.911649 10447
1 5909
1 9387
1 15701
1 6098
1 10123
1 4378
0.964367 12292
1 6139
1 6144
1 8222
1 11280
1 5868
1 11191
1 13722
1 11739
0.903318 13984
1 5911
1 6717
1 10033
0.960835 10775
1 14296
1 8150
0.841111 4607
1 13288
1 5120
1 10831
0.848867 5783
1 14620
1 5620
1 13942
1 14792
1 5631
1 16384
1 16384
1 7864
1 9805
0.838593 8587
1 8314
0.73386 5189
1 6088
0.834461 5171
1 7154
1 16384
1 10869
1 9412
1 7448
1 7744
1 14878
1 16384
1 14191
1 16384
1 16384
1 10857
1 16384
1 9833
1 16384
1 16384
1 7037
1 12243
1 16384
0.975769 16384
1 16384
1 12707
1 9282
1 14364
1 16384
1 15021
1 11510
1 5096
0.944519 16384
0.96238 10553
1 10386
1 14744
1 4596
1 11646
1 16384
1 8197
0.982117 16384
1 8788
1 16384
1 16384
1 13244
1 7399
0.929439 7908
1 4199
1 4456
1 8924
1 10836
1 4516
1 4835
1 5416
1 6728
1 15918
1 5189
1 4671
1 5393
1 14480
1 8902
1 16384
1 16384
1 5540
1 10049
1 5758
1 4450
1 7052
1 7787
1 9685
1 16384
1 4683
1 5112
1 11879
1 8138
1 5561
1 8144
1 16384
1 8323
1 13936
0.91752 9566
1 8784
1 16384
0.914115 4180
1 15256
1 5796
1 6445
0.820787 5234
1 4246
0.896362 16384
1 5395
1 16384
1 16384
1 6569
1 6580
1 10953
1 4543
1 16384
1 16384
1 15299
1 7446
1 14804
1 14958
1 7603
1 4746
1 11486
1 5653
1 9045
1 14854
1 6554
1 16384
1 8111
1 14532
1 16384
1 8676
1 10586
1 16384
1 9495
1 16384
1 6863
0.881104 16384
1 16384
1 4660
1 16384
1 6303
0.881882 10371
1 16384
1 4706
1 7952
0.523888 6698
0.702869 7145
1 11990
0.90515 4175
1 9044
0.881843 12805
1 7302
0.951719 8782
1 7087
0.119587 6882
1 15760
1 8537
0.986937 15463
1 16384
1 8003
1 15961
1 5170
1 7233
1 8417
1 12296
1 16272
1 5210
1 16384
1 8964
1 14639
1 9226
1 4610
1 13364
1 15912
1 6402
1 8590
1 9616
1 4172
1 8137
1 4812
1 7220
1 12356
1 6009
1 4476
0.622839 5727
1 10685
1 6645
1 12297
0.953957 9578
1 4306
1 5084
1 4963
1 10823
1 14513
1 10675
1 16384
1 5122
1 6211
1 8993
1 12632
1 16240
1 16384
1 8193
1 5391
1 15653
0.870991 14937
1 16384
1 9114
1 10742
0.940912 5551
1 10778
1 16384
1 6643
1 16384
1 14465
1 8683
1 7531
1 7739
1 16384
1 16384
1 11189
1 10113
0.922773 7847
1 10889
1 4529
1 11355
1 15258
1 16384
1 16059
1 7128
1 6244
0.948653 14256
1 14478
1 16384
1 16384
1 5289
1 7132
1 11807
1 16384
0.555595 5639
1 4309
1 16342
1 16384
1 4972
1 5690
1 8319
1 4158
1 4478
0.957382 10512
1 16384
0.895508 16384
1 9072
1 16384
1 12140
1 7942
1 16384
0.973564 14639
1 16384
1 16384
1 16384
1 16384
1 10173
0.701723 14339
0.517171 8852
1 6035
0.943041 7444
1 10355
1 8812
1 11289
1 9561
0.908774 8024
0.899419 8948
1 16384
1 10414
1 6877
1 8162
1 12373
1 9536
1 8822
1 11707
0.923987 11998
1 11033
1 4735
1 4481
1 10455
1 16384
1 10274
1 13213
1 7513
1 16384
1 6722
1 16149
1 6970
0.95664 10263
1 9236
1 16384
1 10233
0.828013 11309
1 7135
1 8935
1 6642
0.964488 14108
1 5073
1 6610
1 5087
1 7531
1 4162
1 16384
1 10328
1 5340
1 12185
1 16384
1 9758
1 5549
0.912903 16384
1 7004
1 12995
1 13927
1 16384
1 11281
1 16016
0.907746 4260
1 11054
1 4541
1 4788
1 7997
0.947268 11018
1 9969
1 16384
1 7583
1 16384
1 4322
1 5147
1 16384
1 7666
1 8173
0.624754 5082
1 10813
1 14535
1 9271
1 15036
1 9701
1 10746
1 16384
1 8602
1 14922
1 10524
1 5664
1 16384
1 16384
1 11474
1 16384
1 9091
1 16384
1 11646
1 14886
1 10127
1 14561
1 16384
1 16384
1 4189
1 6081
1 16384
1 16384
1 16384
1 4523
1 11494
1 7782
1 6977
0.971774 15447
1 5335
1 15851
1 4426
1 13300
1 4923
1 6172
0.963048 9147
1 11590
0.926978 7039
0.911133 16384
1 5922
1 16384
1 5932
1 8478
0.93335 16384
1 10468
1 4850
1 6443
1 5500
1 16384
1 16384
1 16384
1 16384
1 14034
1 16340
1 14115
1 10641
1 12864
0.461917 13628
1 9358
1 16384
1 16384
1 7541
1 4363
0.818483 9046
1 13637
1 10267
1 4492
1 7046
1 16384
1 16384
1 16384
1 6378
1 14431
1 5116
1 8612
1 10739
1 14706
1 5425
1 6112
1 16384
1 6048
1 16384
1 6132
1 10945
1 16384
1 4400
1 5808
1 15671
1 9231
1 7417
1 14330
1 16384
1 6796
1 13985
1 15259
1 16384
1 4859
1 10322
1 12784
1 15365
1 12336
1 5053
0.9628 7715
1 16384
1 16384
1 7466
1 16384
1 15929
1 16384
1 15548
0.79348 14909
0.878296 16384
0 11012
0 5755
0 4936
0.550517 10828
0.455667 12564
1 16384
1 16384
1 4858
1 15431
1 6554
1 16384
1 11606
0.847312 10158
0.338965 4794
1 5845
0.913863 8382
1 12973
0.978088 16384
1 7476
1 16384
1 4725
1 16384
1 16384
1 16384
1 5779
1 16384
1 8548
1 4391
1 16384
1 5381
1 9053
1 9273
1 16384
1 5696
1 8948
1 6774
0 7144
0 7944
0 4886
0.303935 10420
1 16384
1 5407
1 11416
1 16384
1 16384
0.167528 7354
1 16384
1 16384
1 6321
1 10780
1 16384
0 16384
0.0504639 7114
1 5009
1 7035
1 8798
1 14569
0.829326 10980
1 15841
1 16384
0.990799 15325
1 9011
0.321686 7355
1 4930
0.916649 4607
0.84856 9304
1 15991
1 5968
1 16384
0.245715 6068
1 7344
0.569936 5648
1 9867
0.0713027 8513
1 16384
1 15999
1 16384
1 16384
1 6127
0 5516
0 4614
0.40548 11897
1 16384
1 11849
1 15991
1 7699
0.753338 9811
0.951111 16384
1 12795
1 13174
0 12848
0 4265
0 4985
0 10129
0.78443 14014
1 8985
0.324342 7563
1 16384
1 5454
1 7267
1 10051
0.808834 5796
0.451643 6390
1 8989
1 14171
0 6805
0.893249 15597
1 5966
0.585275 5107
1 11659
1 13123
1 16384
1 16384
1 4315
1 10552
0 4760
0 7074
0 5822
0.367054 11358
0 9488
0 4542
0.876594 6037
1 16384
1 9339
1 16384
1 16384
1 11219
1 7879
1 5672
1 16384
1 6059
1 6116
1 7289
1 4735
1 16113
1 4644
1 7864
1 7628
1 4181
1 6250
1 11340
1 7478
1 4242
1 16384
1 15512
1 16384
1 7586
1 12301
1 15660
0 6197
0.78929 11765
1 15469
1 16384
1 16384
1 11916
1 14438
1 5933
1 9029
1 16384
1 4506
1 7682
1 6608
0.932034 5488
1 11838
0.489502 5906
1 7757
1 10442
0.728527 6450
1 7327
0 4308
0.419518 8710
1 12406
0.871573 5435
1 6027
1 16384
1 5911
1 16384
0.957736 7808
1 5409
1 7490
1 7892
1 16384
1 16384
1 16366
1 12737
1 8621
0.878289 6918
1 9606
1 6673
1 5820
0 4182
0.850911 9444
1 6460
1 10825
1 5988
0.932495 16384
1 4368
1 16384
0.703833 9731
1 7382
0.0372213 5427
1 16384
0 8373
0.635141 4906
0.903382 10143
1 16384
1 15436
1 14084
0.740703 10756
1 4670
1 16384
1 10003
0.46243 6641
1 4524
0.43228 9901
1 12795
1 16384
0.792175 16384
1 16384
1 10467
1 16384
0.926697 16384
0.987552 14219
1 6154
1 8709
0.932233 12720
1 16384
0.973755 16384
1 14034
0.955322 16384
1 14781
1 16384
0.931585 4195
0.906002 7447
1 16384
1 16384
1 16384
1 9766
1 16384
1 16384
1 6692
1 16384
1 16384
1 7738
0.961437 9128
1 6962
1 16384
1 7490
1 6089
0.918762 16384
1 7294
0.830568 7112
1 13667
1 6368
1 5269
1 6478
1 6077
1 16384
1 8797
0.817805 8447
1 16384
0.250903 5815
1 14182
0.923401 16384
0.635243 6248
1 12235
0.895264 16384
1 5665
0.688457 8689
0 5070
0.737061 16384
0.958939 5163
0.884444 10324
0.200885 9717
1 7115
1 5412
1 16384
1 8619
1 16384
1 4652
0.834173 5560
0.876831 16384
0.790862 7201
1 9640
1 5469
0.195003 11046
1 6851
0.399303 7170
1 16384
1 16384
0.448737 13382
0.73587 8280
0.876038 8672
0.837038 6793
1 16384
1 16384
1 4715
1 11483
0 8911
0.973083 16384
1 16384
1 5996
0.96405 16384
0.512253 14854
1 13155
1 16384
0.762512 16384
1 16384
0.95929 16384
1 7688
1 6468
0.260267 5990
1 16384
0.970154 16384
1 11438
1 4618
0.597067 4569
0.476757 5550
1 4515
1 4686
1 7263
1 16384
0.385132 16384
0 13711
0.878235 16384
0 4986
0.928219 15394
0.0253266 10029
1 15171
1 16384
0.84376 6138
1 4131
1 10738
1 16384
1 9403
0 11033
0.939697 16384
1 16384
0 4294
0.893601 12237
1 9409
1 5405
1 11414
0.645305 4931
1 5187
1 16384
0.956266 7660
0.975 14200
0.31082 4427
0.927131 9222
1 8817
1 16384
1 8422
0 10751
0.927431 11520
0 6729
0.930115 16384
1 16384
0.909325 6981
1 11684
1 16384
0.142857 6440
1 16384
1 9740
1 11297
0.490554 15191
1 12684
1 8487
1 16384
0.790266 5116
0.563543 8333
1 9872
0.709904 6260
0 7983
0.227234 16384
1 12388
0.545837 16384
0.96212 7207
0.81729 15292
0 12039
0 5607
0.155374 7350
1 4111
0 7695
0 5988
0 4743
0 5578
0.92237 5655
1 15530
0 7352
0.147003 8476
1 9164
1 9716
0.945354 6478
1 16384
1 5526
1 16384
1 11952
1 9091
1 5964
0.915086 10175
1 15898
1 8153
1 10676
1 11388
0.825564 4741
0.767114 11774
1 16384
0.128174 16384
1 16384
1 9882
1 5155
0 4524
0.0737144 14312
1 16384
1 7212
1 11544
1 5537
1 7143
1 16384
0.950492 8948
1 5167
1 4646
0.984314 16384
1 6914
1 15548
0.972531 6662
1 5157
1 6016
1 7151
0 6790
0.117483 10776
1 9681
0.380048 12951
1 16384
0.964163 5525
0.823198 4621
1 8585
1 16261
0 4199
0.276428 16384
1 6250
1 16384
1 10493
0 4785
0 4428
0.653308 9083
1 6841
1 4319
1 11467
0.883777 6651
1 14274
1 6650
1 10673
1 4631
0.877955 5711
1 16050
0.45202 10619
1 6817
1 8329
1 12051
1 12720
1 4337
1 16384
1 6269
1 16384
1 6732
1 15641
1 7352
1 16384
1 16384
1 5310
1 11227
1 12603
1 16009
1 16384
1 8514
0 4179
0.786537 6076
1 8982
1 4987
1 4540
1 5949
1 7176
1 16384
1 11277
0.949349 8450
1 10831
1 8046
1 9608
0.456932 5294
0 6349
0 12735
0 7826
0 9697
0 12331
0.9662 10503
1 16384
1 16384
1 16384
1 16384
1 5434
1 11340
1 5084
1 16384
1 5249
1 14255
1 6442
0.802034 16124
1 7952
1 11927
1 7743
0.940563 6040
1 13802
1 13981
1 16384
1 16384
1 16384
1 12867
1 5109
0.966487 8892
1 16384
1 15856
1 5521
1 16384
1 4149
1 13523
0 5571
0.49157 4152
1 4746
1 8752
0.922768 10941
1 16384
1 10781
1 6801
1 13212
1 6360
0.746512 6738
1 16384
1 16384
1 5622
1 5668
0.364251 6512
1 9848
1 9282
0 4330
0 6293
0.927612 16384
1 16384
1 9465
1 10301
1 14075
1 8694
1 16384
1 4408
1 5616
1 8246
1 4582
0.317823 13926
1 9129
1 16384
0.448592 11788
1 6360
1 10841
1 16032
0 5768
0 4530
0 8771
0 6117
0 16384
0 16384
0 4265
0 4231
0 4967
0 5973
0 4604
0 7168
0 16384
0 7439
0 4832
0 6483
0 9800
0 5729
0 14157
0 9727
0 4788
0 4850
0 5798
0 16301
0 9581
0 7997
0 8600
0 8372
0 5847
0 4450
0 6860
0 9232
0 6390
0.098877 16384
1 16384
0 16384
0 9882
0 10876
0 6480
0 4454
0 8254
0.719689 14277
0 10752
0 6515
0 7721
0 16066
0 7593
0.363898 7983
1 4928
1 16384
1 6624
1 16384
1 12228
1 16384
1 6245
1 5771
1 16384
0 16384
0 8307
0 9306
0 9342
0 16384
0.352966 16384
1 16384
1 5224
1 5767
1 6514
1 9050
1 7623
1 16384
1 16384
0 7542
0 14726
0 9018
0 16384
0.0500891 11779
1 16384
0 9331
0 16262
0 10077
0 16384
0.308289 16384
1 16384
1 10777
1 16384
1 11169
1 5225
0.927734 16384
0.731603 6319
1 7088
1 6293
1 16384
1 7024
0.629517 16384
1 4212
1 16384
1 5451
1 11597
1 7604
1 10929
0.943992 12534
1 7242
1 10630
1 8803
1 7405
1 16384
1 7450
1 15078
0.975095 12367
1 6812
0.990722 7868
1 8205
0.539062 16384
1 9951
1 12702
0.91491 9061
1 9188
1 16384
1 11171
1 16384
1 7663
0.516237 5358
1 8586
1 5370
1 5200
1 9653
0 10066
0.847229 16384
1 9649
1 8996
1 7565
0.890974 4476
1 5695
1 5485
0.810919 5495
1 4850
1 4491
0.918197 6589
1 16384
0.725565 7878
1 9962
1 11077
1 16384
1 8632
0.416996 12662
1 5605
1 16384
1 5524
1 11136
1 12137
1 15081
1 14570
1 4119
1 13016
1 4901
0.40038 4211
1 9134
1 12689
1 9264
1 7835
0.951251 14585
0.872349 15652
1 6287
0.104225 4615
1 16384
1 16384
1 4767
1 9786
0.949214 6616
1 5670
1 16384
1 6412
1 16384
1 8978
1 13100
1 13363
1 13189
1 7007
0 5008
0 4488
0.890618 8612
1 4547
0.906218 11676
0.38319 8578
0.654347 5303
1 10355
0.925083 7555
0.407402 7214
0.799851 13455
0.887885 13611
1 6118
0.951524 4724
0 4905
0 4691
0.668774 5377
0 4820
0.824414 16220
0.683577 11137
0.372132 4184
1 12776
0 4332
0.237097 13117
0.650653 4288
0.617952 8779
1 4840
0.713934 5282
0.819373 10303
0.89427 12163
0.681992 4437
1 4369
0.676464 13541
0.963914 14909
1 16384
0.845886 16384
1 7866
1 16384
0.903415 13615
1 4364
0.89209 16384
0.207111 6750
1 13871
0.838196 16384
1 16384
1 7703
0 5020
0 4858
0.237148 5933
1 7079
0.53131 13574
1 4472
0.991605 10959
1 10624
0.930093 14834
0.397902 5147
0 4325
0.138977 16384
1 14125
1 7295
0.687058 6081
1 10479
1 8030
1 8455
1 6150
1 9332
1 6568
1 8332
1 16384
1 16384
1 9259
1 7318
1 14580
1 15928
1 10093
1 15085
1 12889
1 7398
1 13684
1 5700
1 4514
1 16384
0.361009 10069
1 4914
1 11953
0.961107 14090
1 10074
1 14610
1 6464
1 16384
0 4384
0 7096
0.491018 12971
0 16384
0.0778205 15857
0.78717 8636
1 6776
0.709735 6153
1 8269
0 11644
0.357046 4442
0.841256 9361
0.134382 8647
0.656289 5557
0.890648 4106
1 16384
0 5971
0.531393 12232
0.302979 16384
0.383928 9395
1 5406
0.494463 12280
0 10608
0.170244 8899
1 4739
1 6294
0 4439
0.327104 12039
0.673036 5181
1 5612
0.713869 14724
1 16384
0 4166
0.520813 16384
0.895813 16384
0.768895 16248
1 16384
0 7094
0.486736 5730
0.920227 16384
0.826477 16384
0.846725 15208
0.47345 16384
0.751053 9974
1 5843
0.878719 11832
1 9498
0.888794 16384
1 16384
0 5860
0 16384
0.734548 13720
1 16384
0.771362 16384
1 14916
0.254479 6307
0.910461 16384
1 16384
0.279683 4169
0 4254
0.901998 12612
1 5138
1 9212
0.838692 5567
0.411723 4248
0.91925 16384
0.814109 15380
0.647523 9507
1 6617
0.462832 4816
1 12055
0.590576 16384
1 6834
0.758815 7969
0 8031
0.850181 8557
0.900028 14294
0.910217 16384
1 8966
1 9272
1 16384
1 4143
1 8506
1 16361
1 8345
1 11716
1 7453
0.883257 7418
1 16384
1 10136
1 5863
1 16384
1 4627
1 5603
0 16384
0 5608
0.515242 12761
1 16384
1 9421
1 4654
0.52499 12105
1 7404
0.444287 5645
0 5604
0 12086
0.760404 5935
1 7448
0.857234 12601
0.0895457 11335
1 16384
1 6778
0 6868
0 9239
0 4784
0 7521
0 5879
0 7815
0 12969
0 4357
0 6078
0 12598
0 9081
0 7953
0 9907
0 5055
0 14462
0 5229
0 5025
0 9590
0 4654
0 7458
0 4422
0 7642
0 6793
0 4499
0 16384
0.560751 9325
1 16384
0.370534 4310
1 12156
1 13549
1 7595
1 14509
1 11511
0.589795 8408
1 8077
1 5631
0.94281 16384
1 16384
0.142615 8856
1 16384
1 14941
1 16384
0.200736 4349
1 11216
0 8949
0.69965 5720
1 12754
1 9039
0.782002 7234
1 5906
1 7378
1 16384
0.432007 16384
1 11442
1 12543
1 14699
1 16384
1 9264
1 7020
1 10505
1 4766
1 16384
1 6268
1 10230
1 8937
1 5049
1 16384
1 16384
0.948082 15775
1 8768
1 9540
1 15805
1 7585
1 7365
1 7079
1 5370
1 4513
1 12183
1 8515
0.9245 16384
1 13591
1 16384
1 13507
1 11294
1 5117
1 16384
1 6771
1 6509
1 6637
1 10284
1 11285
1 6159
1 13162
1 16384
1 5156
1 6152
0.977905 16384
1 10923
1 4514
0.776048 5845
1 13863
1 4195
0.873239 6177
1 5824
1 8971
1 4373
1 16384
0.780891 11241
1 8461
1 6386
1 16384
0 5758
0.828213 12271
1 6878
1 5428
1 10698
0.991821 16384
0.987665 10863
1 7531
1 15180
1 4935
1 6324
1 13965
1 4441
1 6277
0.991671 12727
1 6895
1 14517
1 8835
1 9266
1 8161
1 7277
0.949818 4125
1 16384
1 8707
1 16384
1 4994
1 13772
1 7387
1 8843
1 6861
1 5507
1 6120
1 6677
1 5285
1 4286
1 5266
1 4100
1 4176
1 6734
1 7051
0.600037 16384
1 8253
0.919279 10654
1 11115
1 16384
1 11668
1 12496
1 16384
1 4376
0.959235 10818
1 5046
1 4772
1 11076
1 7750
1 11949
1 8366
1 10922
1 13656
1 9126
1 5437
0.836399 12995
1 4368
1 16384
1 9169
0.416382 16384
1 10440
1 4806
1 9659
1 14956
1 4417
1 10717
1 11737
1 16384
1 16384
1 8636
1 10680
1 9329
1 11314
1 14946
1 9116
0.941853 6174
1 7090
1 10218
1 16384
1 9674
0.798376 13550
1 16384
1 5120
1 4632
0.968021 13196
1 16384
1 4644
1 14508
1 16384
1 6243
1 16384
1 11781
1 14846
1 12570
1 16384
1 7803
0.779885 6065
1 5590
1 12455
0.945782 14331
1 4229
1 4370
1 8882
1 7919
1 12504
1 10437
0.835126 4555
1 16384
1 13725
1 16104
1 5701
1 12315
0.929943 15516
1 11946
1 10200
1 16384
1 6461
1 16384
1 10579
1 14589
1 4816
1 16384
1 11652
0.112874 4350
1 16172
1 5249
1 11886
1 16384
1 13260
1 8402
1 16384
1 5832
1 4847
1 5744
0.907746 10341
1 16384
1 5058
1 6264
1 13493
0.467651 5827
0.697364 6222
1 7942
0.771667 16384
0.990417 16384
1 7912
1 13857
1 16384
1 16384
1 6652
1 9020
1 4762
0.909176 9634
1 7836
1 16384
1 4839
1 6564
1 5431
0.914316 10212
1 7803
1 7201
1 16384
1 5887
1 5882
1 14853
1 5046
1 7193
1 9139
1 5909
1 16384
1 5092
1 12207
1 14970
0.953792 12422
0.947375 8361
0.915661 9284
1 10493
1 15492
0.949588 6546
1 8151
1 8398
1 13156
1 13486
0 10194
0.319156 8582
1 4869
1 16384
1 14395
1 6428
1 13359
1 16384
1 16384
1 5415
1 10503
1 10966
1 14319
0.922513 9679
1 16100
1 10102
1 7059
1 16384
1 16384
1 9840
1 7683
1 4390
0.925403 5952
1 16384
1 4324
1 6732
1 16384
1 6573
0.935897 8112
1 16384
1 5025
1 12209
0.963259 10125
1 5691
1 16384
0.958636 10468
1 4399
0.470416 11983
1 16384
1 9058
0.698521 10077
1 4417
0.979116 15323
1 5611
1 16384
0.641831 12321
1 11270
1 12079
1 9461
1 10185
1 10245
0.75154 4870
0.597015 6164
1 12785
0 8828
0.731262 16384
1 4282
1 14681
0.882952 5203
1 7224
1 8271
0.898185 8594
1 11274
0.819959 11103
1 16384
1 6345
1 14848
1 6535
1 9712
0.968994 16384
1 6083
1 4864
0.793396 16384
0.49136 6655
0.607469 4713
1 7709
0.780905 12506
1 10844
1 8011
0.536316 16384
1 4686
0.937545 13818
0.823858 10747
0.927031 4961
1 4988
0 12800
0 8344
0.174111 6806
1 16384
1 4304
1 9521
0.36133 10168
0.783598 6682
0.47583 16384
1 5840
1 9069
1 16384
0.325076 8841
1 9536
1 14538
1 6162
0.747835 4735
0.850397 13977
0.938567 14878
0.602295 16384
0.332117 15889
1 16384
1 7613
0.745384 7690
1 14220
1 8205
0.528277 13014
0.919617 16384
0.513367 16384
1 13348
0.567124 10056
0.566833 16384
1 16384
0.598083 16384
0.664175 5887
1 7351
1 11871
1 15165
0.388658 9381
1 9209
0.566127 12854
0 4625
0.802851 12346
0.910064 9340
0.35677 7481
0.701934 8223
1 9478
1 6585
0.633505 10273
0.916201 7876
1 11150
1 4362
1 16261
0.745907 7757
1 16384
1 16384
0.821899 16384
1 16384
1 5735
0.697894 16097
0.337124 5452
0.930336 10364
1 13432
1 5822
1 10186
1 9395
1 16384
1 12995
1 15193
0.936355 5515
1 14303
1 6283
1 15705
1 16384
1 13083
1 16384
1 8853
1 16384
1 6661
1 8473
1 10667
1 15539
1 5178
0.808564 4764
1 12511
1 13716
1 4106
0.982233 6923
1 13109
1 10187
1 10996
1 10355
0.306396 16384
1 16384
1 7279
0.349642 14941
0.921734 5213
1 8237
1 7316
0.859253 16384
1 6366
1 6346
1 7857
1 4159
1 6469
0.766449 5502
0.905457 16384
1 10372
1 7118
1 9132
1 6525
1 6790
0.701215 5104
0.393904 4232
1 15111
0.258145 8441
1 11755
1 16384
1 6517
1 12833
1 5560
0.879407 8906
1 6644
1 5379
1 7157
1 5792
0.86084 16384
1 7669
1 8513
0.817993 16384
1 5337
1 7486
1 9699
1 8125
0.911409 5452
1 16384
1 4142
1 9912
1 16329
1 10960
1 15448
1 6596
1 14967
1 5647
1 5804
1 16384
0.95867 11517
1 5717
0.940342 14667
1 13026
1 5602
1 9441
1 12385
1 7488
0.755628 4309
1 11634
1 16384
1 7951
1 16384
0.933977 5589
1 5063
0.830873 11855
1 16324
1 16384
1 16384
1 5385
1 14084
0.902642 4201
1 16384
1 9127
0.909164 7442
1 9746
1 12790
0.983335 15542
1 5452
1 13960
1 5635
1 16384
1 13510
1 8717
0.7478 9203
1 16384
0.716255 13639
1 12388
1 16384
1 4721
0.851121 5172
1 16384
1 16384
0.984922 13662
1 16384
1 16384
1 16384
1 14431
1 4382
1 6474
1 16384
1 7369
1 4636
1 10811
1 13437
1 7593
1 10626
0.890399 6843
1 7115
1 8836
1 10162
1 12030
1 16384
0 4529
0 16384
0.927632 4864
1 16384
1 13833
0 7255
0 16384
0 16384
0 5707
0 5601
0.34467 13996
0.962917 7982
1 12674
1 4115
1 7850
1 16384
1 5190
1 11152
0.74884 16384
1 16384
0.874983 14286
1 5315
0.923618 6821
1 12688
1 14419
1 12633
1 5443
1 12813
1 8068
1 5612
1 4360
1 16330
1 11927
1 16346
0.91474 12714
1 16246
1 16384
0.961677 11925
1 16341
1 16384
1 4927
1 14762
0 4306
0 5279
0.89032 16384
0 4989
0.913574 16384
1 5774
1 12470
0.777404 9506
1 4688
1 16384
1 6019
1 13665
1 6645
1 15588
1 15763
1 16070
0.91426 8724
1 15063
0.649062 8691
1 11449
1 6665
1 9089
1 16384
1 16384
1 6504
1 13918
1 5602
0.914418 5188
0.857477 9823
1 12440
0.703009 14226
1 5548
1 16384
1 16384
1 4217
1 5185
1 4329
1 16384
0.912109 16384
1 4469
1 16384
1 4300
1 6852
0.940946 14817
1 12792
1 9838
1 12572
1 16384
1 8212
1 5925
1 10883
1 16384
1 4514
0.970398 16384
1 4182
1 5431
1 4994
1 8075
1 14081
1 13255
0.97644 16384
1 15699
1 5320
0.302009 15185
1 16384
1 8980
1 4484
0.933695 14207
1 4547
0.953804 8464
1 14166
0.552863 4994
1 7917
0.0712998 14418
1 5256
1 8314
1 15341
1 16384
1 12744
0.69751 16384
1 5571
0.96834 5717
1 5762
0 4138
0.556703 10652
1 7103
0.908692 8663
1 7808
1 5751
1 6228
1 16384
1 12629
1 8213
0.829305 4634
1 6109
1 16384
1 5066
1 9836
0.710122 4495
1 6257
0.890093 7197
1 16384
1 16384
0.875705 10290
1 9920
1 9321
1 7668
1 9972
1 7517
1 6213
1 8244
1 15781
1 16384
1 9381
1 12746
1 4725
0.691903 5891
0 4986
0 13387
0 16384
0 16384
0 16384
0 16384
0 16384
0 16384
0 12031
0 13171
0 11113
0 15315
0 4420
0 16384
0 16384
0 7362
0 5142
0.893095 15612
1 10811
1 16384
1 6590
1 16384
1 16384
1 8078
1 9618
0.807611 4704
1 6736
1 4420
1 13443
1 14104
1 5584
1 12888
1 10034
1 10272
0.86891 6034
1 16384
1 6755
1 14088
0.834923 5555
1 6691
1 6322
1 7069
1 16384
1 8027
1 10850
1 15904
1 4660
0.889356 6426
1 4110
0.924844 4484
1 15912
1 4854
1 6996
0.947571 16384
1 12431
1 15093
0.840064 6265
1 12969
1 6163
1 16384
1 5334
1 4653
1 16384
0.952228 11806
1 16384
1 16384
1 6824
1 16344
1 11610
1 14123
1 16384
1 5729
1 4518
1 8873
1 16384
1 10944
1 6715
1 13965
1 11358
1 12008
1 16384
1 12146
1 16384
1 14260
1 15542
0.187317 16384
1 5468
1 8620
1 13212
1 6071
0.873928 6528
1 16384
0 8566
0.812172 10680
1 4472
0.979221 7989
1 16384
1 5035
1 5699
1 16384
1 11504
1 9079
1 8753
1 16384
1 16384
0.679588 5443
1 15352
1 11240
1 7914
1 16384
1 10040
0.931944 5613
1 16384
1 12216
1 6824
1 10193
1 8445
1 11774
1 7723
1 5268
1 16384
1 14058
1 9049
1 16087
1 7542
1 16384
1 10904
1 16384
1 6911
1 8498
1 11294
1 6513
1 5428
1 16384
1 9260
1 16384
1 6861
1 8712
1 8179
1 16384
1 9008
1 8383
0.92041 16384
1 4798
1 16384
1 11416
1 16384
1 15564
1 16384
1 14004
1 11292
1 4771
1 5938
0.974978 12509
1 12792
1 11616
1 9758
1 9818
1 16384
0.995399 14345
1 13968
1 16384
0.72216 8019
1 8417
0.452829 11225
1 16384
1 4304
1 6864
1 10505
1 6323
0.944878 15874
1 10985
0 6663
0 6017
0.604458 12249
1 13291
1 8870
1 16384
1 5774
1 16384
1 7954
1 6888
1 8816
1 16384
1 8612
1 16384
1 7730
0.108071 4386
1 8554
0.680504 5396
1 4151
0.0518188 16384
1 14389
1 4716
1 9358
0.946594 16384
1 16384
1 6150
1 6107
1 8042
1 9757
1 6693
1 7155
1 7602
1 16384
1 9169
1 16384
1 6810
1 16384
1 16384
0.944658 7282
1 8621
1 16384
1 5124
1 13166
0.64656 6018
1 16384
1 16384
0.43293 15536
1 5891
1 12130
1 6016
1 12593
1 6987
1 9962
1 6476
0 7066
0.513629 6530
1 5539
1 16384
1 6047
1 16384
0.944731 8323
1 7594
0.81047 5234
1 16384
1 13751
1 10747
1 5341
1 16384
1 5659
0.439814 5591
1 9119
1 8505
1 7533
1 9641
0.97128 11734
1 9112
0.578823 7168
0.284485 16384
1 15976
1 9482
1 5531
1 5372
1 16384
1 10252
1 16384
0.40815 4491
1 16384
0.86218 8990
1 8798
1 16384
0.808332 8353
1 16384
1 6119
1 15720
1 13275
1 9750
1 16384
1 4240
0.794437 5896
0.848389 16384
1 4213
1 16384
1 11828
1 4352
0.520605 4295
1 7828
0.842179 9232
1 4845
1 13276
1 11733
1 12522
1 16384
1 16384
1 12140
1 16384
1 4596
1 16384
1 5283
1 16384
1 16384
1 16384
1 5462
1 16384
1 16384
1 16384
1 4201
0.984154 15083
0.171678 6186
1 16384
1 11902
1 14679
1 5958
1 16384
0.226328 6495
1 8375
1 16384
1 5393
1 11431
1 14434
1 9233
0.884994 4878
1 10073
1 16171
1 16384
1 5355
1 6172
0.965244 11739
1 8296
1 14916
1 8047
1 4776
0.920189 11878
0.925252 11318
1 13872
1 13958
1 13642
0.939426 5679
1 16384
1 16384
1 7185
1 13283
1 16384
1 4568
1 6722
1 16384
1 11231
1 5092
0.875104 10817
0.888425 5270
0.374236 7522
1 15135
1 4159
0.914081 4737
0.858032 16384
1 7835
1 4212
0.818677 5686
1 9717
1 12457
1 16384
1 6852
1 5385
1 16384
1 10956
1 16384
0.990601 16384
0.945131 12138
1 12204
1 9067
1 16384
1 6260
1 6341
1 8403
1 16384
1 5216
1 13919
0.899577 4969
0.914721 7622
1 9276
0.922134 8322
0.542276 5606
1 16384
0.835077 6403
1 5098
0.293762 16384
1 9372
0.809015 11514
1 16384
1 8877
1 4263
0.0925412 6851
1 5880
1 4583
1 14399
0.887068 14522
1 16384
1 5392
0.961726 7603
1 11333
0.638 16384
1 7857
0.898804 16384
1 4958
0.982666 16384
1 10165
1 8259
1 13880
1 16384
0.944418 4246
1 12340
0.935425 16384
1 15653
1 10489
0.624756 16384
1 6883
1 16384
0 7367
0 16384
0 4149
0 6036
0 14673
0 5760
0 5758
0 6836
0 15908
0 5567
0 6024
0 12505
0 16384
0 14388
0 5962
0 10886
0 13131
0 16384
0 8382
0 8646
0 9117
0 4773
0 6432
0 4427
0 10666
0 16384
0 9790
0 7470
0 6711
0 7037
0 6652
0 10982
0 14861
0 4257
0 6772
0 9785
0 10762
0 10849
0 16384
0 6077
0 9014
0 8713
0 8473
0 16384
0 6044
0 8278
0 8266
0 8737
0 4542
0 14761
0 7978
0 12738
0 8314
0 16384
0 8279
0 7429
0 7143
0 11668
0 15253
0 9069
0 6359
0 10494
0 13298
0 5873
0 10892
0 15768
0 13385
0 9185
0 16384
0 8030
0 16384
0 16384
0 11940
1 7641
1 10786
1 11153
1 16384
1 16384
1 16384
1 4434
1 9732
1 10317
1 16384
1 10781
1 4326
1 14210
1 7386
0.841429 8091
1 4579
1 4204
0.996624 13920
1 16384
1 15756
1 16384
1 7772
1 16384
1 13690
1 9693
1 16384
1 8470
1 16384
1 4923
1 15234
1 16384
1 16384
1 16384
1 12673
1 13859
1 5297
1 7112
1 9721
1 13639
1 12990
1 7658
1 15122
1 16384
1 16384
1 16384
1 4609
1 5040
1 9306
1 16384
1 5418
1 12220
1 16384
1 11207
1 7237
1 6946
1 16384
1 6555
1 14795
0.819688 7121
1 6414
1 6897
1 16384
1 9034
1 16384
1 16384
1 7502
1 12136
1 16384
1 16384
1 11113
1 4763
1 5606
0.757345 9734
1 16384
1 16384
1 16384
1 6466
1 4277
1 5041
0.981757 13868
1 8532
1 16384
1 16014
1 16384
1 16384
1 14847
1 13091
1 16384
1 16384
1 4341
1 6297
1 7690
0.35067 4403
1 6782
1 8808
1 13090
1 16384
1 4116
1 6144
1 13575
1 4535
1 16384
1 16384
1 16384
1 12853
1 6947
1 13942
1 14411
1 16384
0.948054 15959
1 11575
1 6367
0.901587 6930
0.934236 6204
1 6084
0.955623 9194
1 4156
1 10498
1 5863
1 11218
1 11045
1 5711
1 16384
1 10972
1 10491
1 4283
0.981279 16025
1 7637
0.710853 7740
1 8545
1 9309
1 12589
1 9949
1 16384
0.855751 8312
1 16384
1 7871
1 16384
1 5976
1 10325
1 16384
1 4250
1 7808
1 7539
1 7915
1 6505
0.220546 5237
1 7220
1 14010
0.600333 4201
1 16384
0.9714 11853
1 5513
1 16384
1 11622
0.815148 5664
1 7166
1 4412
0.663572 9693
0.973792 8547
1 16384
1 9216
1 15462
0.982971 16384
1 5002
1 12187
0.968179 15650
1 13568
1 4379
1 15144
0.00471398 15698
1 16384
1 6521
1 9543
0.968798 11762
1 11841
0.786373 11066
0.929552 14564
1 5779
1 6387
0 5108
0 9257
0 14636
0 5582
0 16384
0 8352
0.533142 16384
0.836537 9207
1 8452
0.537859 7145
1 7991
1 16384
1 11037
1 5414
0 7077
0.641053 4633
0.850715 14402
1 4518
1 5451
1 5510
1 10415
1 16384
1 13924
1 8382
1 16384
1 4888
1 6482
1 15866
1 16384
1 11973
1 7986
0.773697 6372
1 16384
1 13569
1 14634
1 6735
1 7051
1 8432
1 8739
1 16356
1 8728
1 5107
1 6698
0.904202 9019
1 7480
0.891785 16384
0.948163 4572
1 4181
1 15204
0.818336 4712
1 9458
1 4901
1 6902
0.667294 9029
1 6698
1 4277
1 9733
1 16384
1 4928
1 7234
1 16384
1 4244
1 6883
1 6466
1 16384
1 5466
1 7034
0.843385 4112
1 9893
1 5815
1 10949
1 5334
1 9109
1 12139
1 16384
1 7273
0.823189 5356
0.973544 7522
1 4409
0.641925 4446
1 5422
0.927473 13002
1 13694
1 16384
1 7633
1 7690
0.974975 5914
0.844188 5712
0.879464 6720
1 13540
1 11245
1 10015
1 16384
0.935139 9636
0.757922 15652
1 9990
1 16384
1 16384
1 4544
1 7691
0.837902 4195
1 5373
0.767937 5826
1 6967
1 13763
1 16384
0.948791 7733
0.901848 8711
1 10805
1 5331
0.774904 7579
1 9318
1 4357
1 6328
1 11899
1 16384
0.921055 12325
1 8038
1 4485
1 7894
1 8926
1 11723
1 8872
1 16384
1 16384
1 7439
1 10041
1 6613
0.95752 16384
1 4109
1 7583
1 8079
1 14258
1 16384
1 16384
1 10875
1 16384
0 7544
0.748318 12337
1 16384
1 6771
1 6619
0.757728 5952
1 5428
1 16384
1 4857
1 8504
1 8503
1 7802
1 11870
0.901265 11546
0.934852 13170
1 11065
1 14642
1 16384
1 13677
1 4595
0.879517 16384
1 4877
0.939202 11201
1 14958
1 16384
0.903899 13954
1 11578
1 16384
1 16384
1 16384
1 11903
1 7161
0.773801 4191
1 6124
1 16384
0.957564 8507
0.944856 10119
1 16384
0.958557 16384
0.951943 14129
1 16384
0.803707 7122
1 16384
0.928181 5848
1 16384
1 6692
1 4929
0.9729 16384
0.884471 8275
1 14040
1 14754
1 6442
0.833069 16384
1 10560
1 16384
1 4363
1 7858
0.904594 4549
0.96991 16384
1 9891
0.952312 6920
0.7833 5030
1 16384
1 12179
1 9954
1 5524
1 6522
1 11473
1 5512
1 16384
1 16384
1 4965
1 8704
1 16384
0.776834 8590
1 9353
1 10345
1 15455
1 16384
1 14526
1 13105
1 9421
1 16384
1 6714
1 14562
1 16384
1 9740
1 8008
1 6171
1 16384
0.995814 10751
1 16384
0.995383 9964
1 5061
1 6699
1 14278
1 16384
0.565414 7980
1 16384
1 5018
1 6988
1 5138
0.946777 16384
1 5507
0.715819 5310
1 13767
1 4861
1 6065
1 16181
1 16384
0.730957 16384
1 10886
0.989136 16384
1 13658
1 4568
1 16384
1 13580
1 6632
1 16384
0.905876 6927
1 11695
1 12162
1 9366
1 4403
1 6902
0.917435 9980
1 12492
1 7026
1 8782
1 12692
0.768639 8973
0.53253 6056
1 13802
1 16384
1 13325
0.128533 9235
1 6148
1 10949
1 10980
0.813027 8060
1 16384
1 8276
1 11616
1 11204
1 7624
1 16384
1 16384
1 9854
1 14543
1 10506
1 5671
1 5029
1 8556
1 5583
0.80334 4251
1 7060
1 10460
0.684021 16384
0.934021 16384
1 12330
1 11235
1 16384
1 4100
1 6191
1 12622
1 11304
1 16384
1 12543
1 9613
1 11376
1 10630
1 16384
1 13209
1 16384
1 11368
1 10293
1 4908
0.798232 5883
1 7542
0.908245 6125
1 5345
1 10253
1 16384
1 4606
1 8517
1 4994
0.897339 16384
0.591847 4121
1 7939
1 7441
1 15376
0.827678 12378
1 4939
1 16384
1 5292
1 8399
1 10986
1 5635
0.947283 11078
1 16384
1 6028
1 5432
1 15299
0.209763 4691
1 16384
1 6243
1 10745
1 11818
1 7061
1 4292
1 9569
1 7557
1 16384
1 5773
1 5449
1 16384
1 4908
1 16384
1 16272
1 16384
1 4516
0.839086 8228
1 7027
1 5371
0.901941 6904
1 16384
1 16384
1 4581
1 8570
1 14057
1 11854
0.927612 16384
1 10776
1 16384
1 12902
0.824756 11892
1 13296
1 15285
1 15827
1 11305
1 16384
1 12072
1 14190
1 16384
1 5624
1 7326
1 12989
1 14270
1 4508
0.676689 9146
1 5019
0.941109 9645
0.864108 13290
1 4227
0.967283 4921
0.66326 4110
1 15295
1 16384
1 9561
1 11634
1 16384
0.994145 7857
1 13861
1 5083
1 12471
1 16384
1 16384
0.791965 5874
1 11693
1 16384
1 15870
1 8261
0.778756 6816
1 12370
0.9681 8652
1 4300
1 11519
1 16384
1 14289
1 16384
1 4320
0.654477 6153
1 7972
1 13003
0.947496 12380
0.965942 16384
1 16384
1 5069
1 16384
1 8254
0.923582 7158
0.411443 5296
1 16384
1 11355
1 6877
1 14453
1 16384
1 16384
0.970214 15578
1 8909
1 11220
0.994812 16384
1 4925
0.787664 13375
0.924255 16384
1 11852
1 16384
1 16384
1 12340
1 6470
0.675293 16384
1 7548
0.913939 9807
1 16384
1 7867
0.777551 4900
1 14014
1 14446
1 5662
0.723121 9087
0.858416 11449
1 11636
0.902954 5688
1 16384
0.926746 6771
1 10370
1 16384
1 11378
1 8451
0.754023 11993
1 16384
0.953488 8729
1 9021
0.917825 13240
1 16384
1 8843
1 8592
1 13563
1 7954
0.173218 16384
1 4786
1 5772
0.878877 6770
1 11154
1 12723
1 14226
1 7269
1 10860
1 13863
1 15553
0.983546 8691
1 8503
0.547643 9844
1 16384
1 5204
1 4568
1 16384
1 6966
0.96107 6730
1 4244
1 5827
1 8174
1 5991
1 16384
0.924083 6955
1 16384
1 8552
1 9525
1 11536
0.93635 6740
0.623403 13152
1 16384
1 16384
1 10459
1 11163
1 4493
0.862061 16384
1 6825
1 10993
1 5087
1 16384
1 7168
1 11160
1 16384
1 8826
1 12808
1 5474
1 7468
1 4275
1 14044
1 16384
1 10236
1 10246
1 6968
1 8929
1 5582
1 9856
1 11675
1 4953
1 7538
1 10355
1 5910
1 12709
1 16384
1 10459
1 4162
0.701848 11199
1 16384
1 11856
1 11698
1 7700
1 16384
1 8295
1 7732
0.591657 7839
1 16384
1 9199
1 13668
1 5224
1 16384
0 5743
0 5273
0 14630
0.0108643 16384
1 5860
1 7836
1 10422
1 12474
1 7367
1 11698
1 16384
1 4882
1 12532
1 16384
0.930747 10671
1 16384
0.972534 16384
0.89635 14221
1 14620
1 16384
1 4520
1 5434
1 5739
0.893878 14097
1 13778
1 13955
0.0212402 16384
1 6951
1 5622
1 16384
1 8098
1 9795
0.651101 4133
1 14773
1 13183
0 6788
0 10890
0 16384
0 8355
0.606934 16384
0.707187 4508
1 16384
1 5809
1 7400
1 16384
1 4156
0.759627 6856
0.903563 15015
1 9406
1 8414
0.662507 5609
1 10542
1 16384
1 9275
1 8303
1 4778
1 4194
1 9958
1 12244
0.924371 10102
1 4628
1 7309
0.544737 4560
1 16384
1 9888
0.959043 10450
1 4355
1 4949
1 15175
1 12490
1 7560
1 14529
0.870789 16384
1 7255
1 16384
1 6021
1 16384
1 6681
1 6098
1 7009
0.893521 6884
1 8137
0.828205 6240
1 16384
1 9057
1 16316
1 14097
0.919234 8828
1 6745
0.802313 15479
1 13006
0.833069 16384
1 16384
0.981474 9446
0 4608
0 4608
0 4608
0 4608
0 4608
0.477627 8716
1 10403
1 16384
1 16384
1 16384
1 16384
1 16384
1 14587
1 16384
1 7656
1 4147
1 5041
1 6142
1 5641
1 5652
1 4608
1 5605
1 4656
1 6654
1 16384
1 16384
1 13515
1 6718
1 10731
1 16384
0.73125 5120
1 7246
1 16384
0.980041 13728
0.963878 10243
0.908102 9565
0 16384
0 8314
0.172745 9158
1 16384
1 16384
1 5541
1 16384
0.849792 16384
1 6673
1 8204
1 10260
0.911652 14941
0 5735
0 8511
0.86366 13415
1 4897
1 4248
1 7191
1 4590
0.938769 6549
1 16384
0.950942 10355
1 14046
0.84039 7487
1 6501
1 16384
1 10100
1 16384
1 12377
1 8889
0.463465 6350
1 16384
1 10710
1 16384
1 10594
1 7308
1 6734
1 11441
0.896057 16384
1 9884
1 10866
0.874486 6079
1 16384
1 5039
1 4734
0 4559
0.754375 6685
1 16384
0.537284 10125
0.25067 10073
1 15990
0.514291 11756
0.435723 5873
0.0534331 7486
0.307739 16384
0.486911 9932
0.657959 16384
1 16384
0.884827 16384
0.26446 11238
0.244155 11591
1 14848
0.148352 6916
1 13354
0.846802 16384
1 12620
1 11122
0.693542 16384
1 9622
0.634811 9250
0.413147 16384
0.542419 16384
0.131784 8605
0.505732 8461
1 16384
1 5121
1 12938
0.716492 16384
0.766195 12643
0.392204 8261
0.186836 6867
1 12373
0.33606 11370
0.242376 9345
1 16384
0.97415 15203
0.273116 11702
0 5680
0.890686 16384
1 7769
1 16384
1 13896
0.131348 16384
1 4315
0.214419 11804
1 4888
1 8091
1 11378
0.679226 10643
1 7305
1 9528
1 6599
1 14848
0.923336 4748
0.570732 4100
1 4975
1 16384
1 16384
1 16384
1 13385
0.81102 9673
1 9975
1 16384
1 5076
1 5447
1 11228
1 16384
1 16384
0.828949 7109
0.879744 14860
0.942851 13141
1 4248
0.611694 15444
1 16384
1 12341
1 16384
1 11773
1 8771
0.918152 16384
1 16384
1 12649
1 5965
1 16384
1 12764
1 16384
1 4742
1 11600
1 9979
0.612661 9715
1 16384
1 16384
1 16384
1 14026
0.62368 10228
1 16384
1 5313
1 6406
1 16261
1 16384
1 11159
0.916626 16384
1 8895
1 7694
1 12802
0.895813 16384
1 14380
1 6046
1 13197
1 10287
0.836023 5763
1 16384
1 9643
0.903167 9284
0.852764 5644
0.871568 14350
1 6971
0.885808 14607
1 13519
1 13145
0.698059 16384
0.733204 10866
1 16384
1 16384
1 9602
1 5752
0.953745 16063
1 4191
0.965381 13201
1 5512
1 5500
1 7118
1 4799
1 15825
1 6830
1 6609
1 16384
1 4570
1 16384
1 15336
1 6953
1 13356
1 15162
1 8086
1 10143
0.299163 4302
1 5511
0.94136 15041
1 12758
1 13389
1 12245
1 9421
1 9409
0.904353 11187
1 13663
1 14325
0.919495 16384
1 8070
1 10035
1 11001
0.765515 14325
1 6321
1 5996
0.905146 6452
1 9582
1 6135
1 10266
0.716708 13209
1 7269
0.911753 7615
1 16384
1 16384
1 11635
1 12544
0.562439 16384
1 7478
1 16384
1 8909
1 16384
1 4256
1 16384
1 16384
1 5014
1 7755
1 16384
1 13788
0.923502 10314
1 13303
1 15254
0 4516
0 4197
0.757237 9672
1 15370
1 15619
0.911133 16384
1 9329
1 8561
1 16384
0.816962 15953
1 16384
1 14130
1 4826
1 16215
1 15798
1 11179
1 16384
1 9598
1 15215
1 16356
1 11323
1 11348
1 16384
1 14247
1 12908
1 9404
1 15949
1 16384
1 10324
1 16384
1 5313
1 15850
1 5599
1 9905
1 11672
1 9647
1 4161
1 15848
1 7419
1 6083
1 7019
1 9850
1 12108
1 7356
1 5297
0.889872 14011
0.962537 8862
1 11183
0.943925 13678
1 6728
1 11970
1 5873
1 6932
1 9721
1 8012
1 9648
1 16384
1 16384
0.96809 12222
1 7394
1 16384
1 10827
1 10987
0.927619 11246
1 5134
0.842904 5137
1 5093
0.890188 7440
1 5891
0.825536 4574
1 14352
1 7604
1 13817
1 16384
1 16384
1 10401
1 16384
0.975586 16384
1 5143
1 10824
1 15250
1 9177
1 11157
1 16384
1 8501
1 5228
1 16380
1 4476
1 16384
1 16384
1 16384
1 7694
1 9840
1 6796
1 5615
1 16384
1 16384
1 16384
1 15364
1 6709
1 7698
1 8552
1 16384
1 11441
1 13022
0.845666 15285
0.943667 15941
1 4644
0.826211 4563
0.839617 5225
1 16384
0.805238 5689
1 16384
1 16384
1 16384
0.926952 8734
1 6042
1 16384
1 16384
1 8674
1 16384
0.911287 6831
0.313674 12564
0 6155
0.522461 16384
0.303711 16384
0.897461 16384
0.741129 14401
0.307678 16384
0.990822 8608
1 10782
1 16384
1 16384
1 15177
0.488946 5066
1 13421
1 10013
1 15119
1 11400
1 16384
1 9681
0.949258 12258
0.960205 16384
0.976526 5964
0.980469 16384
1 7793
1 6418
1 11533
0.985421 12072
1 13989
1 16384
1 6127
1 16384
1 16101
1 9849
1 5428
1 7797
0.335028 4131
1 7665
1 16384
1 14022
1 15572
1 10652
1 16384
0.91964 14211
0.975015 9726
0.97574 10099
1 15772
0.717414 4749
0.989197 16384
0.986083 12718
1 16384
1 12804
0.902961 4627
1 7876
1 11557
1 4568
1 7602
1 10752
1 9815
1 8059
1 10559
0.583709 4874
1 16384
1 7520
1 16384
0 4692
0 4525
0 16384
0 16384
0 8542
0.608471 13907
1 7542
1 13925
1 10489
1 12174
0.890906 6609
1 16384
1 11216
1 11557
1 12518
0.672119 16384
1 12263
1 16384
1 9480
1 16384
1 10407
1 5720
1 5835
0.955595 5630
0.852693 8635
0.548777 6376
0.963562 16384
1 4235
1 9296
0.916905 4549
0.817683 6741
1 9310
1 4377
1 4571
0.936796 9588
1 13531
1 16384
0.945438 7496
0.870056 16384
1 6135
1 16384
1 10328
1 11285
1 5894
0.673401 16384
1 5423
1 12957
1 16384
1 9987
1 8356
0.920898 16384
1 14731
1 12065
1 16384
1 9164
1 16384
1 4888
1 7600
1 4304
0.98175 16384
1 8570
1 7222
1 16384
1 15963
1 16384
1 13226
1 11460
1 9499
1 7793
0.417363 5264
0 6665
0.910844 15456
1 7864
1 6552
1 15482
1 13972
1 6203
1 8890
1 16063
1 16384
1 16384
0.993763 14911
1 9656
1 6108
1 4354
0.893477 5764
1 8121
1 12363
1 4539
0.912131 6669
1 4142
1 8010
1 16384
0 16128
0.733808 5759
1 15364
1 15901
1 11001
1 5743
0.925332 12656
0.902283 16384
1 10542
1 5772
1 9774
1 8889
1 5911
1 9208
1 11389
1 4353
1 11344
1 12189
1 14439
1 4600
0.921358 7744
1 16384
0.79334 7568
1 14665
1 11899
0.435197 12700
1 6005
1 4143
0.643655 7344
1 5431
0.927481 8191
1 16384
0.188107 4120
1 4150
1 16384
1 12109
1 16384
1 16384
1 11643
1 9680
1 16384
0.999878 16384
0.937378 16384
1 4647
1 15095
1 4865
1 4259
1 8162
1 16384
1 4968
1 16384
1 5374
1 15385
1 16384
1 16384
1 14819
1 5879
0.817476 7084
1 10318
1 6064
0.937781 9772
1 14041
1 6156
1 5203
0.929984 8698
1 16384
1 16384
1 4413
1 16384
1 6274
0.860376 8573
0.897744 7980
1 16384
1 8709
1 6826
1 11646
1 16384
1 5376
1 5799
1 6975
1 13822
1 13489
1 6782
0.977722 16384
1 11704
1 12413
1 12698
1 16384
1 16384
1 16384
1 16384
1 12784
1 12392
1 4647
1 4617
1 4467
1 16060
1 16384
1 4167
1 6370
1 10289
1 13136
1 6798
0 5751
0 8020
0 11935
0.682843 13889
1 15172
1 10388
1 16384
1 5076
1 5188
1 13288
1 9055
1 13713
1 5670
1 8448
1 7632
0 16384
0 12230
0.940125 16384
0.59084 11157
1 10450
1 16384
1 6892
1 10820
1 16384
1 8652
1 12984
1 16384
1 6131
1 16384
1 5215
1 6572
1 13063
1 6642
1 14975
1 7247
1 15851
1 16384
1 5709
1 16384
1 5577
1 7123
1 8794
0.463925 4352
0.883427 9033
1 5139
1 5188
0.978803 5897
1 12919
1 14729
1 12407
1 5619
1 12069
1 16384
0.897246 4720
1 16384
1 8811
1 5928
1 7179
0.721252 16384
0.949942 9409
0.559136 5276
0.72042 4099
1 10134
0.230728 5617
0.430444 6714
1 8061
1 9128
1 4852
0.707703 16384
1 7565
1 9429
1 6663
1 16384
1 15699
1 16384
1 13312
1 14874
1 16384
1 13366
0.153723 8151
1 9150
1 12303
1 13702
0.66799 5792
0.977308 11546
1 16384
1 9584
1 14528
1 16384
1 5843
1 4453
1 16384
1 11027
1 16384
0 7378
0 4124
0 4949
0.902811 7614
0 9876
0 5401
0 16384
0 4482
0 14037
0 8521
0 6206
0.748417 7739
0 8019
0 8133
0 16384
0 6973
0 5378
0 4497
0 5035
0.362488 16384
0 8981
0.103346 14195
1 11528
0 16384
0 4155
0.180946 5941
1 7616
1 16384
1 16384
1 6378
1 16384
1 16384
1 4203
0.840541 10128
0 5696
0.710999 16384
0 6233
0.764951 11053
0.766052 16384
1 7103
0 4852
0.223196 5363
1 9780
0.396515 5566
0.622653 5006
0.668643 7590
0.170884 5612
0 16384
0.964783 16384
0 6187
0 5550
0.930584 8874
0.899708 4447
0.665454 10997
0.743699 9403
0.5068 10736
0.626681 10112
0 4224
0.675842 16384
1 6701
0 7199
0 7340
0.413652 9508
0.359706 5852
0.381158 4872
0.865989 12887
0 9739
0.480296 6090
0 6887
0 4201
0 4602
0 16384
0.0121228 7589
1 9315
0.585399 4479
0.691284 16384
0.972534 16384
0.402964 4184
0.977905 16384
1 10233
1 16384
0.977478 16384
1 8627
0.541785 8795
0.0891781 14443
1 9174
0.00738416 5417
1 8157
0 4306
0.717402 8298
0.855231 4856
0 5476
0.980388 5048
0.535847 8090
0.920837 16384
0.47308 13150
0.964559 12274
1 9057
0 6671
0.94872 11564
0 6471
0.283325 16384
0.955798 10814
0.422074 10465
0.976784 8227
1 7243
0.831134 11595
0.0982036 9185
0 6842
0.316406 16384
0.940275 7501
0.512351 13885
0 5080
0 12880
0.313612 4496
0.949111 12537
0.845145 12431
0.920261 15927
0.625961 5986
0.0756272 8132
0 11768
0 5952
0.279917 7245
0.869233 11899
1 16384
0.529853 4137
0.508789 16384
0.66426 14821
0 16384
0 9668
0 9992
0 8380
0.818743 5666
0 5194
0.465921 9390
0.972685 8530
0 6576
0 7603
0.760729 4497
0.583801 16384
0.783355 5479
0.950283 6356
0.588004 11437
0 7474
0.0877609 6324
1 12754
0.782162 14116
0.667306 9904
0.844743 10196
0.900696 16384
0.520788 5532
0 6162
0.434268 8451
0.786499 16384
0 6802
0.482427 13401
0.722569 13607
0.493817 4852
0.64624 16384
0.874987 9503
0 14364
0.962933 9739
1 8438
0 10533
0 9055
0.886889 4279
0.401414 8201
0.948528 5673
0.468083 11060
0 8463
0 8697
0.891493 15916
0.923274 8589
0.974384 10228
0.310086 5592
0.972576 11450
0.864987 16117
0.819641 16384
0.819641 16384
0 9850
0.541761 8417
0 6033
0.646545 16384
0.901958 6844
0.270279 6275
0.676927 12183
0.226222 12501
1 12260
0 4887
0 9166
0 5939
0 16342
0.56169 4166
0 7742
0 16384
0 9354
0 9771
0 10688
0.911999 6284
0 4152
0 14672
0 4973
0 8533
0.501598 10953
1 16384
0.769749 9494
0.444258 8961
0.886946 5546
0 5925
0.54186 5387
0.808725 11507
0.974243 16384
0.317325 13368
0 9327
0 4890
0 12957
0 4384
0 7097
0 4197
0 7923
0 8777
0 5058
0 13110
0 6264
0 10110
0 5339
0 7130
0 5629
0 6092
0 6345
0 8221
0 8078
0 8926
0.511245 13651
0.372804 4383
0.86276 10478
1 14594
1 16384
0.973755 16384
0.62248 13345
0 5376
0.70747 7483
0.832018 8108
0.870188 7195
1 16384
0.493508 7856
0.767883 16384
0.977467 9719
0.954834 16384
1 16384
1 16384
0.75301 7142
1 16384
1 16384
1 6172
1 11636
0.977661 16384
0.0378814 5702
1 16384
1 4363
0.12756 9423
0.823884 10618
1 12958
1 5593
0.894749 13045
0.993652 16384
1 16384
0.160667 6834
0.785767 16384
0.142587 5288
1 12594
1 5383
1 16384
0.436602 8557
0.44761 6213
1 9088
0.520446 9415
0.630258 6134
0.407401 12484
0.315743 6784
1 8022
0.324408 12996
0 8765
0.823547 16384
0 4272
0.432883 6593
0.799194 16384
0 11166
0.0782396 11452
1 10958
0 5362
0 5786
0 12597
0 4921
0.934102 6677
0.944215 7511
0.491525 7198
0.261472 6995
0.597693 5635
0.712752 13229
0.73931 7039
0.374634 4778
0.535066 10466
0.902439 5576
0.881412 9377
0 13551
0.478671 13151
0.27292 6130
0 8205
0.0251723 6674
1 8002
0.534469 7746
1 10121
0 9340
0 16384
0 5231
0.378056 7975
0 6050
0.91879 8164
0 4880
0.774497 10940
0.431008 5805
0.609276 5390
0 4298
0 7235
0 5103
0.266915 12637
0.862122 16384
0.0930383 9265
1 11962
0.649107 4309
1 16384
0.977465 12203
0.33562 6707
0 5423
0 16384
0 13569
0 4248
0.174933 15646
1 8927
1 4147
0.475395 9876
1 6630
0 5906
0 14797
0 9264
0.793836 5840
1 16384
0 11198
0.516624 11730
0 10495
0 16203
0 5951
0 12210
0 16384
0 10504
0 9239
0 4947
0 11817
0 5489
0 7663
0 7654
0 16384
0 4124
0 14672
0 4927
0.342333 8778
0 10812
0 9554
0 6310
0 4858
0 10304
0 10337
0 6615
0 5108
0.489685 16384
0.113925 9436
1 7111
0.0363084 6913
1 6062
0 7627
0 14650
0 6556
0 7934
0 16384
0 16384
0 10418
0 4842
0 6113
0 8838
0.255737 8454
0 4386
0 4381
0 6158
0 4355
0 11444
0 4141
0 9884
0.533771 7003
0 8349
0 16384
0 5612
0.0644315 10290
1 13431
0.172729 16384
0 15996
0 7327
0 4145
0.883439 8013
0.369568 16384
1 6356
0.968224 12242
1 7502
1 10909
0.690918 16384
0.940918 16384
0.797277 4775
0.820323 4458
1 5108
0.830756 5690
1 11752
0.912048 16384
0.0682983 16384
0.974548 16384
1 5864
1 12219
0 4953
0.9542 8690
0 10708
0 6470
0 8160
0 15199
0.93993 8257
0 4888
0 8612
0 10538
0 5211
0 10992
0 11330
0 8412
0 16384
0 8381
0 6478
0 9578
0 5104
0 5489
0 9520
0 6853
0 8898
0 4315
0 4550
0 6698
0.755302 7356
0 4566
0 8327
0 8919
0 9150
0 5456
0 6682
0 6955
0 10955
0 4388
0 6621
0 10951
0 16384
0.613975 12494
0 10501
0 5078
0 7033
0 6071
0 7147
0 10818
0 16384
0 5408
0 12688
0 5089
0 7565
0 5093
0 6274
0 7666
0 14384
0 7419
0 15115
0 16384
0 6723
0 10159
0 11728
0 6604
0.218289 9689
0 5135
0 16384
0 4470
0 12029
0 6444
0 6085
0 7430
0 10513
0 16384
0 6425
0 16384
0 4851
0 8881
0 12710
0 4693
0 7115
0 16384
0 7453
0 16384
0.562277 9257
0 11294
0 8094
0.839954 9491
0 6620
0 8631
0.690302 6022
1 14188
0.27322 6460
0.88517 11382
0 8191
0 7799
0 13898
0.0241424 11515
1 16384
0 4600
0.375483 7766
0 7991
0 13027
0 4343
0.765342 8229
1 5970
0 11912
0 14098
0 4872
0 8984
0 9923
0 12981
0 8882
0.433862 12746
0.987039 7870
0 6059
0 5228
0 4905
0 9693
0 15413
0.557251 16384
0 16384
0.203366 6535
0 4382
0.782115 6687
0 7945
0 9733
0 4110
0 12808
0 14147
0 5781
0 16384
0 4569
0 5165
0 5699
0 13276
0 5871
0.94519 16384
0 5557
0 5962
0 11182
0.324898 4900
0.741213 5719
0 6347
0 13235
0.373081 12638
0.695741 9745
0 4660
0 4231
0 11709
0 12569
0 11245
0.678147 4791
0 4652
0 12680
0.654212 13034
0 4972
0.462027 4411
0 10718
0.733813 15553
0 7572
0 5253
0 10845
0 16384
0 4427
0 16384
0.199684 8849
0 5126
0 6223
0 7397
0 4584
0 7863
0 4482
0 4453
0 10304
0 5748
0 6936
0 5279
0 9341
0 4506
0 16384
0 8659
0 4888
0 4156
0 8191
0 6208
0 8092
0 11875
0.391392 11965
0 6414
0 5415
0 7177
0 4727
0.874003 10159
0.506726 5873
0 4305
0 4132
0 13941
0 16384
0 5440
0.921083 12038
0 4569
0 6075
0 4495
0 9273
0 7224
0 6069
0 14795
0 7659
0 4488
0 5268
0 12489
0 7049
0 5476
0 4837
0 6022
0 5624
0 5692
0 6118
0 4678
0 4316
0 5805
0 4185
0 5302
0 5727
0 16384
0 11198
0 4407
0 4322
0 8297
0 16384
0 16384
0 7377
0 9612
0 9230
0 4248
0 6559
0 4588
0 16384
0 12162
0 7565
0 4849
0 12370
0 11723
0 5284
0 11159
0 7607
0 12300
0 4974
0 6308
0 4500
0 15523
0 7882
0 8406
0 12981
0 14362
0 4715
0 16384
0 9030
0 5555
0.617761 9515
1 5705
1 9490
1 10629
1 11307
1 7378
0.948417 15703
1 11152
1 10474
1 16384
1 16384
1 16384
1 16384
1 16384
1 5662
1 4248
0.521538 4968
1 12288
1 14332
1 7959
1 15893
1 14645
1 16384
1 4212
1 16324
1 16384
1 10118
1 11283
1 9684
1 16384
1 8517
1 16384
1 8649
1 12404
1 7163
1 10404
1 16384
1 8336
1 16384
1 8005
1 10065
0.959961 16384
1 4942
1 13335
0 4898
0 4316
0 6115
0 13967
0 9532
0 5098
0 10535
0 10251
0 14114
0 4332
0 11376
0 6758
0 8468
0 4475
0 5269
0 4860
0 5862
0 7577
0 4638
0 16384
0 11232
0 8294
0 5256
0 8364
0 7969
0 16384
0 5653
0 12840
0 5507
0 4530
0 12628
0 11187
0 6872
0 16384
0 4669
0 16384
0 5222
0 7576
0 9020
0 11339
0 10962
0 13032
0 9055
0 6642
0 16034
0 11615
0 5264
0 4763
0 4711
0 9313
0 15587
0 8676
0 5481
0 15634
0 6325
0 4634
0 5473
0 12380
0 5519
0 5121
0 6222
0 15629
0 9266
0 6201
0 5888
0 7150
0 7066
0 4209
0 16384
0 5063
0 4249
0 10913
0 7175
0 5947
0 7310
0 8259
0 5094
0 16384
0 6989
0 14651
0 4753
0 4143
0 10277
0 4785
0 12811
0 5308
0 6790
0 9109
0 6003
0 4220
0 6908
0 5653
0 7820
0 14448
0 10464
0 4957
0 6768
0 5471
0 15482
0 7724
0 9057
0 5611
0 4627
0 9477
0 10602
0 16384
0 4803
0 5360
0 8084
0 6820
0 15307
0 5600
0 4773
0 12033
0 5240
0 5405
0 7196
0.453845 7919
0 6772
0 9432
0 13003
0 12161
0 12786
0 5563
0 13278
0 6349
0 4385
0 14652
0 13069
0 5273
0 9928
0 11304
0 9305
0 9469
0 4340
0 11026
0 16384
0 11815
0 4597
0 4990
0.455178 10486
1 16384
0 7344
0 6498
0 4397
0 13469
0.827815 12202
1 11796
0 13522
0 4720
0.0401786 11872
1 11579
0 6353
0 7684
0 12772
0 6788
0 5176
0.029229 7082
1 9577
0 16384
0.915626 8166
1 6340
0.7069 9652
1 7720
0 4475
0 16384
0 7442
0 9024
0 6990
0 4163
0 5664
0 6117
0 10693
0 5328
0 14262
0 16231
0 5334
0 12048
0 11796
0 9807
0 11947
0 8740
0 10708
0 8030
0 6437
0 4646
0 7529
0 7739
0 8423
0 6479
0 8059
0.273982 4347
0 7476
0 5324
0 16384
0 4549
0 4777
0 6112
0.38141 9478
1 5931
0 16384
0 6324
0.905014 13781
1 16384
0 12720
0 7067
0.38974 8090
0 14476
0 13304
0 4688
0 8659
0 14309
0 8020
0 5135
0 7366
0 16384
0 11098
0 4767
0 8252
0 5158
0 6922
0 8005
0 8162
0 13265
0 6013
0 16384
0 4712
0 6572
0 11028
0 13020
0 16384
0 16384
0 7163
0 4619
0 10684
0 4677
0 6889
0 8021
0 16384
0 5215
0 5245
0 5801
0 10965
0 7835
0 4904
0 4668
0 10674
0 12785
0 4334
0 4352
0 13822
0 12842
0 5103
0 5195
0 4132
0 4890
0 5918
0 4908
0 6512
0 5993
0 9641
0 16384
0 16384
0 5776
0 5452
0 7190
0 16384
0 8787
0 7792
0 7231
0 9409
0 5725
0 7008
0 4180
0 6121
0 16384
0 14123
0 4557
0 8762
0 10529
0 4756
0 8200
0 4986
0 8058
0 5586
0 13847
0 8728
0 4980
0 4507
0 7523
0 7014
0 8529
0 4206
0 16384
0 4551
0 16384
0 16384
0 16384
0 7809
0 6832
0 6221
0 13029
0 4878
0 8282
0 8766
0 4351
0 8664
0 4456
0 9612
0 16384
0 16384
0 4836
0 16384
0 7852
0 16384
0 9393
0 13289
0 7852
0 12469
0 5073
0 5681
0 9782
0 4461
0 6475
0 8448
0 4542
0 13896
0 8230
0 5358
0 8545
0 7837
0 5114
0 16384
0 16384
0 4740
0 7714
0 5725
0 8033
0 11723
0 4845
0 6721
0 7859
0 7106
0 6558
0 6986
0 4969
0 16384
0 9724
0 10738
0 4135
0 5443
0 8056
0 7347
0 9610
0 7254
0 11110
0 6039
0 8051
0 5296
0 4654
0 4789
0 8178
0 4576
0 6963
0 7250
0 10834
0 8767
0 7914
0 5768
0 6936
0 6711
0 4639
0 6418
0 7690
0 6757
0 9270
0 4732
0 9761
0 9895
0 14253
0 5241
0 5751
0 7534
0 7180
0 11895
0 16384
0 5278
0 15606
0 16384
0 12827
0 5477
0 6978
0 8266
0 15618
0 4583
0 9855
0 6723
0 6961
0 16384
0 4697
0 4196
0 4143
0 16384
0 8458
0 5515
0 6062
0 7205
0 6353
0 5848
0 12975
0 4664
0 5385
0 6111
0 6770
0 5056
0 7029
0 5032
0 5631
0 14162
0 4485
0 4235
0 4124
0 11979
0 8992
0 4652
0 4663
0 7630
0 11680
0 15572
0 4170
0 10157
0 16384
0 4572
0 4167
0 13814
0 7751
0 4407
0 6905
0 4879
0 4371
0 9986
0 5939
0 11319
0 12862
0 16384
0 4543
0 10533
0 5576
0 4287
0 4705
0 6836
0 4897
0 14738
0 13998
0 9168
0 9535
0 5381
0 16384
0 8117
0 8163
0 12661
0 4557
0 11065
0 7789
0 6047
0 4215
0 7065
0 4532
0 4326
0 16384
0 11210
0 10622
0 7800
0 6338
0 9598
0 8656
0 4248
0 16384
0 5140
0 9277
0 9496
0 13216
0 4239
0 11789
0 4767
0 9236
0 6099
0 11334
0 6945
0 9364
0 5178
0 9500
0 5603
0 5442
0 4104
0 4155
0 8477
0 6631
0 5118
0 6773
0 8801
0 4250
0 5464
0 14393
0 8539
0 16384
0 13963
0 13921
0 4337
0 4557
0 4256
0 8285
0 6209
0 11249
0 5533
0 7613
0 11246
0 9567
0 6358
0 4497
0 9599
0 4403
0 5548
0 6804
0 4666
0 8008
0 5281
0 4385
0 6050
0 9516
0 6263
0 6880
0 6846
0 14165
0 5830
0 9499
0 4839
0 8022
0 5219
0 4686
0 13595
0 11795
0 10193
0 12117
0 16384
0 14380
0 11674
0 6801
0 16384
0 14718
0 8425
0 10345
0 6313
0 5451
0 8948
0 14352
0 16384
0 9004
0 14449
0 4874
0 16343
0 5947
0 10378
0 5509
0 5382
0 7460
0 8233
0 6377
0 5193
0 5563
0 13278
0 16384
0 12157
0 6681
0 6864
0 9439
0 14135
0 9815
0 6144
0 4431
0 4645
0 9844
0 11313
0 4886
0 12267
0 10354
0 9537
0 4393
0 9358
0 15069
0 5543
0 6026
0 5619
0 5846
0 4124
0 6281
0 5163
0 7339
0 7156
0 4943
0 8094
0 8265
0 6160
0 4646
0 4317
0 4818
0 6786
0 5301
0 4384
0 12419
0 8645
0 4162
0 5196
0 7319
0 16384
0 4349
0 5100
0 14155
0 15581
0 14150
0 5893
0 16384
0 9030
0 9871
0 13483
0 14813
0 12039
0 11018
0 4128
0 16384
0 5229
0 10967
0 6936
0 9569
0 5231
0 16384
0 16384
0 4673
0 5421
0 12788
0 5843
0 16368
0 8032
0 8326
0 14348
0 16384
0 14969
0 16384
0 7142
0 8595
0 4822
0 6554
0 13275
0 8430
0 12248
0 10670
0 7033
0 5922
0 6392
0 16384
0 9581
0 5394
0 5429
0 11260
0 7525
0 16384
0 11066
0 10843
0 6161
0 5232
0 6798
0 6039
0 13636
0 4926
0 16384
0 5802
0 5959
0 7691
0 8660
0 7922
0 7730
0 6735
0 5986
0 7227
0 8506
0 4430
0 12283
0 7437
0 4412
0 4452
0 4689
0 8084
0 5875
0 13847
0 11777
0 4885
0 6806
0 9985
0 11808
0 6601
0 4421
0 4176
0 4997
0 12447
0 4461
0 5152
0 15224
0 6941
0 7019
0 6656
0 10003
0 8444
0 4265
0 15283
0 7079
0 12932
0 5671
0 8028
0 7069
0 11045
0 4348
0 4706
0 13398
0 7594
0 12800
0 10434
0 6688
0 11473
0 13518
0 11585
0 7683
0 16384
0 11857
0 4889
0 5208
0 15156
0 4366
0 4400
0 15736
0 6483
0 6353
0 15562
0 4438
0 16384
0 4127
0 15190
0 15275
0 5223
0 16384
0 14239
0 13382
0 5978
0 13869
0 5495
0 8288
0 4300
0 4826
0 9216
0 4749
0 4898
0 9453
0 16384
0 11234
0 11442
0 6063
0 4758
0 5952
0 7662
0 12691
0 13844
0 6537
0 5908
0 4130
0 6676
0 6622
0 6071
0 9815
0 7340
0 10607
0 8841
0 4553
0 4354
0 8118
0 4405
0 4466
0 4733
0 4692
0 8109
0 8110
0 7300
0 5062
0 5351
0 14275
0 10300
0 7085
0 9469
0 6529
0 5189
0 4666
0 14461
0 7437
0 7648
0 4299
0 5714
0 6354
0 11060
0 16384
0 16384
0 8538
0 4257
0 12201
0 8215
0 6477
0 16384
0 10227
0 4324
0 4920
0 6002
0 4362
0 16384
0 4297
0 5491
0 13076
0 6840
0 9491
0 5657
0 16384
0 4941
0 5498
0 4830
0 4287
0 5495
0 5422
0 5495
0 9502
0.131971 14094
0 11915
0 12473
0 6186
0 7496
0 6961
0 9266
0 9071
0 16384
0 5760
0 8551
0 8179
0 7837
0 8590
0 5097
0 4351
0 8070
0 14261
0 7831
0 8277
0 9428
0 5437
0 16129
0 5160
0 16384
0 10350
0 5911
0 4482
0 12440
0 12046
0 10421
0 9483
0 7314
0 6958
0 11834
0 4100
0 5272
0 5536
0 7948
0 5739
0 6827
0 9225
0 10949
0 5475
0 5434
0 4486
0 12275
0 4458
0 5225
0 5217
0 4151
0 10432
0 4494
0 4648
0 5619
0 7660
0 10121
0 11787
0 16384
0 11111
0 4149
0 16384
0 4781
0 13520
0 8955
0 4692
0 4587
0 6729
0 8118
0 7010
0 8313
0.718074 4299
1 7704
0 7200
0 6247
0 11799
0 10712
0 5143
0 16384
0 8172
0 10045
0 5910
0 5792
0 11124
0 5527
0 9614
0 4736
0 4203
0 5323
0 4142
0 6273
0 8813
0 11072
0 9946
0 16384
0 5005
0 13292
0 7486
0 5919
0 6546
0 4688
0 7031
0 11830
0 9737
0 6996
0 7964
0 11705
0 16384
0 6665
0 5889
0 15985
0 6629
0 8480
0 5366
0 6661
0 16384
0 16384
0 16384
0 6756
0 11411
0 4468
0 12765
0 7246
0 16384
0 4606
0 14230
0 8814
0 16384
0 8105
0 4394
0 11463
0 11947
0 4856
0 7143
0 10501
0 6188
0 16384
0 9058
0 9480
0 5564
0 16384
0 7754
0 9724
0 5850
0 4712
0 16384
0 5490
0 7298
0 4200
0 4924
0 9903
0 8286
0 4596
0 6381
0 7494
0 16384
0 10635
0 5624
0 4166
0 5511
0 12978
0 5122
0 11333
0 7438
0 4493
0 11976
0 6664
0 12598
0 7955
0 16384
0 8737
0 8881
0 10373
0 4868
0 14916
0 4418
0 14119
0 12573
0 16384
0 4234
0 10333
0 5542
0 10404
0 4154
0 4384
0 5422
0 9752
0 8735
0 13432
0 7696
0 4985
0 7790
0 16384
0 8377
0 16384
0 5228
0 10029
0 5474
0 9696
0 7297
0 16384
0 16384
0 16384
0 4837
0 10960
0 8713
0 11564
0 5099
0 7842
0 12660
0 14136
0 8579
0 7201
0 11704
0 9333
0 5235
0 9090
0 12557
0 5516
0 4177
0 16384
0 7814
0 5932
0 11727
0 9387
0 5513
0 8019
0 6209
0 9716
0 5406
0 10690
0 12272
0 13263
0 4345
0 12422
0 8585
0 12040
0.154954 13888
1 8217
0 16384
0 4657
0 4152
0 8026
0 9224
0 7776
0.272339 16384
1 6610
1 5328
0 16384
0 10455
0 6972
0 8921
0 11784
0 4473
0 16384
0 8466
0 16384
0 4504
0 6987
0 5087
0 16384
0 5187
0 4815
0 6870
0 6411
0 9680
0 16384
0 5354
0 4646
0 14404
0 11150
0 4289
0 6083
0 5128
0 4739
0 8729
0 8175
0 5266
0 11914
0 11701
0 5029
0 4938
0 7352
0 4900
0 6573
0 15082
0 10937
0 11470
0 8663
0 13119
0 6410
0 16384
0 11282
0 6971
0 11673
0 14628
0 16384
0 4711
0 6977
0 4146
0 16384
0 5071
0 5382
0 7011
0 16384
0 16384
0 5782
0 16384
0 13406
0 11128
0 4202
0 16384
0 7787
0 5468
0 5351
0 9596
0 16384
0 5641
0 9244
0 8671
0 16384
0 6160
0 12921
0 10641
0 6937
0 4586
0 6548
0 4670
0.439757 7727
1 14043
0 16384
0 5587
0 5307
0 10746
0 5699
0 15327
0 9518
0 4539
0 4906
0 13739
0 5987
0 5809
0 9599
0 6944
0 5066
0 5545
0 16384
0 12720
0 6154
0 5654
0 6833
0 4792
0 6684
0 9839
0 16384
0 15417
0 4126
0 6483
0 4128
0 11182
0 7186
0 5034
0 6565
0 12848
0 4203
0 10841
0 10908
0 8864
0 5793
0 5309
0 4654
0 4592
0 4345
0 11001
0 11145
0 11661
0 11496
0.4846 11331
1 5004
0 9853
0 4518
0 6383
0 6496
0 6344
0 8675
0 5109
0 5162
0 14871
0.229838 4129
1 16207
0 9222
0 6918
0 6360
0 10221
0 10583
0.84082 16384
0 11510
0 4241
0 4146
1 7499
0 13805
0.975475 7421
0.0668335 16384
0 6442
0.455595 6846
0 6192
0 7348
0 5257
0 7932
0 7011
0 7171
0 9098
0 11303
0 7576
0 16384
0 8810
0 13836
0 7110
0 7398
0.604721 10633
0 4686
0 6953
0 6864
0 6772
0 14013
0 16384
0 5281
0 11508
0 4517
0 6699
0 4953
0 4530
0 4237
0 5027
0 7013
0 5799
0 4101
0 14464
0 5016
0 16384
0 11147
0 14446
0 4281
0 7616
0 7418
0 7778
0 8197
0 9317
0 9328
0 8203
0 4367
0 4539
0 9375
0 4657
0 16384
0 7230
0 4542
0 15022
0 9133
0 4916
0 8181
0 6927
0 16384
0 16367
0 7400
0 5655
0 16384
0 6034
0 6895
0 5258
0 11381
0 11842
0 16384
0 16384
0.911298 10338
1 6693
0 7294
0 9942
0 4558
0 4627
0 9279
0 4581
0 4368
0 5036
0 4451
0 7368
0 12620
0 5954
0.735151 5977
0.299438 16384
1 16384
1 4865
1 12419
0 5962
0 5565
0 14179
0 16384
0 7404
0 4646
0 9134
0 5760
0 4706
0 16384
0 9263
0 8505
0 4846
0 7317
0 10098
0 10827
0 8932
0 7230
0 14312
0 16384
0 8889
0 16384
0 5591
0 6870
0 16384
0 6663
0 15084
0 6482
0 6053
0 8374
0 5262
0 9361
0 8886
0 8245
0 8222
0 7283
0 16384
0 6990
0 16384
0 6203
0 7923
0 9327
0 7199
0 5889
0 9949
0 4526
0 13001
0 6386
0 7125
0 9391
0 4273
0 7394
0 4451
0 16384
0 16263
0 5344
0 10082
0 12454
0 4791
0 10762
0 13077
0 9730
0 4417
0 4423
0 12640
0 8358
0 4979
0 7047
0 6359
0 4783
0 11476
0 7189
0 9439
0 16384
0 4397
0 6710
0 7013
0 6419
0 14435
0 8899
0 5007
0 7077
0 7872
0 6483
0 16384
0 7370
0 16384
0 4395
0 4339
0 8583
0 6653
0 7531
0 7083
0 9473
0 7086
0 9961
0 16384
0 5024
0 12246
0 10663
0 6820
0 9261
0 11218
0 8498
0 5365
0 9864
0 4638
0 4877
0 16345
0 10769
0 10059
0 10549
0 9458
0 15455
0 8589
0 4524
0 8904
0 10570
0 6895
0 16384
0 7536
0 10177
0 5697
0 4316
0 5363
0 7683
0 7396
0 6532
0 6200
0 10810
0 4990
0 8646
0.884491 4649
0 4126
0 16384
0 5888
0 4708
0 5627
0 16384
0 8871
0 4474
0 5670
0.438592 7556
0 4266
0 12253
0 7632
0 5770
0 16384
0 12495
0 9176
0 12114
0 5397
0 10613
0 10000
0 16384
0 9950
0 14652
0.402919 8977
1 6116
0 4257
0 6110
0 8853
0 6847
0 4366
0 10265
0 4593
0 8116
0 4614
0 7628
0 6144
0.878779 9759
1 6424
0 8771
0 16368
0 14329
0.911124 8360
0 6248
0 6499
0.171447 4602
0 7508
0 16384
0 6177
0 8560
0 4764
0 8500
0 4198
0 6323
0 6693
0.562916 15457
0 4723
0 14538
0 4430
0 7296
0 9572
0 5710
0 4111
0 5416
0 7455
0 5634
0 8744
0 7875
0 5781
0 5899
0 9022
0 16384
0 16384
0 12697
0 7185
0 6976
0 8540
0 5403
0 5947
0 10243
0 16384
0 10089
0.199478 16082
0 4280
0.255331 12756
0 5389
0 5054
0 7152
0 5569
0 13610
0 4891
0 12423
0 6656
0 10399
0 6600
0 10934
0 15772
0 4536
0 6400
0 6944
0 11465
0.593237 4998
0 5747
0.909881 10930
0 9568
0 5687
0 5556
0.621305 8017
0 4104
0.604493 9393
0 9709
0 4190
0 9060
0 4333
0 10462
0 4741
0 14066
0 16384
0 5281
0 7833
0 6563
0 5618
0 16384
0 5059
0 4775
0 10522
0 5050
0 7923
0 10934
0 14002
0 4699
0 8610
0 5148
0 5507
0 12739
0 5997
0 16384
0 7581
0 6133
0 8316
0 6050
0 9290
0 5155
0 6296
0 11223
0 10622
0 15091
0 8506
0 9213
0 9945
0 4165
0 9577
0 4919
0 16384
0 5084
0 16384
0 4115
0 9541
0 4491
0 4994
0 4576
0 10905
0 5424
0 6130
0 10699
0 8213
0 16384
0 5290
0 6962
0.583862 16384
0 7711
0 5125
0 6440
0 6138
0 16384
0 6652
0 11106
0 12040
0 9571
0 16384
0 7227
0.907573 12399
0 11085
0 9406
0 4900
0 10078
0 6424
0 9753
0 6947
0 6845
0 8294
0 4537
0 5412
0 8451
0 7612
0 8138
0 4691
0 7924
0 4228
0 14603
0 16384
0 16384
0 8844
0 4284
0 7275
0 5097
0 11141
0 7637
0 4239
0 8883
0 16384
0 11313
0 5696
0 10164
0 6863
0.475735 8675
0 4152
0 4416
0 14107
0 6690
0 4471
0 6803
0 11191
0 4626
0 6956
0 8975
0 6927
0 8962
0 4112
0 11272
0 10427
0 11489
0 7815
0 13430
0.894639 10706
0 5282
0 16384
0 10783
0 9859
0 16384
0 11541
0 16374
0 6652
0 7542
0 4300
0 8900
0 5129
0 7519
0 8830
0.17687 13247
0 4132
0 7676
0.416391 4832
1 11881
0 5389
0 6520
0 7487
0 11265
0 4138
0 4102
0 4408
0 14250
0 5720
0 8791
0 5470
0 6500
0 8997
0 7105
0 5459
0 5767
0 13337
0 4427
0 16384
0 8548
0 6770
0 9838
0 16384
0 4605
0 6502
0 5036
0 4471
0 9363
0 4507
0 16384
0 5648
0 12855
0 7882
0 7771
0 16384
0 4360
0 10984
0 16020
0 12188
0 16384
0 9827
0 10247
0 16384
0 9376
0 7256
0 4419
0 4316
0 5077
0 4319
0 5888
0 5086
0 4671
0 7147
0 8756
0 5007
0 6874
0 13239
0 4852
0.326121 13311
0 16384
0 5908
0 16150
0 6737
0 10583
0 8822
0 11488
0 9123
0 6428
0 16384
0 4668
0 10663
0 16384
0 6060
0 6467
0 12496
0 4449
0 16384
0 11482
0 8470
0 8514
0 7651
0 4139
0 6846
0 15262
0 7583
0.54018 11635
0.664612 16384
0 5339
0 4242
0.502625 16384
0 6877
0 7488
0 7861
0 4108
0 5968
0 9949
0 16384
0 5843
0 16384
0.000549316 16384
1 16384
0.875549 16384
0 16384
0 11247
0 10907
0 4142
0 8763
0 11150
0 11273
0 16384
0 10344
0 6979
0 14423
0 11383
0 4644
0 8696
0 5925
0 4860
0 6520
0 11478
0 7697
0 5122
0 7630
0 16384
0 5583
0 8163
0 5269
0 5872
0.757643 14066
1 10864
1 7290
0 7489
0 11269
0 4376
0 5025
0 6574
0 12810
0.0483292 12539
1 7554
0.163441 14727
0 5628
0.542341 4818
1 9431
1 6550
1 8076
1 10337
1 8908
1 10462
1 4538
0.826451 9686
1 11427
1 9454
1 9217
1 10766
1 16384
0.332623 8442
1 8591
0.852251 13462
1 6150
0.472032 9904
1 13987
0 10223
0 5062
0 16384
0 11415
0 5956
0 5224
0 5177
0 11235
0 13017
0 12831
0 9080
0.896179 16384
0.512793 16102
1 6875
0 5224
0 4639
0.586388 5128
1 6114
1 10019
1 5069
0.862669 13857
0.928878 11895
0 5601
0.703735 16384
0 6145
0 9683
0 5820
0 9858
0 6836
0 5911
0.0266393 4392
1 8057
1 6245
0 6574
0 7455
0 6179
0 6285
0 8026
0 12947
0 4978
0 16204
0 8195
0 5760
0 5803
0 5580
0 8152
0 5258
0 6744
0 6428
0 4974
0.0745624 4399
1 7087
0 16384
0 10941
0 16384
0 5141
0 9587
0 9688
0 5773
0 9043
0.491288 11364
0 13454
0 8138
0 9672
0 16384
0 15890
0 12252
0 9096
0 14662
0 16384
0 5931
0 16384
0 4770
0 7933
0 13160
0 10029
0 4527
0 16384
0 6685
0 4185
0 16384
0 10196
0.941245 6042
1 9311
0 6800
0 5561
0 8184
0 4830
0 7327
0 5433
0 7570
0 13695
0 6479
0 4219
0 10569
0 4640
0 13428
0 5261
0 15464
0 4126
0 6234
0 10417
0.827506 8151
0 7204
0 9127
0.085144 16384
1 5081
0 10118
0 5689
0 5112
0 7075
0 7573
0 9611
0 4510
0 11750
0 6983
0 11010
0 6201
0 12904
0 7912
0 10563
0 11848
0 6848
0 7189
0 13694
0 6133
0 4475
0.72404 5287
1 12004
0 4768
0 6456
0 10096
0 13607
0 5719
0 11354
0 4967
0 9230
0 11278
0 5582
0.692654 13096
1 4135
0 9134
0.865049 12775
1 13696
0 6005
0 6986
0 10088
0 8991
0 7628
0 15630
0 16384
0 4163
0 4210
0 16384
0 16384
0 6745
0 6330
0 7496
0 16384
0 16384
0.315637 6574
1 4476
0 4772
0 8158
0 4485
0.807233 10038
1 8859
0 9777
0 6429
0 16384
0.604522 9376
0 8463
0 4840
0 6325
0 10363
0.0202026 16384
1 7992
0 4216
0 8321
0 5926
0 14630
0 4877
0.67749 16384
0 9537
0 9253
0 4214
0.763151 11653
0 5677
0 5512
0 16384
0 4196
0 7694
0 4184
0 4927
0 14774
0.471741 16384
1 4100
1 16384
1 16384
1 5133
1 16384
0 8506
0 16384
0.679443 16384
0.623122 12577
0 4787
0 4781
0 14122
0 4510
0.159918 10668
1 16384
0.501404 16384
1 16384
1 16384
0.666448 10676
0 5927
0 9849
0 6250
0 12976
0 8482
0 10336
0 7069
0 4434
0 7198
0 5882
0 7662
0 6061
0 8813
0 16384
0 16384
0 6692
0 7609
0 10977
0 4755
0 8481
0 13026
0 5906
0 10485
0 9315
0 16384
0 10665
0 6744
0 4552
0 8337
0 8048
0 4482
0 6715
0 10539
0 4274
0 6673
0 15464
0 5992
0 16384
0 5199
0 9179
0 13284
0 5739
0 7747
0 7821
0 7879
0 10440
0 9800
0 8737
0 9273
0 6625
0 6801
0 8782
0 5393
0 10798
0 16384
0 16384
0 16384
0 16384
0.468429 4577
1 7720
1 7357
0 5968
0 6171
0 9358
0 13031
0 13188
0 10943
0 4573
0 8195
0 11256
0.836069 8406
0 5095
0 9864
0 5035
0 8100
0 5544
0 9836
0 16384
0 6090
0 6244
0 16384
0 6633
0 11697
0 6559
0 7900
0 6689
0 7714
0 5676
0 9617
0 15160
0 8383
0 6790
0 11045
0 4432
0 12964
0 14981
0 6899
0 14763
0 6579
0 5278
0 11002
0 4871
0 4163
0 5022
0 6520
0 16384
0 9231
0 12127
0 16384
0 9671
0 9772
0 14552
0 8814
0 4261
0 4598
0 11495
0 4194
0 15166
0 16384
0 16384
0 4230
0 4472
0 4766
0 12003
0 5740
0 6892
0 7127
0 5553
0 4752
0 9290
0 8103
0 11568
0 13252
0 16384
0 16384
0 4901
0 10725
0 4765
0 6187
0 7815
0 6334
0 12302
0 16384
0 6217
0 4619
0 9674
0 9787
0 4356
0 12053
0 9540
0 12345
0 9245
0 9061
0 4122
0 8150
0 8301
0 6042
0 4381
0 16384
0 6990
0 10431
0 4945
0 8244
0 8540
0.0348467 10044
0.0312214 7655
1 13087
0.950806 16384
1 16384
1 16384
1 16384
1 16384
1 4344
1 16384
1 4665
1 9436
0 11415
0 11769
0 8968
0 11427
0 5399
0 6491
0 11891
0 16384
0 6053
0 10827
0 15395
0 8499
0 15282
0 16384
0 4673
0 12372
0 4324
0 4800
0 6372
0 4233
0 15635
0 11578
0 16384
0 11705
0 5409
0 12948
0 4226
0 10623
0 4900
0 10328
0 8713
0 5473
0 16017
0 5514
0 15893
0 4451
0 5048
0 4301
0 11071
0 6186
0 12358
0 5614
0 5388
0 6090
0 4399
0 8926
0 7593
0 16384
0 9494
0 10017
0 6220
0 16384
0 4838
0 8855
0 4393
0 10044
0 16272
0 13800
0 13994
0 10547
0 16384
0 16384
0 5621
0 7851
0 6295
0 7995
0 8555
0 16384
0 7137
0 8368
0 7519
0 6230
0 8035
0 5966
0 4572
0 8707
0 4710
0 11005
0 4241
0 7733
0 6518
0 4759
0 4223
0 9401
0 12601
0 11821
0 5915
0 16384
0 5182
0 14602
0 5531
0 6541
0 10838
0 5672
0 7695
0 12684
0 12627
0 6532
0 8781
0 4536
0 4533
0 5779
0 4559
0 8013
0 4105
0 16384
0 9070
0 4134
0 6961
0 4634
0 16226
0 4591
0 5692
0 7018
0 5037
0 6053
0 4559
0 5352
0 5157
0 5240
0 8788
0 11324
0 7189
0 6726
0 16384
0 10837
0 4950
0 4957
0 4206
0 14915
0 11367
0 8447
0 10750
0 6042
0 8419
0 5858
0 4349
0 7792
0 16384
0 5152
0 5145
0 5874
0 10311
0 8093
0 9895
0 5703
0 8995
0 6360
0 11918
0 12139
0 5941
0 16384
0 4291
0 6585
0 5667
0 12591
0 8248
0 7853
0 4140
0 5625
0 7781
0 4399
0 5407
0 16384
0 6862
0 5130
0 7307
0 5290
0 16384
0 9444
0 16082
0 4236
0 16384
0 6650
0 16384
0 10664
0 10213
0 9464
0 11288
0 7427
0 5546
0 9790
0 6985
0 4253
0 10615
0 10489
0 5031
0 6506
0 4994
0 16384
0 5542
0 6237
0 6796
0 16384
0 5566
0 4442
0 9792
0 7678
0 6363
0 14447
0 10311
0 15385
0 16384
0 14008
0 4790
0 6700
0 10655
0 7798
0 6757
0 5104
0 6289
0 10146
0 8413
0 4397
0 8046
0 9283
0 9492
0 9815
0 10696
0 5438
0 7151
0 4833
0 4316
0 4536
0 12525
0 4440
0 16384
0 4103
0 5277
0 13921
0 5565
0 7090
0 6960
0 6013
0 5494
0 16384
0 11739
0 16384
0 16384
0 4383
0 13544
0 9235
0.297124 7162
0 7555
0 13477
0 6686
0 9063
0 16384
0 7805
0 7229
0 16384
0 13474
0 14571
0 11413
0 13057
0 6105
0 4117
0 16384
0 5995
0 5058
0 4487
0 5646
0 5273
0 10740
0 8443
0 12999
0 8399
0 14559
0 7590
0 4830
0 6721
0 6630
0 5055
0 8276
0 6433
0 5597
0 5258
0 13065
0 14666
0 4588
0 9901
0 16384
0 6576
0 16384
0 6924
0 6177
0 4965
0 9069
0 16384
0 5572
0 6143
0 8993
0 16384
0 13732
0 5109
0 6969
0 16384
0 16384
0 4450
0 11577
0 6759
0 8308
0 5911
0 7374
0 14664
0 7106
0 12371
0 5356
0 16384
0 5801
0 4727
0 9865
0 5625
0 7853
0 16384
0 4380
0 5755
0 5228
0 9288
0 5785
0 10289
0 10838
0 5510
0 5284
0 16384
0 6815
0 6934
0 5856
0 4658
0 4587
0 12647
0 5102
0 5016
0 15463
0 9733
0 8142
0 10215
0 16384
0 14008
0 13603
0 8549
0 4549
0 4304
0 4301
0 6840
0 5299
0 5281
0 9304
0 10158
0 4647
0 8840
0 9443
0 14094
0 6735
0 15863
0 11750
0 7966
0 6075
0 9615
0 7508
0 6008
0 8764
0 8788
0 13222
0 7114
0 5566
0 4730
0 13704
0 4524
0 7615
0 4489
0 4973
0 16384
0 4756
0 9507
0 9197
0 9571
0 6851
0 8270
0 5222
0 6453
0 5877
0 5470
0 6810
0 11984
0 4683
0 14613
0 8734
0 5791
0 8080
0 4481
0 8107
0 11104
0 4760
0 9305
0 4405
0 9817
0 6824
0 16384
0 6712
0 15450
0 16384
0 10676
0 5613
0 9252
0 11278
0 12510
0 4612
0 6721
0 4489
0 8944
0 13311
0 16384
0 4982
0 14689
0 6340
0 16384
0 7218
0 4653
0 4537
0 7564
0 4396
0 6854
0 7056
0 5153
0 5896
0 6211
0 5968
0 7786
0 5826
0 6013
0 5635
0 9731
0 9962
0 10579
0 4157
0 4119
0 12149
0 4835
0 16384
0 16384
0 4281
0 4933
0 13562
0 15128
0 5313
0 10589
0 9189
0 9584
0 15505
0 5944
0 8309
0 12031
0 16384
0 4484
0 6149
0 8703
0 4600
0 4835
0 9754
0 14212
0 16384
0 8292
0 4186
0 16384
0 15659
0 16384
0 12196
0 10191
0 5819
0 10340
0 4316
0 4694
0 4907
0 9770
0 5023
0 6129
0 4205
0 13235
0 4137
0 5572
0 5802
0 16384
0 4885
0 8260
0 6530
0 10564
0 16384
0 10931
0 4995
0 6903
0 10145
0 11136
0 10818
0 4113
0 16384
0 4979
0 8727
0 14500
0 16384
0 4141
0 9278
0 14622
0 8516
0 16384
0 6761
0 8240
0 4292
0 6465
0 5437
0 6455
0 6318
0 6621
0 4920
0 5651
0 6854
0 8320
0 6847
0 7950
0 12892
0 13988
0 13960
0 14036
0 4944
0 9230
0 6668
0 13786
0 12248
0 16384
0 7305
0 16384
0 16384
0 7740
0 6108
0 7956
0 14161
0 5418
0 6231
0 10448
0 8243
0 7282
0 8292
0 7745
0 4205
0 9883
0 9142
0 6248
0 5142
0 7771
0 5902
0 12562
0 9068
0 9477
0 4884
0 16384
0 5861
0 10589
0 15031
0 7098
0 4114
0 6306
0 5805
0 10333
0 7174
0 16384
0 12118
0 7465
0 16384
0 16384
0 10220
0 5791
0 6924
0 8146
0 4656
0 5074
0 12718
0 16384
0 4107
0 16384
0 12658
0 16296
0 16384
0 5082
0 8345
0 16384
0 6269
0 6861
0 16384
0 4380
0 16384
0 9538
0 8687
0 12334
0 16384
0 16384
0 8432
0 7298
0 6725
0 12772
0 4471
0 10128
0 5408
0 4128
0 9276
0 4525
0 4183
0 12091
0 6014
0 12620
0 6310
0 6594
0 5051
0 4108
0 7736
0 11200
0 6412
0 8070
0 14189
0 10875
0 6890
0 12998
0 7606
0 6402
0 16384
0 8220
0 10575
0 6137
0 10683
0 4265
0 6827
0 16384
0 10688
0 7290
0 5361
0 5296
0 4124
0 7727
0 6435
0 13921
0 14153
0 7117
0 4202
0 6591
0 8052
0 10852
0 8011
0 6263
0 9136
0 16384
0 4526
0 5039
0 10424
0 9277
0 9549
0 5838
0 7664
0 10238
0 6742
0 6192
0 5669
0 7968
0 5971
0 7650
0 5018
0 8427
0 16384
0 9290
0 4818
0 4249
0 5760
0 16384
0 7345
0 7582
0 13081
0 13430
0 11295
0 16384
0 6568
0 10911
0 9136
0 4801
0 6949
0 6489
0 6060
0 16384
0 10869
0 4455
0 9185
0 16384
0 4356
0 8147
0 6052
0 6240
0 12006
0 15307
0 6358
0 13335
0 10821
0 8437
0 8358
0 12596
0 6387
0 13957
0 10658
0 16384
0 16384
0 4743
0 12188
0 6734
0 7231
0 13630
0 13814
0 6960
0 5356
0 12136
0 7118
0 4129
0 8572
0 6843
0 9349
0 4742
0 6903
0 14514
0 4401
0 11212
0 6381
0 4834
0 4974
0 12030
0 4308
0 6376
0 9285
0 6120
0 5904
0 16384
0 7897
0 6931
0 5943
0 7774
0 4562
0 5921
0 9089
0 16384
0 5507
0 12779
0 13578
0 10862
0 8552
0 4341
0 5625
0 9787
0 7450
0 5246
0 16384
0 6694
0 15562
0 7949
0 13860
0 16384
0 11514
0 5937
0 10944
0 10129
0 4404
0 7628
0 5880
0 6196
0 4363
0 6646
0 5039
0 4998
0 4754
0 16384
0 5211
0 5459
0 6656
0 14326
0 12027
0 8614
0 5209
0 11257
0 6706
0 10504
0 7040
0 4631
0 4150
0 8320
0 9751
0 7428
0 16384
0 5154
0 6323
0 9114
0 5924
0 8371
0 16152
0 6245
0 15297
0 4903
0 9762
0 12947
0 5213
0 9534
0 10509
0 16384
0 7827
0 5663
0 12534
0 6334
0 9285
0 12001
0 10308
0 8507
0 12219
0 5860
0 5608
0 9158
0 5191
0 6497
0 5242
0 4253
0 8175
0 5948
0 6268
0 14157
0 4438
0 4711
0 4510
0 6974
0 4682
0 7969
0 7561
0 8518
0 13741
0 5868
0 11016
0 16384
0 8542
0 6928
0 4105
0 4297
0 16384
0 4844
0 7260
0 16384
0 6322
0 4121
0 6166
0 5234
0 9646
0 4137
0 9027
0 9584
0 5178
0 4643
0 10710
0 11090
0 11790
0 4772
0 5445
0 7634
0 14405
0 12272
0 4637
0 11778
0 15483
0 16384
0 8424
0 16384
0 8439
0 16384
0 7961
0 10572
0 5829
0 5332
0 6707
0 14205
0 5593
0 15408
0 8409
0 14068
0 9936
0 16384
0 4421
0 8884
0 7012
0 9264
0 5018
0 4853
0 6908
0 11844
0 7093
0 4240
0 6050
0 11461
0 13696
0 6077
0 7901
0 8658
0 13716
0 12224
0 4224
0 4271
0 4915
0 12658
0 7350
0 10024
0 6919
0 16384
0 7070
0 16384
0 10635
0 7280
0 6481
0 16384
0 5502
0 13046
0 14691
0 4895
0 10017
0 11918
0 5604
0 5262
0 4102
0 10301
0 5412
0 4186
0 4474
0 5946
0 5405
0 4707
0 5806
0 4365
0 8521
0 4464
0 4693
0 6535
0 13014
0 16384
0 16384
0 6578
0 6639
0 16384
0 16384
0 16384
0 13039
0 4667
0 7079
0 8435
0 4634
0 5590
0 11168
0 5782
0 11608
0 6959
0 4253
0 8842
0 7991
0 10229
0 6322
0 5249
0 9022
0 4157
0 5427
0 5875
0 5184
0 6254
0 12097
0 4200
0 16384
0 13329
0 6536
0 7416
0 16384
0 6419
0 5010
0 12490
0 4238
0 9672
0 5582
0 6067
0 5252
0 13512
0 8808
0 5280
0 6733
0 14193
0 4873
0 9682
0 13120
0 4165
0 8009
0 6386
0 16384
0 5903
0 9743
0 6946
0 10071
0 16384
0 8310
0 6932
0 16384
0 7389
0 5112
0 16384
0 13205
0 4432
0 10452
0 9815
0 14107
0 12875
0 7371
0 6525
0 4838
0 16384
0 14483
0 5124
0 6031
0 5987
0 5213
0.278267 7270
0 12560
0 7514
0 16384
0 5032
0 4841
0 4442
0.382523 9853
1 4842
0.35346 5217
1 8146
0.453491 16384
0.859591 5427
0.691123 14734
0 6373
0 8333
0.800354 16384
1 4975
1 4926
1 9606
0 5044
0 8954
0 5026
0.708097 14265
0.82969 9835
0.038229 11745
1 8437
0.881486 15745
1 12522
1 8775
0.59649 11110
1 7239
0.303123 4899
0 4564
0 12748
0 14422
0.717896 16384
1 9534
1 14725
1 4504
0.733678 4840
1 11524
0 7860
0.588698 10688
1 11569
0 4978
0 7814
0 8466
0 7437
1 8158
0 6522
0 8237
0.232959 5516
0 8436
0 6364
0 4670
0 4673
0 10189
0.0905583 8293
1 4172
0 5223
0 4657
0 4832
0 4689
0 6541
0 5245
0 6525
0 12344
0 9687
0.235751 13650
1 4960
0.019113 10778
1 5369
0 16384
0.278807 11438
0 13781
0 10421
0 6553
0 6886
1 5725
0 6348
0 9818
0.27592 13011
1 16384
1 6547
1 12650
0.381327 8654
0 7342
1 16384
0 6956
0 4406
0 15765
0 16384
0 9335
0 8502
0 8356
0 6275
0 4546
0 8772
0 11650
0 10831
0 13056
0 13768
0 5660
0 6108
0 8544
0 5345
0.529961 9846
0.564941 16384
1 4946
1 16384
1 7395
0.987427 16384
0.959552 5093
1 16384
1 9047
1 8324
0.0400391 16384
1 14484
0 4739
0.268151 7052
1 16384
0 5535
0.73915 8825
0 8018
0 4904
0 4850
0.85505 5733
1 8813
0.618718 11860
1 14980
0 4965
0.0276421 7778
1 14855
0 6608
0 14916
0.910769 8831
1 9325
1 8310
0.429482 12862
0 4288
0 16384
0 9951
0.713175 10421
1 9083
0 4248
0 6038
0.610718 16384
1 10740
1 6444
0.887612 12012
0 8537
0.826512 10335
1 5076
0.891517 5835
1 7051
0.325642 8494
1 16384
0.400643 6220
1 7421
1 16384
1 7036
1 12057
1 10297
0 9942
0 8161
0.43457 16384
0.0378752 10693
1 10793
0 14841
0 5202
0 9987
0 4159
0 4290
0 9917
0 4582
0.50257 9728
0 5821
0 16384
0 11737
0.654297 16384
0.848341 13715
0 16384
0 7573
0 4353
0 12300
0.414634 6355
0 5509
0.0323284 5506
1 10131
1 12269
0 7292
0 16384
0 15871
0.906696 8767
0 4470
0 6190
0 5174
1 9047
0 7325
0 8036
0 4815
0 16384
0 6914
0 14599
0 6667
0 6136
0 9845
0 4596
0 6012
0 5373
0 4877
0 4643
0 8809
0 5866
0.517437 6509
1 9289
1 7466
1 5517
0.692751 7642
1 5290
1 12071
0 5963
0 4191
0 5790
0 8953
0 4897
